id,date,hours,minutes,temperatureC,humidityporc,temperatureC2,humidityporc2
446404,2026-05-01,20,05,24.8,62,22.4,61.0
446405,2026-05-01,20,06,24.8,62,22.4,61.0
446406,2026-05-01,20,07,24.8,62,22.4,61.0
446407,2026-05-01,20,08,24.8,62,22.4,61.0
446408,2026-05-01,20,09,24.8,62,22.4,61.0
446409,2026-05-01,20,10,24.8,62,22.4,61.0
446410,2026-05-01,20,11,24.8,62,22.4,61.0
446411,2026-05-01,20,12,24.8,62,22.4,61.0
446412,2026-05-01,20,13,24.8,62,22.4,61.0
446413,2026-05-01,20,14,24.8,62,22.4,61.0
446414,2026-05-01,20,15,24.8,62,22.3,61.0
446415,2026-05-01,20,16,24.8,62,22.3,61.0
446416,2026-05-01,20,17,24.8,62,22.3,61.0
446417,2026-05-01,20,18,24.8,62,22.3,61.0
446418,2026-05-01,20,19,24.8,62,22.3,61.0
446419,2026-05-01,20,20,24.8,63,22.3,61.0
446420,2026-05-01,20,21,24.8,62,22.3,61.0
446421,2026-05-01,20,22,24.8,62,22.3,61.0
446422,2026-05-01,20,23,24.8,63,22.3,61.0
446423,2026-05-01,20,24,24.8,62,22.3,61.0
446424,2026-05-01,20,25,24.8,63,22.3,61.0
446425,2026-05-01,20,26,24.8,62,22.3,61.0
446426,2026-05-01,20,27,24.8,62,22.3,61.0
446427,2026-05-01,20,28,24.8,62,22.3,61.0
446428,2026-05-01,20,29,24.8,62,22.3,61.0
446429,2026-05-01,20,30,24.8,62,22.3,61.0
446430,2026-05-01,20,31,24.8,62,22.3,61.0
446431,2026-05-01,20,32,24.8,62,22.2,61.0
446432,2026-05-01,20,33,24.6,62,22.2,61.0
446433,2026-05-01,20,34,24.5,62,22.1,61.0
446434,2026-05-01,20,35,24.5,62,22.0,61.0
446435,2026-05-01,20,36,24.5,62,22.0,61.0
446436,2026-05-01,20,37,24.5,62,22.0,61.0
446437,2026-05-01,20,38,24.5,62,22.0,61.0
446438,2026-05-01,20,39,24.5,62,22.0,61.0
446439,2026-05-01,20,40,24.5,62,22.0,61.0
446440,2026-05-01,20,41,24.5,62,22.0,61.0
446441,2026-05-01,20,42,24.5,62,21.9,61.0
446442,2026-05-01,20,43,24.5,62,21.9,61.0
446443,2026-05-01,20,44,24.5,62,21.9,61.0
446444,2026-05-01,20,45,24.5,62,21.9,61.0
446445,2026-05-01,20,46,24.5,62,21.9,61.0
446446,2026-05-01,20,47,24.5,62,21.9,61.0
446447,2026-05-01,20,48,24.5,62,21.9,61.0
446448,2026-05-01,20,50,24.5,62,21.9,61.0
446449,2026-05-01,20,51,24.5,62,21.9,61.0
446450,2026-05-01,20,52,24.5,62,21.9,61.0
446451,2026-05-01,20,53,24.5,62,21.8,61.0
446452,2026-05-01,20,54,24.5,62,21.8,61.0
446453,2026-05-01,20,55,24.5,62,21.8,61.0
446454,2026-05-01,20,56,24.5,62,21.8,61.0
446455,2026-05-01,20,57,24.5,62,21.8,61.0
446456,2026-05-01,20,58,24.5,62,21.8,61.0
446457,2026-05-01,20,59,24.5,62,21.8,61.0
446458,2026-05-01,21,00,24.5,62,21.8,61.0
446459,2026-05-01,21,01,24.5,62,21.8,61.0
446460,2026-05-01,21,02,24.5,62,21.8,61.0
446461,2026-05-01,21,03,24.5,62,21.8,61.0
446462,2026-05-01,21,04,24.5,62,21.8,61.0
446463,2026-05-01,21,05,24.5,62,21.8,61.0
446464,2026-05-01,21,06,24.5,62,21.8,61.0
446465,2026-05-01,21,07,24.5,62,21.8,61.0
446466,2026-05-01,21,08,24.5,62,21.8,61.0
446467,2026-05-01,21,09,24.5,62,21.8,61.0
446468,2026-05-01,21,10,24.5,62,21.8,60.0
446469,2026-05-01,21,11,24.5,62,21.8,60.0
446470,2026-05-01,21,12,24.5,61,21.8,60.0
446471,2026-05-01,21,13,24.5,61,21.8,60.0
446472,2026-05-01,21,14,24.5,61,21.8,60.0
446473,2026-05-01,21,15,24.5,61,21.8,60.0
446474,2026-05-01,21,16,24.5,61,21.8,60.0
446475,2026-05-01,21,17,24.5,62,21.8,60.0
446476,2026-05-01,21,18,24.5,61,21.8,60.0
446477,2026-05-01,21,19,24.5,62,21.7,61.0
446478,2026-05-01,21,20,24.5,62,21.7,61.0
446479,2026-05-01,21,21,24.5,62,21.7,61.0
446480,2026-05-01,21,22,24.5,62,21.7,61.0
446481,2026-05-01,21,23,24.5,62,21.7,61.0
446482,2026-05-01,21,24,24.5,62,21.7,61.0
446483,2026-05-01,21,25,24.5,62,21.7,61.0
446484,2026-05-01,21,26,24.5,62,21.7,61.0
446485,2026-05-01,21,27,24.5,62,21.7,61.0
446486,2026-05-01,21,28,24.5,62,21.7,61.0
446487,2026-05-01,21,29,24.5,62,21.7,61.0
446488,2026-05-01,21,30,24.5,62,21.7,61.0
446489,2026-05-01,21,31,24.5,62,21.7,61.0
446490,2026-05-01,21,32,24.5,62,21.7,61.0
446491,2026-05-01,21,33,24.4,62,21.7,61.0
446492,2026-05-01,21,34,24.2,62,21.6,61.0
446493,2026-05-01,21,35,24.2,62,21.6,61.0
446494,2026-05-01,21,36,24.2,61,21.5,61.0
446495,2026-05-01,21,37,24.1,61,21.5,60.0
446496,2026-05-01,21,38,24.1,61,21.5,60.0
446497,2026-05-01,21,39,24.1,61,21.5,60.0
446498,2026-05-01,21,40,24.1,62,21.5,61.0
446499,2026-05-01,21,41,24.1,61,21.5,61.0
446500,2026-05-01,21,42,24.1,62,21.5,61.0
446501,2026-05-01,21,43,24.1,62,21.5,61.0
446502,2026-05-01,21,44,24.1,62,21.5,61.0
446503,2026-05-01,21,45,24.1,62,21.5,61.0
446504,2026-05-01,21,46,24.1,61,21.5,61.0
446505,2026-05-01,21,47,24.1,62,21.5,61.0
446506,2026-05-01,21,48,24.1,62,21.5,61.0
446507,2026-05-01,21,49,24.1,61,21.5,61.0
446508,2026-05-01,21,50,24.1,62,21.4,61.0
446509,2026-05-01,21,51,24.1,62,21.4,61.0
446510,2026-05-01,21,52,24.1,62,21.4,61.0
446511,2026-05-01,21,53,24.1,62,21.4,61.0
446512,2026-05-01,21,54,24.1,62,21.4,61.0
446513,2026-05-01,21,55,24.1,62,21.4,61.0
446514,2026-05-01,21,56,24.1,62,21.4,61.0
446515,2026-05-01,21,57,24.1,62,21.4,61.0
446516,2026-05-01,21,58,24.1,62,21.4,61.0
446517,2026-05-01,22,00,24.1,61,21.4,61.0
446518,2026-05-01,22,01,24.1,61,21.4,60.0
446519,2026-05-01,22,02,24.1,61,21.3,60.0
446520,2026-05-01,22,03,24.1,61,21.3,60.0
446521,2026-05-01,22,04,24.1,61,21.3,60.0
446522,2026-05-01,22,05,24.1,61,21.3,60.0
446523,2026-05-01,22,06,24.1,61,21.3,60.0
446524,2026-05-01,22,07,24.1,61,21.3,60.0
446525,2026-05-01,22,08,24.1,61,21.3,60.0
446526,2026-05-01,22,09,24.1,61,21.3,60.0
446527,2026-05-01,22,10,24.1,61,21.3,60.0
446528,2026-05-01,22,11,24.1,61,21.3,60.0
446529,2026-05-01,22,12,24.1,61,21.3,60.0
446530,2026-05-01,22,13,24.1,61,21.3,60.0
446531,2026-05-01,22,14,24.1,61,21.3,60.0
446532,2026-05-01,22,15,24.1,61,21.3,60.0
446533,2026-05-01,22,16,24.1,61,21.3,60.0
446534,2026-05-01,22,17,24.1,61,21.3,60.0
446535,2026-05-01,22,18,24.1,61,21.3,60.0
446536,2026-05-01,22,19,24.1,61,21.3,60.0
446537,2026-05-01,22,20,24.1,61,21.3,60.0
446538,2026-05-01,22,21,24.1,61,21.3,60.0
446539,2026-05-01,22,22,24.1,61,21.3,60.0
446540,2026-05-01,22,23,24.1,61,21.3,60.0
446541,2026-05-01,22,24,24.1,61,21.2,61.0
446542,2026-05-01,22,25,24.0,61,21.2,61.0
446543,2026-05-01,22,26,23.8,61,21.1,61.0
446544,2026-05-01,22,27,23.8,61,21.0,61.0
446545,2026-05-01,22,28,23.8,61,21.0,61.0
446546,2026-05-01,22,29,23.8,61,21.0,61.0
446547,2026-05-01,22,30,23.8,61,21.0,61.0
446548,2026-05-01,22,31,23.8,61,21.0,61.0
446549,2026-05-01,22,32,23.8,61,21.0,61.0
446550,2026-05-01,22,33,23.8,61,21.0,61.0
446551,2026-05-01,22,34,23.8,61,21.0,61.0
446552,2026-05-01,22,35,23.8,61,21.0,61.0
446553,2026-05-01,22,36,23.8,61,21.0,61.0
446554,2026-05-01,22,37,23.8,61,21.0,61.0
446555,2026-05-01,22,38,23.8,61,21.0,61.0
446556,2026-05-01,22,39,23.8,61,21.0,61.0
446557,2026-05-01,22,40,23.8,61,21.0,61.0
446558,2026-05-01,22,41,23.8,61,21.0,61.0
446559,2026-05-01,22,42,23.8,61,21.0,61.0
446560,2026-05-01,22,43,23.8,61,21.0,61.0
446561,2026-05-01,22,44,23.8,61,21.0,61.0
446562,2026-05-01,22,45,23.8,61,21.0,61.0
446563,2026-05-01,22,46,23.8,61,21.0,61.0
446564,2026-05-01,22,47,23.8,61,21.0,61.0
446565,2026-05-01,22,48,23.8,61,21.0,61.0
446566,2026-05-01,22,49,23.8,61,21.0,61.0
446567,2026-05-01,22,50,23.8,61,21.0,61.0
446568,2026-05-01,22,51,23.8,61,21.0,61.0
446569,2026-05-01,22,52,23.8,61,21.0,61.0
446570,2026-05-01,22,53,23.8,61,21.0,61.0
446571,2026-05-01,22,54,23.8,61,21.0,61.0
446572,2026-05-01,22,55,23.8,61,21.0,61.0
446573,2026-05-01,22,56,23.8,61,21.0,61.0
446574,2026-05-01,22,57,23.8,61,21.0,61.0
446575,2026-05-01,22,58,23.8,61,21.0,61.0
446576,2026-05-01,22,59,23.8,61,21.0,61.0
446577,2026-05-01,23,00,23.8,61,21.0,61.0
446578,2026-05-01,23,01,23.8,61,21.0,61.0
446579,2026-05-01,23,02,23.8,61,21.0,61.0
446580,2026-05-01,23,03,23.8,61,21.0,61.0
446581,2026-05-01,23,04,23.8,61,21.0,62.0
446582,2026-05-01,23,05,23.8,61,21.0,62.0
446583,2026-05-01,23,06,23.8,62,21.0,62.0
446584,2026-05-01,23,07,23.8,62,21.0,62.0
446585,2026-05-01,23,08,23.8,62,21.0,62.0
446586,2026-05-01,23,10,23.8,62,20.9,62.0
446587,2026-05-01,23,11,23.8,63,20.9,62.0
446588,2026-05-01,23,12,23.8,63,20.9,62.0
446589,2026-05-01,23,13,23.8,63,20.9,62.0
446590,2026-05-01,23,14,23.8,63,20.9,62.0
446591,2026-05-01,23,15,23.8,63,20.9,62.0
446592,2026-05-01,23,16,23.8,63,20.9,62.0
446593,2026-05-01,23,17,23.8,63,20.9,62.0
446594,2026-05-01,23,18,23.8,63,20.9,62.0
446595,2026-05-01,23,19,23.8,63,20.9,62.0
446596,2026-05-01,23,20,23.8,63,20.9,62.0
446597,2026-05-01,23,21,23.8,63,20.9,62.0
446598,2026-05-01,23,22,23.8,63,20.9,62.0
446599,2026-05-01,23,23,23.8,63,20.9,62.0
446600,2026-05-01,23,24,23.8,63,20.9,62.0
446601,2026-05-01,23,25,23.8,63,20.9,62.0
446602,2026-05-01,23,26,23.8,63,20.9,62.0
446603,2026-05-01,23,27,23.8,64,20.9,63.0
446604,2026-05-01,23,28,23.7,64,20.8,63.0
446605,2026-05-01,23,29,23.5,64,20.7,63.0
446606,2026-05-01,23,30,23.4,64,20.7,63.0
446607,2026-05-01,23,31,23.4,64,20.7,63.0
446608,2026-05-01,23,32,23.4,64,20.7,63.0
446609,2026-05-01,23,33,23.4,64,20.7,63.0
446610,2026-05-01,23,34,23.4,64,20.7,63.0
446611,2026-05-01,23,35,23.4,64,20.7,63.0
446612,2026-05-01,23,36,23.4,64,20.7,63.0
446613,2026-05-01,23,37,23.4,64,20.7,63.0
446614,2026-05-01,23,38,23.4,64,20.7,63.0
446615,2026-05-01,23,39,23.4,64,20.7,63.0
446616,2026-05-01,23,40,23.4,64,20.7,63.0
446617,2026-05-01,23,41,23.4,64,20.7,63.0
446618,2026-05-01,23,43,23.4,64,20.7,63.0
446619,2026-05-01,23,45,23.4,64,20.7,63.0
446620,2026-05-01,23,45,23.4,64,20.7,63.0
446621,2026-05-01,23,47,23.4,64,20.7,63.0
446622,2026-05-01,23,47,23.4,64,20.7,63.0
446623,2026-05-01,23,49,23.4,64,20.7,63.0
446624,2026-05-01,23,49,23.4,64,20.7,63.0
446625,2026-05-01,23,51,23.4,64,20.7,63.0
446626,2026-05-01,23,51,23.4,64,20.7,63.0
446627,2026-05-01,23,53,23.4,64,20.7,63.0
446628,2026-05-01,23,54,23.4,64,20.7,63.0
446629,2026-05-01,23,55,23.4,64,20.7,63.0
446630,2026-05-01,23,55,23.4,64,20.7,63.0
446631,2026-05-01,23,57,23.4,64,20.7,63.0
446632,2026-05-01,23,58,23.4,64,20.7,63.0
446633,2026-05-01,23,58,23.4,64,20.7,63.0
446634,2026-05-02,00,00,23.4,64,20.6,62.0
446635,2026-05-02,00,00,23.4,64,20.6,62.0
446636,2026-05-02,00,02,23.4,64,20.6,62.0
446637,2026-05-02,00,03,23.4,64,20.6,62.0
446638,2026-05-02,00,04,23.4,64,20.5,62.0
446639,2026-05-02,00,05,23.4,64,20.5,62.0
446640,2026-05-02,00,06,23.4,64,20.5,62.0
446641,2026-05-02,00,07,23.4,64,20.5,62.0
446642,2026-05-02,00,08,23.4,64,20.5,62.0
446643,2026-05-02,00,09,23.4,64,20.5,62.0
446644,2026-05-02,00,10,23.4,64,20.5,62.0
446645,2026-05-02,00,11,23.4,64,20.5,62.0
446646,2026-05-02,00,12,23.4,64,20.5,62.0
446647,2026-05-02,00,13,23.4,64,20.5,62.0
446648,2026-05-02,00,14,23.4,64,20.5,62.0
446649,2026-05-02,00,15,23.4,64,20.5,62.0
446650,2026-05-02,00,16,23.4,64,20.5,62.0
446651,2026-05-02,00,17,23.4,64,20.6,62.0
446652,2026-05-02,00,18,23.4,64,20.6,62.0
446653,2026-05-02,00,19,23.4,64,20.5,62.0
446654,2026-05-02,00,21,23.4,64,20.5,62.0
446655,2026-05-02,00,22,23.2,64,20.5,63.0
446656,2026-05-02,00,23,23.1,64,20.4,63.0
446657,2026-05-02,00,24,23.0,64,20.4,63.0
446658,2026-05-02,00,25,23.0,64,20.4,63.0
446659,2026-05-02,00,26,23.0,64,20.3,63.0
446660,2026-05-02,00,27,23.0,64,20.3,63.0
446661,2026-05-02,00,28,23.0,64,20.3,63.0
446662,2026-05-02,00,29,23.0,64,20.3,63.0
446663,2026-05-02,00,30,23.0,64,20.3,63.0
446664,2026-05-02,00,31,23.0,64,20.3,63.0
446665,2026-05-02,00,32,23.0,64,20.3,63.0
446666,2026-05-02,00,33,23.0,64,20.3,63.0
446667,2026-05-02,00,34,23.0,64,20.4,63.0
446668,2026-05-02,00,35,23.0,64,20.4,63.0
446669,2026-05-02,00,36,23.0,64,20.4,63.0
446670,2026-05-02,00,37,23.0,64,20.4,63.0
446671,2026-05-02,00,38,23.0,64,20.4,63.0
446672,2026-05-02,00,39,23.0,64,20.4,63.0
446673,2026-05-02,00,40,23.0,64,20.4,63.0
446674,2026-05-02,00,41,23.0,64,20.4,63.0
446675,2026-05-02,00,42,23.0,64,20.4,63.0
446676,2026-05-02,00,43,23.0,64,20.4,63.0
446677,2026-05-02,00,44,23.0,64,20.4,63.0
446678,2026-05-02,00,45,23.0,64,20.4,63.0
446679,2026-05-02,00,46,23.0,64,20.4,63.0
446680,2026-05-02,00,47,23.0,64,20.4,63.0
446681,2026-05-02,00,48,23.0,64,20.4,63.0
446682,2026-05-02,00,49,23.0,64,20.4,63.0
446683,2026-05-02,00,50,23.0,64,20.4,63.0
446684,2026-05-02,00,51,23.0,64,20.4,63.0
446685,2026-05-02,00,52,23.0,64,20.4,63.0
446686,2026-05-02,00,53,23.0,64,20.4,63.0
446687,2026-05-02,00,54,23.0,64,20.4,63.0
446688,2026-05-02,00,55,23.0,64,20.4,63.0
446689,2026-05-02,00,56,23.0,64,20.4,63.0
446690,2026-05-02,00,57,23.0,64,20.4,63.0
446691,2026-05-02,00,58,23.0,64,20.4,63.0
446692,2026-05-02,00,59,23.0,64,20.4,63.0
446693,2026-05-02,01,00,23.0,64,20.3,63.0
446694,2026-05-02,01,01,23.0,64,20.3,63.0
446695,2026-05-02,01,02,23.0,64,20.3,63.0
446696,2026-05-02,01,03,23.0,64,20.3,63.0
446697,2026-05-02,01,04,23.0,64,20.3,63.0
446698,2026-05-02,01,05,23.0,64,20.3,63.0
446699,2026-05-02,01,06,23.0,64,20.3,63.0
446700,2026-05-02,01,07,23.0,64,20.3,63.0
446701,2026-05-02,01,08,23.0,64,20.3,63.0
446702,2026-05-02,01,09,23.0,64,20.3,63.0
446703,2026-05-02,01,10,23.0,64,20.3,63.0
446704,2026-05-02,01,11,23.0,64,20.3,63.0
446705,2026-05-02,01,12,23.0,64,20.3,63.0
446706,2026-05-02,01,13,23.0,64,20.3,63.0
446707,2026-05-02,01,14,23.0,64,20.3,63.0
446708,2026-05-02,01,15,23.0,64,20.3,63.0
446709,2026-05-02,01,16,23.0,64,20.3,63.0
446710,2026-05-02,01,17,23.0,64,20.3,63.0
446711,2026-05-02,01,18,23.0,64,20.3,63.0
446712,2026-05-02,01,19,23.0,64,20.3,63.0
446713,2026-05-02,01,20,23.0,64,20.3,63.0
446714,2026-05-02,01,21,23.0,64,20.3,63.0
446715,2026-05-02,01,22,23.0,64,20.3,63.0
446716,2026-05-02,01,23,23.0,64,20.3,63.0
446717,2026-05-02,01,24,23.0,64,20.3,63.0
446718,2026-05-02,01,25,22.8,64,20.2,63.0
446719,2026-05-02,01,26,22.7,64,20.2,64.0
446720,2026-05-02,01,27,22.7,64,20.1,64.0
446721,2026-05-02,01,28,22.7,64,20.1,64.0
446722,2026-05-02,01,29,22.7,64,20.1,64.0
446723,2026-05-02,01,30,22.6,64,20.1,64.0
446724,2026-05-02,01,31,22.6,64,20.1,64.0
446725,2026-05-02,01,32,22.6,64,20.0,64.0
446726,2026-05-02,01,33,22.6,64,20.1,64.0
446727,2026-05-02,01,34,22.6,64,20.1,64.0
446728,2026-05-02,01,35,22.6,64,20.1,64.0
446729,2026-05-02,01,36,22.6,64,20.1,64.0
446730,2026-05-02,01,37,22.6,64,20.1,64.0
446731,2026-05-02,01,38,22.6,64,20.1,64.0
446732,2026-05-02,01,39,22.6,64,20.1,64.0
446733,2026-05-02,01,40,22.6,65,20.1,64.0
446734,2026-05-02,01,41,22.6,65,20.1,64.0
446735,2026-05-02,01,42,22.6,65,20.1,64.0
446736,2026-05-02,01,43,22.6,65,20.1,64.0
446737,2026-05-02,01,44,22.6,65,20.1,64.0
446738,2026-05-02,01,45,22.6,65,20.1,64.0
446739,2026-05-02,01,46,22.6,65,20.1,64.0
446740,2026-05-02,01,47,22.6,65,20.1,64.0
446741,2026-05-02,01,48,22.6,65,20.1,64.0
446742,2026-05-02,01,49,22.6,65,20.1,64.0
446743,2026-05-02,01,50,22.6,65,20.1,64.0
446744,2026-05-02,01,51,22.6,65,20.1,64.0
446745,2026-05-02,01,52,22.6,65,20.1,64.0
446746,2026-05-02,01,53,22.6,65,20.1,64.0
446747,2026-05-02,01,54,22.6,65,20.1,64.0
446748,2026-05-02,01,55,22.6,65,20.1,64.0
446749,2026-05-02,01,56,22.6,65,20.1,64.0
446750,2026-05-02,01,57,22.6,65,20.1,64.0
446751,2026-05-02,01,58,22.6,65,20.1,64.0
446752,2026-05-02,01,59,22.6,65,20.1,64.0
446753,2026-05-02,02,00,22.6,65,20.1,64.0
446754,2026-05-02,02,01,22.6,65,20.1,64.0
446755,2026-05-02,02,02,22.6,65,20.1,64.0
446756,2026-05-02,02,03,22.6,65,20.1,64.0
446757,2026-05-02,02,04,22.6,65,20.1,64.0
446758,2026-05-02,02,05,22.6,65,20.1,64.0
446759,2026-05-02,02,06,22.6,65,20.1,64.0
446760,2026-05-02,02,07,22.6,65,20.1,64.0
446761,2026-05-02,02,08,22.6,65,20.1,64.0
446762,2026-05-02,02,09,22.6,65,20.1,64.0
446763,2026-05-02,02,10,22.6,65,20.1,64.0
446764,2026-05-02,02,11,22.6,65,20.1,64.0
446765,2026-05-02,02,12,22.6,65,20.1,64.0
446766,2026-05-02,02,13,22.6,65,20.1,64.0
446767,2026-05-02,02,14,22.6,65,20.1,64.0
446768,2026-05-02,02,15,22.6,65,20.1,64.0
446769,2026-05-02,02,16,22.6,65,20.1,64.0
446770,2026-05-02,02,17,22.6,65,20.1,64.0
446771,2026-05-02,02,18,22.6,65,20.1,64.0
446772,2026-05-02,02,19,22.6,65,20.1,64.0
446773,2026-05-02,02,20,22.6,65,20.1,64.0
446774,2026-05-02,02,21,22.6,65,20.1,64.0
446775,2026-05-02,02,22,22.6,65,20.1,64.0
446776,2026-05-02,02,23,22.6,65,20.1,64.0
446777,2026-05-02,02,24,22.6,65,20.1,64.0
446778,2026-05-02,02,25,22.6,65,20.1,64.0
446779,2026-05-02,02,26,22.6,65,20.1,64.0
446780,2026-05-02,02,27,22.6,65,20.1,64.0
446781,2026-05-02,02,28,22.6,65,20.1,64.0
446782,2026-05-02,02,29,22.6,65,20.1,64.0
446783,2026-05-02,02,30,22.6,65,20.1,64.0
446784,2026-05-02,02,31,22.6,65,20.1,64.0
446785,2026-05-02,02,32,22.6,65,20.1,64.0
446786,2026-05-02,02,33,22.6,65,20.1,64.0
446787,2026-05-02,02,34,22.6,65,20.1,64.0
446788,2026-05-02,02,35,22.6,65,20.1,64.0
446789,2026-05-02,02,36,22.6,64,20.1,64.0
446790,2026-05-02,02,37,22.6,64,20.0,64.0
446791,2026-05-02,02,38,22.3,64,19.9,64.0
446792,2026-05-02,02,39,22.3,65,19.8,64.0
446793,2026-05-02,02,40,22.2,65,19.7,64.0
446794,2026-05-02,02,41,22.2,65,19.6,64.0
446795,2026-05-02,02,42,22.2,64,19.6,64.0
446796,2026-05-02,02,43,22.2,64,19.6,64.0
446797,2026-05-02,02,44,22.2,64,19.6,64.0
446798,2026-05-02,02,45,22.2,64,19.6,64.0
446799,2026-05-02,02,46,22.2,64,19.6,64.0
446800,2026-05-02,02,47,22.2,64,19.6,64.0
446801,2026-05-02,02,48,22.2,64,19.5,64.0
446802,2026-05-02,02,49,22.2,64,19.5,64.0
446803,2026-05-02,02,50,22.2,64,19.5,64.0
446804,2026-05-02,02,51,22.2,64,19.5,64.0
446805,2026-05-02,02,52,22.2,64,19.5,64.0
446806,2026-05-02,02,53,22.2,64,19.6,64.0
446807,2026-05-02,02,54,22.2,64,19.6,64.0
446808,2026-05-02,02,55,22.2,64,19.6,64.0
446809,2026-05-02,02,56,22.2,64,19.6,64.0
446810,2026-05-02,02,57,22.2,64,19.6,64.0
446811,2026-05-02,02,58,22.2,64,19.6,64.0
446812,2026-05-02,02,59,22.2,64,19.5,64.0
446813,2026-05-02,03,00,22.2,64,19.5,64.0
446814,2026-05-02,03,01,22.2,64,19.5,64.0
446815,2026-05-02,03,02,22.2,64,19.5,64.0
446816,2026-05-02,03,03,22.2,64,19.5,64.0
446817,2026-05-02,03,04,22.2,64,19.6,64.0
446818,2026-05-02,03,05,22.2,64,19.6,64.0
446819,2026-05-02,03,06,22.2,65,19.7,64.0
446820,2026-05-02,03,07,22.2,65,19.7,64.0
446821,2026-05-02,03,08,22.2,65,19.8,64.0
446822,2026-05-02,03,09,22.2,65,19.8,64.0
446823,2026-05-02,03,10,22.2,65,19.8,64.0
446824,2026-05-02,03,11,22.2,65,19.8,64.0
446825,2026-05-02,03,12,22.2,65,19.8,64.0
446826,2026-05-02,03,13,22.2,65,19.7,64.0
446827,2026-05-02,03,14,22.2,65,19.7,64.0
446828,2026-05-02,03,15,22.2,65,19.7,64.0
446829,2026-05-02,03,16,22.2,65,19.6,64.0
446830,2026-05-02,03,17,22.2,65,19.6,64.0
446831,2026-05-02,03,18,22.2,65,19.6,64.0
446832,2026-05-02,03,19,22.2,65,19.6,64.0
446833,2026-05-02,03,20,22.2,65,19.6,64.0
446834,2026-05-02,03,21,22.2,65,19.6,64.0
446835,2026-05-02,03,22,22.2,65,19.6,64.0
446836,2026-05-02,03,23,22.2,65,19.6,64.0
446837,2026-05-02,03,24,22.2,65,19.6,64.0
446838,2026-05-02,03,25,22.2,65,19.7,64.0
446839,2026-05-02,03,26,22.2,65,19.7,64.0
446840,2026-05-02,03,27,22.2,65,19.7,64.0
446841,2026-05-02,03,28,22.2,65,19.7,64.0
446842,2026-05-02,03,29,22.2,65,19.7,64.0
446843,2026-05-02,03,30,22.2,65,19.7,64.0
446844,2026-05-02,03,31,22.2,65,19.7,64.0
446845,2026-05-02,03,32,22.2,65,19.7,64.0
446846,2026-05-02,03,33,22.2,65,19.7,64.0
446847,2026-05-02,03,34,22.2,65,19.7,64.0
446848,2026-05-02,03,35,22.2,65,19.7,64.0
446849,2026-05-02,03,36,22.2,65,19.7,64.0
446850,2026-05-02,03,37,22.2,65,19.7,64.0
446851,2026-05-02,03,38,22.2,65,19.7,64.0
446852,2026-05-02,03,39,22.2,65,19.7,64.0
446853,2026-05-02,03,40,22.2,65,19.7,64.0
446854,2026-05-02,03,41,22.2,65,19.7,64.0
446855,2026-05-02,03,42,22.2,65,19.7,64.0
446856,2026-05-02,03,43,22.2,65,19.7,64.0
446857,2026-05-02,03,44,22.2,65,19.7,64.0
446858,2026-05-02,03,45,22.2,65,19.7,64.0
446859,2026-05-02,03,46,22.2,65,19.7,64.0
446860,2026-05-02,03,47,22.2,65,19.7,64.0
446861,2026-05-02,03,48,22.2,65,19.7,64.0
446862,2026-05-02,03,49,22.2,65,19.7,64.0
446863,2026-05-02,03,50,22.2,65,19.7,64.0
446864,2026-05-02,03,51,22.2,65,19.7,64.0
446865,2026-05-02,03,52,22.2,65,19.7,64.0
446866,2026-05-02,03,53,22.2,65,19.7,64.0
446867,2026-05-02,03,54,22.2,65,19.7,64.0
446868,2026-05-02,03,55,22.2,65,19.7,64.0
446869,2026-05-02,03,56,22.2,65,19.8,64.0
446870,2026-05-02,03,57,22.2,65,19.8,64.0
446871,2026-05-02,03,58,22.2,65,19.7,64.0
446872,2026-05-02,03,59,22.2,65,19.7,64.0
446873,2026-05-02,04,00,22.2,65,19.7,64.0
446874,2026-05-02,04,01,22.2,65,19.7,64.0
446875,2026-05-02,04,02,22.2,65,19.7,64.0
446876,2026-05-02,04,03,22.2,65,19.7,64.0
446877,2026-05-02,04,04,22.2,65,19.7,64.0
446878,2026-05-02,04,05,22.2,65,19.7,64.0
446879,2026-05-02,04,06,22.2,65,19.7,64.0
446880,2026-05-02,04,07,22.2,65,19.7,64.0
446881,2026-05-02,04,08,22.2,65,19.7,64.0
446882,2026-05-02,04,09,22.2,65,19.7,64.0
446883,2026-05-02,04,10,22.2,65,19.7,64.0
446884,2026-05-02,04,11,22.2,65,19.7,64.0
446885,2026-05-02,04,12,22.1,65,19.6,64.0
446886,2026-05-02,04,13,21.9,65,19.6,64.0
446887,2026-05-02,04,14,21.9,65,19.6,64.0
446888,2026-05-02,04,15,21.9,65,19.5,64.0
446889,2026-05-02,04,16,21.9,65,19.5,64.0
446890,2026-05-02,04,17,21.9,65,19.5,64.0
446891,2026-05-02,04,18,21.9,65,19.5,64.0
446892,2026-05-02,04,19,21.9,65,19.5,64.0
446893,2026-05-02,04,20,21.9,65,19.5,64.0
446894,2026-05-02,04,21,21.9,65,19.5,64.0
446895,2026-05-02,04,22,21.9,65,19.5,64.0
446896,2026-05-02,04,23,21.9,65,19.5,64.0
446897,2026-05-02,04,24,21.9,65,19.5,64.0
446898,2026-05-02,04,25,21.9,65,19.5,64.0
446899,2026-05-02,04,26,21.8,65,19.5,64.0
446900,2026-05-02,04,27,21.8,65,19.5,64.0
446901,2026-05-02,04,28,21.8,65,19.5,64.0
446902,2026-05-02,04,29,21.8,65,19.5,64.0
446903,2026-05-02,04,30,21.8,65,19.5,64.0
446904,2026-05-02,04,31,21.8,65,19.5,64.0
446905,2026-05-02,04,32,21.8,65,19.5,64.0
446906,2026-05-02,04,33,21.8,66,19.5,64.0
446907,2026-05-02,04,34,21.8,66,19.5,64.0
446908,2026-05-02,04,35,21.8,66,19.5,65.0
446909,2026-05-02,04,36,21.8,66,19.5,65.0
446910,2026-05-02,04,37,21.8,66,19.5,65.0
446911,2026-05-02,04,38,21.8,66,19.5,65.0
446912,2026-05-02,04,39,21.8,66,19.5,65.0
446913,2026-05-02,04,40,21.8,66,19.5,65.0
446914,2026-05-02,04,41,21.8,66,19.5,65.0
446915,2026-05-02,04,42,21.8,66,19.5,65.0
446916,2026-05-02,04,43,21.8,66,19.5,65.0
446917,2026-05-02,04,44,21.8,66,19.5,65.0
446918,2026-05-02,04,45,21.8,66,19.5,65.0
446919,2026-05-02,04,46,21.8,66,19.5,65.0
446920,2026-05-02,04,47,21.8,66,19.5,65.0
446921,2026-05-02,04,48,21.8,66,19.5,65.0
446922,2026-05-02,04,49,21.8,66,19.5,65.0
446923,2026-05-02,04,50,21.8,66,19.5,65.0
446924,2026-05-02,04,51,21.8,66,19.5,65.0
446925,2026-05-02,04,52,21.8,66,19.5,65.0
446926,2026-05-02,04,53,21.8,66,19.5,65.0
446927,2026-05-02,04,54,21.8,66,19.5,65.0
446928,2026-05-02,04,55,21.8,66,19.5,65.0
446929,2026-05-02,04,56,21.8,66,19.5,65.0
446930,2026-05-02,04,57,21.8,66,19.5,65.0
446931,2026-05-02,04,58,21.8,66,19.5,65.0
446932,2026-05-02,04,59,21.8,66,19.5,65.0
446933,2026-05-02,05,00,21.8,66,19.5,65.0
446934,2026-05-02,05,01,21.8,66,19.5,65.0
446935,2026-05-02,05,02,21.8,66,19.5,65.0
446936,2026-05-02,05,03,21.8,66,19.5,65.0
446937,2026-05-02,05,04,21.8,66,19.5,65.0
446938,2026-05-02,05,05,21.8,66,19.5,65.0
446939,2026-05-02,05,06,21.8,66,19.5,65.0
446940,2026-05-02,05,07,21.8,66,19.5,65.0
446941,2026-05-02,05,08,21.8,66,19.5,65.0
446942,2026-05-02,05,09,21.8,66,19.5,65.0
446943,2026-05-02,05,10,21.8,66,19.5,65.0
446944,2026-05-02,05,11,21.8,66,19.5,65.0
446945,2026-05-02,05,12,21.8,66,19.5,65.0
446946,2026-05-02,05,13,21.8,66,19.5,65.0
446947,2026-05-02,05,14,21.8,66,19.5,65.0
446948,2026-05-02,05,15,21.8,66,19.5,65.0
446949,2026-05-02,05,16,21.8,66,19.5,65.0
446950,2026-05-02,05,17,21.8,66,19.5,65.0
446951,2026-05-02,05,18,21.8,66,19.5,65.0
446952,2026-05-02,05,19,21.8,66,19.5,65.0
446953,2026-05-02,05,20,21.8,66,19.5,65.0
446954,2026-05-02,05,21,21.8,66,19.5,65.0
446955,2026-05-02,05,22,21.8,66,19.5,65.0
446956,2026-05-02,05,23,21.8,66,19.5,65.0
446957,2026-05-02,05,24,21.8,66,19.5,65.0
446958,2026-05-02,05,25,21.8,66,19.5,65.0
446959,2026-05-02,05,26,21.8,66,19.5,65.0
446960,2026-05-02,05,27,21.8,66,19.6,65.0
446961,2026-05-02,05,28,21.8,66,19.5,65.0
446962,2026-05-02,05,29,21.8,66,19.5,65.0
446963,2026-05-02,05,30,21.8,66,19.5,65.0
446964,2026-05-02,05,31,21.8,66,19.5,65.0
446965,2026-05-02,05,32,21.8,66,19.5,65.0
446966,2026-05-02,05,33,21.8,66,19.5,65.0
446967,2026-05-02,05,34,21.8,66,19.5,65.0
446968,2026-05-02,05,35,21.8,66,19.5,65.0
446969,2026-05-02,05,36,21.8,66,19.5,65.0
446970,2026-05-02,05,37,21.8,66,19.5,65.0
446971,2026-05-02,05,38,21.8,66,19.5,65.0
446972,2026-05-02,05,39,21.8,66,19.5,65.0
446973,2026-05-02,05,40,21.8,66,19.5,65.0
446974,2026-05-02,05,41,21.8,66,19.5,65.0
446975,2026-05-02,05,42,21.8,66,19.5,65.0
446976,2026-05-02,05,43,21.8,66,19.6,65.0
446977,2026-05-02,05,44,21.8,66,19.6,65.0
446978,2026-05-02,05,45,21.8,66,19.6,65.0
446979,2026-05-02,05,46,21.8,66,19.6,65.0
446980,2026-05-02,05,47,21.8,66,19.6,65.0
446981,2026-05-02,05,48,21.8,66,19.6,65.0
446982,2026-05-02,05,49,21.8,66,19.6,65.0
446983,2026-05-02,05,50,21.8,66,19.6,65.0
446984,2026-05-02,05,51,21.8,66,19.6,65.0
446985,2026-05-02,05,52,21.8,66,19.6,65.0
446986,2026-05-02,05,53,21.8,66,19.6,65.0
446987,2026-05-02,05,54,21.8,66,19.6,65.0
446988,2026-05-02,05,55,21.8,66,19.5,65.0
446989,2026-05-02,05,56,21.8,66,19.5,65.0
446990,2026-05-02,05,57,21.6,66,19.5,65.0
446991,2026-05-02,05,58,21.5,66,19.5,65.0
446992,2026-05-02,05,59,21.5,66,19.4,65.0
446993,2026-05-02,06,00,21.5,66,19.3,65.0
446994,2026-05-02,06,01,21.4,66,19.3,65.0
446995,2026-05-02,06,02,21.4,66,19.3,65.0
446996,2026-05-02,06,03,21.4,66,19.2,65.0
446997,2026-05-02,06,04,21.4,66,19.2,65.0
446998,2026-05-02,06,05,21.4,66,19.2,65.0
446999,2026-05-02,06,06,21.4,66,19.2,65.0
447000,2026-05-02,06,07,21.4,66,19.2,65.0
447001,2026-05-02,06,08,21.4,66,19.2,65.0
447002,2026-05-02,06,09,21.4,66,19.3,65.0
447003,2026-05-02,06,10,21.4,66,19.3,65.0
447004,2026-05-02,06,11,21.4,66,19.3,65.0
447005,2026-05-02,06,12,21.4,66,19.3,65.0
447006,2026-05-02,06,13,21.4,66,19.3,65.0
447007,2026-05-02,06,14,21.4,66,19.3,65.0
447008,2026-05-02,06,15,21.4,66,19.3,65.0
447009,2026-05-02,06,16,21.4,66,19.3,65.0
447010,2026-05-02,06,17,21.4,66,19.3,65.0
447011,2026-05-02,06,18,21.4,66,19.3,65.0
447012,2026-05-02,06,19,21.4,66,19.3,64.0
447013,2026-05-02,06,20,21.4,66,19.3,64.0
447014,2026-05-02,06,21,21.4,66,19.3,64.0
447015,2026-05-02,06,22,21.4,66,19.3,64.0
447016,2026-05-02,06,23,21.4,66,19.3,64.0
447017,2026-05-02,06,24,21.4,66,19.3,64.0
447018,2026-05-02,06,25,21.4,66,19.4,64.0
447019,2026-05-02,06,26,21.4,66,19.4,64.0
447020,2026-05-02,06,27,21.4,66,19.4,64.0
447021,2026-05-02,06,28,21.4,66,19.4,64.0
447022,2026-05-02,06,29,21.4,66,19.4,64.0
447023,2026-05-02,06,30,21.4,66,19.5,64.0
447024,2026-05-02,06,31,21.4,67,19.5,64.0
447025,2026-05-02,06,32,21.4,66,19.5,64.0
447026,2026-05-02,06,33,21.4,66,19.5,64.0
447027,2026-05-02,06,34,21.4,66,19.5,64.0
447028,2026-05-02,06,35,21.4,67,19.6,64.0
447029,2026-05-02,06,36,21.4,67,19.6,64.0
447030,2026-05-02,06,37,21.4,67,19.7,64.0
447031,2026-05-02,06,38,21.4,66,19.7,64.0
447032,2026-05-02,06,39,21.4,66,19.8,64.0
447033,2026-05-02,06,40,21.4,66,19.8,64.0
447034,2026-05-02,06,41,21.4,66,19.8,64.0
447035,2026-05-02,06,42,21.4,66,19.8,64.0
447036,2026-05-02,06,43,21.4,66,19.9,64.0
447037,2026-05-02,06,44,21.4,66,19.9,64.0
447038,2026-05-02,06,45,21.4,67,19.9,64.0
447039,2026-05-02,06,46,21.4,66,19.9,64.0
447040,2026-05-02,06,47,21.4,67,19.9,64.0
447041,2026-05-02,06,48,21.4,67,20.0,64.0
447042,2026-05-02,06,49,21.4,67,20.0,64.0
447043,2026-05-02,06,50,21.4,66,20.0,64.0
447044,2026-05-02,06,51,21.4,67,20.1,64.0
447045,2026-05-02,06,52,21.4,66,20.1,64.0
447046,2026-05-02,06,53,21.4,66,20.1,64.0
447047,2026-05-02,06,54,21.4,66,20.1,63.0
447048,2026-05-02,06,55,21.4,66,20.2,63.0
447049,2026-05-02,06,56,21.4,66,20.2,63.0
447050,2026-05-02,06,57,21.4,66,20.2,63.0
447051,2026-05-02,06,58,21.4,66,20.2,63.0
447052,2026-05-02,06,59,21.4,66,20.2,63.0
447053,2026-05-02,07,00,21.4,66,20.2,63.0
447054,2026-05-02,07,01,21.4,66,20.3,63.0
447055,2026-05-02,07,02,21.4,66,20.3,63.0
447056,2026-05-02,07,03,21.4,66,20.3,63.0
447057,2026-05-02,07,04,21.4,66,20.3,63.0
447058,2026-05-02,07,05,21.4,66,20.3,63.0
447059,2026-05-02,07,06,21.4,66,20.4,63.0
447060,2026-05-02,07,07,21.4,66,20.4,63.0
447061,2026-05-02,07,08,21.4,66,20.4,63.0
447062,2026-05-02,07,09,21.4,66,20.4,63.0
447063,2026-05-02,07,10,21.4,66,20.5,63.0
447064,2026-05-02,07,11,21.4,66,20.5,63.0
447065,2026-05-02,07,12,21.4,66,20.5,63.0
447066,2026-05-02,07,13,21.4,66,20.5,63.0
447067,2026-05-02,07,14,21.4,66,20.5,63.0
447068,2026-05-02,07,15,21.4,66,20.5,63.0
447069,2026-05-02,07,16,21.4,66,20.6,63.0
447070,2026-05-02,07,17,21.4,66,20.6,63.0
447071,2026-05-02,07,18,21.4,66,20.7,63.0
447072,2026-05-02,07,19,21.4,65,20.7,62.0
447073,2026-05-02,07,20,21.4,65,20.8,62.0
447074,2026-05-02,07,21,21.4,65,20.8,62.0
447075,2026-05-02,07,22,21.4,65,20.8,62.0
447076,2026-05-02,07,23,21.4,65,20.8,62.0
447077,2026-05-02,07,24,21.4,65,20.8,62.0
447078,2026-05-02,07,25,21.4,65,20.8,62.0
447079,2026-05-02,07,26,21.4,65,20.8,62.0
447080,2026-05-02,07,27,21.4,65,20.9,62.0
447081,2026-05-02,07,28,21.4,65,20.9,62.0
447082,2026-05-02,07,29,21.4,65,20.9,62.0
447083,2026-05-02,07,30,21.4,65,20.9,62.0
447084,2026-05-02,07,31,21.4,65,20.9,62.0
447085,2026-05-02,07,32,21.4,65,21.0,62.0
447086,2026-05-02,07,33,21.4,65,21.0,62.0
447087,2026-05-02,07,34,21.4,65,21.0,62.0
447088,2026-05-02,07,35,21.4,66,21.1,62.0
447089,2026-05-02,07,36,21.5,66,21.1,62.0
447090,2026-05-02,07,37,21.8,66,21.1,62.0
447091,2026-05-02,07,38,21.8,66,21.2,62.0
447092,2026-05-02,07,39,21.8,67,21.2,62.0
447093,2026-05-02,07,40,21.8,67,21.2,62.0
447094,2026-05-02,07,41,21.8,67,21.3,62.0
447095,2026-05-02,07,42,21.8,67,21.3,62.0
447096,2026-05-02,07,43,21.8,68,21.4,62.0
447097,2026-05-02,07,44,21.8,68,21.4,62.0
447098,2026-05-02,07,45,21.8,68,21.5,62.0
447099,2026-05-02,07,46,21.8,68,21.5,61.0
447100,2026-05-02,07,47,21.8,68,21.6,61.0
447101,2026-05-02,07,48,21.8,69,21.6,61.0
447102,2026-05-02,07,49,21.8,69,21.6,62.0
447103,2026-05-02,07,50,21.8,69,21.6,62.0
447104,2026-05-02,07,51,21.8,69,21.5,62.0
447105,2026-05-02,07,52,21.8,69,21.6,62.0
447106,2026-05-02,07,53,21.8,69,21.6,61.0
447107,2026-05-02,07,54,21.8,69,21.7,61.0
447108,2026-05-02,07,55,21.8,69,21.7,61.0
447109,2026-05-02,07,56,21.8,69,21.8,61.0
447110,2026-05-02,07,57,21.8,69,21.8,61.0
447111,2026-05-02,07,58,21.8,69,21.9,61.0
447112,2026-05-02,07,59,21.8,69,21.9,61.0
447113,2026-05-02,08,00,21.8,69,22.0,61.0
447114,2026-05-02,08,01,21.8,69,22.1,60.0
447115,2026-05-02,08,02,21.8,69,22.2,60.0
447116,2026-05-02,08,03,21.8,69,22.2,60.0
447117,2026-05-02,08,04,21.8,69,22.4,60.0
447118,2026-05-02,08,05,21.8,69,22.4,59.0
447119,2026-05-02,08,06,21.8,69,22.5,59.0
447120,2026-05-02,08,07,21.8,69,22.6,59.0
447121,2026-05-02,08,08,21.8,69,22.7,58.0
447122,2026-05-02,08,09,21.8,69,22.8,58.0
447123,2026-05-02,08,10,21.8,69,22.9,58.0
447124,2026-05-02,08,11,21.8,69,23.0,57.0
447125,2026-05-02,08,12,21.8,69,23.1,57.0
447126,2026-05-02,08,13,21.8,69,23.2,56.0
447127,2026-05-02,08,14,21.8,69,23.4,55.0
447128,2026-05-02,08,15,21.8,68,23.5,54.0
447129,2026-05-02,08,16,21.8,68,23.6,53.0
447130,2026-05-02,08,17,21.8,68,23.8,52.0
447131,2026-05-02,08,18,21.8,68,23.8,51.0
447132,2026-05-02,08,19,21.8,68,23.9,51.0
447133,2026-05-02,08,20,21.8,68,24.0,50.0
447134,2026-05-02,08,21,21.8,68,24.1,50.0
447135,2026-05-02,08,22,21.8,68,24.2,50.0
447136,2026-05-02,08,23,21.8,68,24.2,51.0
447137,2026-05-02,08,24,21.8,69,24.3,52.0
447138,2026-05-02,08,25,21.8,69,24.4,52.0
447139,2026-05-02,08,26,21.9,69,24.5,53.0
447140,2026-05-02,08,27,22.2,69,24.7,53.0
447141,2026-05-02,08,28,22.2,69,24.8,53.0
447142,2026-05-02,08,29,22.2,69,24.9,52.0
447143,2026-05-02,08,30,22.2,69,25.0,52.0
447144,2026-05-02,08,31,22.2,69,25.2,52.0
447145,2026-05-02,08,32,22.2,69,25.4,51.0
447146,2026-05-02,08,33,22.2,69,25.5,51.0
447147,2026-05-02,08,34,22.2,69,25.7,50.0
447148,2026-05-02,08,35,22.2,69,25.9,50.0
447149,2026-05-02,08,36,22.2,69,26.1,50.0
447150,2026-05-02,08,37,22.2,69,26.3,49.0
447151,2026-05-02,08,38,22.2,69,26.6,49.0
447152,2026-05-02,08,39,22.2,69,26.8,48.0
447153,2026-05-02,08,40,22.2,69,27.2,48.0
447154,2026-05-02,08,41,22.2,69,27.4,48.0
447155,2026-05-02,08,42,22.2,69,27.8,47.0
447156,2026-05-02,08,43,22.2,69,28.3,47.0
447157,2026-05-02,08,44,22.2,69,28.7,46.0
447158,2026-05-02,08,45,22.2,69,29.2,46.0
447159,2026-05-02,08,46,22.2,69,29.7,45.0
447160,2026-05-02,08,47,22.2,69,30.0,45.0
447161,2026-05-02,08,48,22.2,69,30.2,45.0
447162,2026-05-02,08,49,22.2,69,30.4,44.0
447163,2026-05-02,08,50,22.2,69,30.7,44.0
447164,2026-05-02,08,51,22.3,69,30.9,44.0
447165,2026-05-02,08,52,22.6,69,31.0,44.0
447166,2026-05-02,08,53,22.6,69,31.0,44.0
447167,2026-05-02,08,54,22.6,69,31.1,44.0
447168,2026-05-02,08,55,22.6,69,30.8,44.0
447169,2026-05-02,08,56,22.6,69,30.6,44.0
447170,2026-05-02,08,57,22.6,69,30.4,44.0
447171,2026-05-02,08,58,22.6,69,30.3,44.0
447172,2026-05-02,08,59,22.6,69,30.1,44.0
447173,2026-05-02,09,00,22.6,69,30.1,44.0
447174,2026-05-02,09,02,22.6,69,30.2,44.0
447175,2026-05-02,09,03,22.6,69,30.5,44.0
447176,2026-05-02,09,04,22.6,69,30.8,43.0
447177,2026-05-02,09,05,22.6,68,31.2,42.0
447178,2026-05-02,09,06,22.6,68,31.5,41.0
447179,2026-05-02,09,07,22.6,68,31.8,41.0
447180,2026-05-02,09,08,22.6,68,31.8,41.0
447181,2026-05-02,09,09,22.6,68,31.9,41.0
447182,2026-05-02,09,10,22.6,68,31.9,40.0
447183,2026-05-02,09,11,23.0,68,32.0,40.0
447184,2026-05-02,09,12,23.0,68,32.2,40.0
447185,2026-05-02,09,13,23.0,68,32.5,40.0
447186,2026-05-02,09,14,23.0,68,32.7,39.0
447187,2026-05-02,09,15,23.0,68,32.9,39.0
447188,2026-05-02,09,16,23.0,68,33.1,39.0
447189,2026-05-02,09,17,23.0,68,33.2,39.0
447190,2026-05-02,09,18,23.0,68,33.3,39.0
447191,2026-05-02,09,19,23.0,68,33.5,39.0
447192,2026-05-02,09,20,23.0,68,33.6,38.0
447193,2026-05-02,09,21,23.0,68,33.7,38.0
447194,2026-05-02,09,22,23.0,68,33.8,38.0
447195,2026-05-02,09,23,23.0,68,33.9,38.0
447196,2026-05-02,09,24,23.0,68,33.9,38.0
447197,2026-05-02,09,25,22.8,68,33.9,38.0
447198,2026-05-02,09,26,22.7,68,34.0,38.0
447199,2026-05-02,09,27,22.7,68,34.1,38.0
447200,2026-05-02,09,28,22.6,68,34.2,38.0
447201,2026-05-02,09,29,22.6,68,34.2,38.0
447202,2026-05-02,09,30,22.6,68,34.1,38.0
447203,2026-05-02,09,31,22.6,69,34.0,39.0
447204,2026-05-02,09,32,22.6,69,34.1,39.0
447205,2026-05-02,09,33,22.6,69,34.1,39.0
447206,2026-05-02,09,34,23.0,68,34.4,38.0
447207,2026-05-02,09,35,23.0,68,34.5,37.0
447208,2026-05-02,09,36,23.0,68,34.8,37.0
447209,2026-05-02,09,37,23.0,68,34.7,37.0
447210,2026-05-02,09,38,23.0,68,34.8,37.0
447211,2026-05-02,09,39,23.0,68,34.8,37.0
447212,2026-05-02,09,40,23.0,68,34.9,37.0
447213,2026-05-02,09,41,23.0,68,35.0,37.0
447214,2026-05-02,09,42,23.0,68,35.1,37.0
447215,2026-05-02,09,43,23.0,68,35.1,37.0
447216,2026-05-02,09,44,23.0,68,35.2,37.0
447217,2026-05-02,09,45,23.0,67,35.1,37.0
447218,2026-05-02,09,46,23.0,67,35.0,37.0
447219,2026-05-02,09,47,23.0,67,34.8,36.0
447220,2026-05-02,09,48,23.0,66,34.5,37.0
447221,2026-05-02,09,49,23.0,66,34.1,37.0
447222,2026-05-02,09,50,23.0,66,33.7,37.0
447223,2026-05-02,09,51,23.0,66,33.4,38.0
447224,2026-05-02,09,52,23.0,66,33.0,38.0
447225,2026-05-02,09,53,23.0,66,32.9,38.0
447226,2026-05-02,09,54,23.0,66,32.8,38.0
447227,2026-05-02,09,55,23.0,66,32.7,38.0
447228,2026-05-02,09,56,23.0,65,32.6,38.0
447229,2026-05-02,09,57,23.0,65,32.4,38.0
447230,2026-05-02,09,58,23.0,65,32.2,38.0
447231,2026-05-02,09,59,23.1,65,32.0,38.0
447232,2026-05-02,10,00,23.4,65,31.8,38.0
447233,2026-05-02,10,01,23.4,65,31.6,39.0
447234,2026-05-02,10,02,23.4,65,31.3,39.0
447235,2026-05-02,10,03,23.4,65,31.1,40.0
447236,2026-05-02,10,04,23.4,65,30.9,40.0
447237,2026-05-02,10,05,23.4,65,30.8,40.0
447238,2026-05-02,10,06,23.4,65,30.6,41.0
447239,2026-05-02,10,07,23.4,65,30.3,41.0
447240,2026-05-02,10,08,23.4,65,30.0,42.0
447241,2026-05-02,10,09,23.4,65,29.7,42.0
447242,2026-05-02,10,10,23.4,65,29.4,43.0
447243,2026-05-02,10,11,23.4,65,29.1,43.0
447244,2026-05-02,10,12,23.4,66,29.0,44.0
447245,2026-05-02,10,13,23.4,66,28.9,44.0
447246,2026-05-02,10,14,23.4,66,28.8,44.0
447247,2026-05-02,10,15,23.4,66,28.8,44.0
447248,2026-05-02,10,16,23.4,66,28.7,45.0
447249,2026-05-02,10,17,23.4,66,28.7,45.0
447250,2026-05-02,10,18,23.4,66,28.6,45.0
447251,2026-05-02,10,19,23.4,66,28.6,45.0
447252,2026-05-02,10,20,23.4,66,28.5,45.0
447253,2026-05-02,10,21,23.4,66,28.4,45.0
447254,2026-05-02,10,22,23.4,66,28.4,45.0
447255,2026-05-02,10,23,23.4,65,28.4,45.0
447256,2026-05-02,10,24,23.8,65,28.4,45.0
447257,2026-05-02,10,25,23.8,65,28.4,45.0
447258,2026-05-02,10,26,23.8,65,28.5,45.0
447259,2026-05-02,10,27,23.8,65,28.5,45.0
447260,2026-05-02,10,28,23.8,65,28.4,45.0
447261,2026-05-02,10,29,23.8,65,28.4,45.0
447262,2026-05-02,10,30,23.8,65,28.4,45.0
447263,2026-05-02,10,31,23.8,65,28.3,45.0
447264,2026-05-02,10,32,23.8,65,28.3,45.0
447265,2026-05-02,10,33,23.8,65,28.3,45.0
447266,2026-05-02,10,34,23.8,65,28.3,45.0
447267,2026-05-02,10,35,23.8,65,28.2,45.0
447268,2026-05-02,10,36,23.8,64,28.2,45.0
447269,2026-05-02,10,37,23.8,64,28.2,45.0
447270,2026-05-02,10,38,23.8,64,28.2,45.0
447271,2026-05-02,10,39,23.8,65,28.2,45.0
447272,2026-05-02,10,40,23.8,65,28.2,45.0
447273,2026-05-02,10,41,23.8,65,28.2,45.0
447274,2026-05-02,10,42,23.8,64,28.2,45.0
447275,2026-05-02,10,43,23.8,64,28.2,45.0
447276,2026-05-02,10,44,23.8,64,28.1,45.0
447277,2026-05-02,10,45,23.8,64,28.2,45.0
447278,2026-05-02,10,46,23.8,65,28.1,45.0
447279,2026-05-02,10,47,23.8,65,28.1,45.0
447280,2026-05-02,10,48,23.8,64,28.1,45.0
447281,2026-05-02,10,49,23.8,64,28.1,45.0
447282,2026-05-02,10,50,23.8,64,28.1,45.0
447283,2026-05-02,10,51,23.8,64,28.1,45.0
447284,2026-05-02,10,52,23.8,64,28.1,45.0
447285,2026-05-02,10,53,23.8,64,28.1,45.0
447286,2026-05-02,10,54,23.8,64,28.1,45.0
447287,2026-05-02,10,55,23.8,64,28.1,45.0
447288,2026-05-02,10,56,23.8,64,28.0,45.0
447289,2026-05-02,10,57,23.8,64,28.0,45.0
447290,2026-05-02,10,58,23.8,64,28.1,46.0
447291,2026-05-02,10,59,23.8,65,28.0,46.0
447292,2026-05-02,11,00,23.8,65,28.0,46.0
447293,2026-05-02,11,01,23.8,64,28.1,46.0
447294,2026-05-02,11,02,23.8,64,28.0,45.0
447295,2026-05-02,11,03,23.8,64,28.0,45.0
447296,2026-05-02,11,04,23.8,64,28.0,45.0
447297,2026-05-02,11,05,23.8,64,28.0,45.0
447298,2026-05-02,11,06,23.8,64,28.0,45.0
447299,2026-05-02,11,07,23.8,64,28.0,46.0
447300,2026-05-02,11,08,23.8,64,28.0,46.0
447301,2026-05-02,11,09,23.8,64,28.0,46.0
447302,2026-05-02,11,10,23.8,64,28.0,46.0
447303,2026-05-02,11,11,23.8,64,28.0,46.0
447304,2026-05-02,11,12,23.8,64,28.0,46.0
447305,2026-05-02,11,13,23.8,64,28.0,46.0
447306,2026-05-02,11,14,23.8,64,28.0,46.0
447307,2026-05-02,11,15,23.8,64,28.0,46.0
447308,2026-05-02,11,16,23.8,64,28.0,46.0
447309,2026-05-02,11,17,23.8,64,28.0,46.0
447310,2026-05-02,11,18,23.8,64,28.0,46.0
447311,2026-05-02,11,19,23.8,64,28.0,46.0
447312,2026-05-02,11,20,23.8,64,28.0,46.0
447313,2026-05-02,11,21,23.8,64,28.0,46.0
447314,2026-05-02,11,22,23.8,64,28.0,46.0
447315,2026-05-02,11,23,23.8,64,28.0,46.0
447316,2026-05-02,11,24,23.8,64,28.0,46.0
447317,2026-05-02,11,25,23.8,64,28.0,46.0
447318,2026-05-02,11,26,23.8,64,28.0,46.0
447319,2026-05-02,11,27,23.8,64,28.0,46.0
447320,2026-05-02,11,28,23.8,64,28.0,46.0
447321,2026-05-02,11,29,23.8,64,28.0,46.0
447322,2026-05-02,11,30,23.8,64,27.9,46.0
447323,2026-05-02,11,31,23.8,64,28.0,46.0
447324,2026-05-02,11,32,23.8,64,28.0,46.0
447325,2026-05-02,11,33,23.8,64,28.0,46.0
447326,2026-05-02,11,34,23.8,64,28.0,46.0
447327,2026-05-02,11,35,23.8,64,28.0,46.0
447328,2026-05-02,11,36,23.8,64,28.0,46.0
447329,2026-05-02,11,37,24.1,63,28.0,46.0
447330,2026-05-02,11,38,24.0,63,28.0,45.0
447331,2026-05-02,11,39,24.1,64,28.0,45.0
447332,2026-05-02,11,40,24.1,63,28.0,46.0
447333,2026-05-02,11,41,24.1,64,28.0,46.0
447334,2026-05-02,11,42,24.1,63,28.0,45.0
447335,2026-05-02,11,43,24.1,63,28.0,45.0
447336,2026-05-02,11,44,24.1,63,28.0,45.0
447337,2026-05-02,11,45,24.1,63,28.0,45.0
447338,2026-05-02,11,46,24.1,63,28.0,45.0
447339,2026-05-02,11,47,24.1,63,28.0,46.0
447340,2026-05-02,11,48,24.1,63,28.0,46.0
447341,2026-05-02,11,49,24.1,63,27.9,46.0
447342,2026-05-02,11,50,23.8,63,27.8,46.0
447343,2026-05-02,11,51,23.8,63,27.8,46.0
447344,2026-05-02,11,52,23.8,63,27.7,46.0
447345,2026-05-02,11,53,23.8,63,27.7,46.0
447346,2026-05-02,11,54,23.8,63,27.7,46.0
447347,2026-05-02,11,55,23.8,63,27.7,46.0
447348,2026-05-02,11,56,23.8,63,27.7,46.0
447349,2026-05-02,11,57,23.8,63,27.7,46.0
447350,2026-05-02,11,58,24.1,63,27.8,46.0
447351,2026-05-02,11,59,24.1,63,27.8,46.0
447352,2026-05-02,12,00,24.1,62,27.8,46.0
447353,2026-05-02,12,01,24.1,62,27.8,45.0
447354,2026-05-02,12,02,24.1,62,27.8,45.0
447355,2026-05-02,12,03,24.1,62,27.8,45.0
447356,2026-05-02,12,04,24.1,62,27.8,45.0
447357,2026-05-02,12,05,24.1,62,27.8,45.0
447358,2026-05-02,12,06,24.1,62,27.8,45.0
447359,2026-05-02,12,07,24.1,62,27.8,45.0
447360,2026-05-02,12,08,24.1,62,27.8,45.0
447361,2026-05-02,12,09,24.1,62,27.9,45.0
447362,2026-05-02,12,10,24.1,62,27.9,45.0
447363,2026-05-02,12,11,24.1,62,27.9,45.0
447364,2026-05-02,12,12,24.1,62,27.9,45.0
447365,2026-05-02,12,13,24.1,62,27.9,45.0
447366,2026-05-02,12,14,24.1,62,27.9,45.0
447367,2026-05-02,12,15,24.1,62,27.9,45.0
447368,2026-05-02,12,16,24.1,62,28.0,45.0
447369,2026-05-02,12,17,24.1,62,28.1,44.0
447370,2026-05-02,12,18,24.5,62,28.1,44.0
447371,2026-05-02,12,19,24.5,62,28.1,44.0
447372,2026-05-02,12,20,24.5,63,28.2,44.0
447373,2026-05-02,12,21,24.5,63,28.1,45.0
447374,2026-05-02,12,22,24.5,63,28.1,45.0
447375,2026-05-02,12,23,24.5,64,28.0,45.0
447376,2026-05-02,12,24,24.5,64,28.0,45.0
447377,2026-05-02,12,25,24.5,64,28.0,46.0
447378,2026-05-02,12,26,24.5,64,28.0,46.0
447379,2026-05-02,12,27,24.5,65,28.0,46.0
447380,2026-05-02,12,28,24.5,65,28.0,46.0
447381,2026-05-02,12,29,24.5,65,28.0,46.0
447382,2026-05-02,12,30,24.5,65,28.0,46.0
447383,2026-05-02,12,31,24.5,65,28.0,46.0
447384,2026-05-02,12,32,24.5,65,28.0,46.0
447385,2026-05-02,12,33,24.5,65,28.0,46.0
447386,2026-05-02,12,34,24.5,66,28.0,46.0
447387,2026-05-02,12,35,24.5,66,28.0,47.0
447388,2026-05-02,12,36,24.5,66,28.0,47.0
447389,2026-05-02,12,37,24.5,67,28.0,47.0
447390,2026-05-02,12,38,24.5,66,28.1,47.0
447391,2026-05-02,12,39,24.5,66,28.1,47.0
447392,2026-05-02,12,40,24.7,66,28.2,46.0
447393,2026-05-02,12,41,24.8,67,28.2,46.0
447394,2026-05-02,12,42,24.8,67,28.3,46.0
447395,2026-05-02,12,43,24.8,67,28.3,47.0
447396,2026-05-02,12,44,24.8,67,28.3,47.0
447397,2026-05-02,12,45,24.8,67,28.2,47.0
447398,2026-05-02,12,46,24.8,67,28.2,46.0
447399,2026-05-02,12,47,24.8,67,28.2,46.0
447400,2026-05-02,12,48,24.8,67,28.2,46.0
447401,2026-05-02,12,49,24.8,67,28.2,46.0
447402,2026-05-02,12,50,24.8,67,28.2,46.0
447403,2026-05-02,12,51,24.8,67,28.2,46.0
447404,2026-05-02,12,52,24.8,67,28.2,46.0
447405,2026-05-02,12,53,24.8,67,28.1,46.0
447406,2026-05-02,12,54,24.8,67,28.1,47.0
447407,2026-05-02,12,55,24.8,67,28.1,47.0
447408,2026-05-02,12,56,24.8,67,28.1,47.0
447409,2026-05-02,12,57,24.8,67,28.1,47.0
447410,2026-05-02,12,58,24.8,67,28.1,47.0
447411,2026-05-02,12,59,24.8,67,28.0,47.0
447412,2026-05-02,13,00,24.8,68,28.0,48.0
447413,2026-05-02,13,01,24.8,68,28.0,48.0
447414,2026-05-02,13,02,24.8,68,27.9,48.0
447415,2026-05-02,13,03,24.8,68,27.9,48.0
447416,2026-05-02,13,04,24.8,68,27.9,49.0
447417,2026-05-02,13,05,24.8,68,27.9,49.0
447418,2026-05-02,13,06,24.8,68,27.9,49.0
447419,2026-05-02,13,07,24.9,69,27.9,49.0
447420,2026-05-02,13,08,25.3,69,27.9,50.0
447421,2026-05-02,13,09,25.3,68,28.0,50.0
447422,2026-05-02,13,10,25.3,69,28.0,50.0
447423,2026-05-02,13,11,25.3,69,28.0,50.0
447424,2026-05-02,13,12,25.3,69,28.0,50.0
447425,2026-05-02,13,13,25.3,69,28.0,50.0
447426,2026-05-02,13,14,25.3,69,28.1,50.0
447427,2026-05-02,13,15,25.3,69,28.2,50.0
447428,2026-05-02,13,16,25.3,68,28.3,49.0
447429,2026-05-02,13,17,25.3,68,28.3,49.0
447430,2026-05-02,13,18,25.3,67,28.4,48.0
447431,2026-05-02,13,19,25.3,67,28.4,48.0
447432,2026-05-02,13,20,25.3,67,28.4,48.0
447433,2026-05-02,13,21,25.3,67,28.5,48.0
447434,2026-05-02,13,22,25.3,67,28.5,48.0
447435,2026-05-02,13,23,25.3,67,28.5,48.0
447436,2026-05-02,13,24,25.3,67,28.5,48.0
447437,2026-05-02,13,25,25.3,68,28.5,48.0
447438,2026-05-02,13,26,25.3,68,28.5,48.0
447439,2026-05-02,13,27,25.3,68,28.5,48.0
447440,2026-05-02,13,28,25.3,68,28.5,48.0
447441,2026-05-02,13,29,25.3,68,28.5,48.0
447442,2026-05-02,13,30,25.3,68,28.5,49.0
447443,2026-05-02,13,31,25.3,68,28.5,49.0
447444,2026-05-02,13,32,25.3,68,28.5,49.0
447445,2026-05-02,13,33,25.3,68,28.5,49.0
447446,2026-05-02,13,34,25.3,68,28.5,49.0
447447,2026-05-02,13,35,25.3,68,28.5,49.0
447448,2026-05-02,13,36,25.3,68,28.5,49.0
447449,2026-05-02,13,37,25.3,68,28.5,49.0
447450,2026-05-02,13,38,25.3,68,28.5,49.0
447451,2026-05-02,13,39,25.3,68,28.4,49.0
447452,2026-05-02,13,40,25.3,68,28.4,49.0
447453,2026-05-02,13,41,25.3,68,28.4,49.0
447454,2026-05-02,13,42,25.3,68,28.4,49.0
447455,2026-05-02,13,43,25.3,68,28.4,49.0
447456,2026-05-02,13,44,25.3,68,28.4,49.0
447457,2026-05-02,13,45,25.3,67,28.4,49.0
447458,2026-05-02,13,46,25.3,67,28.4,49.0
447459,2026-05-02,13,47,25.3,67,28.4,49.0
447460,2026-05-02,13,48,25.3,67,28.4,49.0
447461,2026-05-02,13,49,25.3,67,28.4,49.0
447462,2026-05-02,13,50,25.3,67,28.3,49.0
447463,2026-05-02,13,51,25.3,67,28.3,49.0
447464,2026-05-02,13,52,25.3,67,28.3,49.0
447465,2026-05-02,13,53,25.3,67,28.3,49.0
447466,2026-05-02,13,54,25.3,67,28.3,49.0
447467,2026-05-02,13,55,25.3,66,28.3,49.0
447468,2026-05-02,13,56,25.3,66,28.3,49.0
447469,2026-05-02,13,57,25.3,66,28.3,49.0
447470,2026-05-02,13,58,25.3,66,28.3,49.0
447471,2026-05-02,13,59,25.3,66,28.2,49.0
447472,2026-05-02,14,00,25.3,65,28.2,49.0
447473,2026-05-02,14,01,25.3,65,28.2,49.0
447474,2026-05-02,14,02,25.3,65,28.2,49.0
447475,2026-05-02,14,03,25.3,65,28.2,49.0
447476,2026-05-02,14,04,25.3,65,28.1,49.0
447477,2026-05-02,14,05,25.3,65,28.1,49.0
447478,2026-05-02,14,06,25.3,65,28.1,49.0
447479,2026-05-02,14,07,25.3,65,28.1,49.0
447480,2026-05-02,14,08,25.3,65,28.1,49.0
447481,2026-05-02,14,09,25.3,65,28.0,49.0
447482,2026-05-02,14,10,25.3,65,28.1,49.0
447483,2026-05-02,14,11,25.3,65,28.1,49.0
447484,2026-05-02,14,12,25.3,64,28.0,49.0
447485,2026-05-02,14,13,25.3,64,28.0,49.0
447486,2026-05-02,14,14,25.3,64,27.9,49.0
447487,2026-05-02,14,15,25.3,64,27.8,49.0
447488,2026-05-02,14,16,25.3,64,27.7,50.0
447489,2026-05-02,14,17,25.3,64,27.7,50.0
447490,2026-05-02,14,18,25.3,64,27.7,50.0
447491,2026-05-02,14,19,25.3,64,27.7,50.0
447492,2026-05-02,14,20,25.3,64,27.6,50.0
447493,2026-05-02,14,21,25.3,64,27.6,50.0
447494,2026-05-02,14,22,25.3,64,27.6,50.0
447495,2026-05-02,14,23,25.3,64,27.6,50.0
447496,2026-05-02,14,24,25.3,64,27.6,50.0
447497,2026-05-02,14,25,25.3,64,27.6,50.0
447498,2026-05-02,14,26,25.3,64,27.7,50.0
447499,2026-05-02,14,27,25.3,63,27.7,50.0
447500,2026-05-02,14,28,25.3,63,27.7,50.0
447501,2026-05-02,14,29,25.3,63,27.8,49.0
447502,2026-05-02,14,30,25.3,63,27.7,49.0
447503,2026-05-02,14,31,25.3,63,27.7,49.0
447504,2026-05-02,14,32,25.3,63,27.7,49.0
447505,2026-05-02,14,33,25.3,63,27.7,49.0
447506,2026-05-02,14,34,25.3,63,27.7,49.0
447507,2026-05-02,14,35,25.3,63,27.7,50.0
447508,2026-05-02,14,36,25.3,63,27.7,50.0
447509,2026-05-02,14,37,25.3,63,27.7,50.0
447510,2026-05-02,14,38,25.3,63,27.7,50.0
447511,2026-05-02,14,39,25.3,63,27.7,50.0
447512,2026-05-02,14,40,25.3,63,27.7,50.0
447513,2026-05-02,14,41,25.3,63,27.7,49.0
447514,2026-05-02,14,42,25.3,62,27.8,49.0
447515,2026-05-02,14,43,25.3,62,27.8,49.0
447516,2026-05-02,14,44,25.3,62,27.8,49.0
447517,2026-05-02,14,45,25.3,62,27.8,49.0
447518,2026-05-02,14,46,25.3,62,27.8,49.0
447519,2026-05-02,14,47,25.3,62,27.8,49.0
447520,2026-05-02,14,48,25.3,62,27.8,49.0
447521,2026-05-02,14,49,25.3,62,27.8,49.0
447522,2026-05-02,14,50,25.3,62,27.7,49.0
447523,2026-05-02,14,51,25.3,62,27.7,49.0
447524,2026-05-02,14,52,25.3,62,27.7,49.0
447525,2026-05-02,14,53,25.3,62,27.7,49.0
447526,2026-05-02,14,54,25.3,62,27.7,49.0
447527,2026-05-02,14,55,25.3,62,27.6,49.0
447528,2026-05-02,14,56,25.3,62,27.6,49.0
447529,2026-05-02,14,57,25.3,62,27.6,49.0
447530,2026-05-02,14,58,25.3,62,27.6,49.0
447531,2026-05-02,14,59,25.3,62,27.5,48.0
447532,2026-05-02,15,00,25.3,62,27.5,48.0
447533,2026-05-02,15,01,25.3,62,27.5,48.0
447534,2026-05-02,15,02,25.3,62,27.5,48.0
447535,2026-05-02,15,03,25.3,62,27.5,48.0
447536,2026-05-02,15,04,25.3,62,27.5,49.0
447537,2026-05-02,15,05,25.3,62,27.5,49.0
447538,2026-05-02,15,06,25.3,62,27.5,49.0
447539,2026-05-02,15,07,25.3,62,27.4,49.0
447540,2026-05-02,15,08,25.3,62,27.4,49.0
447541,2026-05-02,15,09,25.3,62,27.4,49.0
447542,2026-05-02,15,10,25.3,62,27.4,49.0
447543,2026-05-02,15,11,25.3,62,27.4,48.0
447544,2026-05-02,15,12,25.3,61,27.4,48.0
447545,2026-05-02,15,13,25.3,61,27.4,48.0
447546,2026-05-02,15,14,25.3,61,27.4,48.0
447547,2026-05-02,15,15,25.3,61,27.3,48.0
447548,2026-05-02,15,16,25.3,61,27.3,48.0
447549,2026-05-02,15,17,25.3,61,27.3,48.0
447550,2026-05-02,15,18,25.3,62,27.3,49.0
447551,2026-05-02,15,19,25.3,62,27.2,49.0
447552,2026-05-02,15,20,25.3,62,27.1,49.0
447553,2026-05-02,15,21,25.2,62,27.0,49.0
447554,2026-05-02,15,22,24.9,62,26.9,49.0
447555,2026-05-02,15,23,24.9,62,26.7,49.0
447556,2026-05-02,15,24,24.9,62,26.7,49.0
447557,2026-05-02,15,25,24.8,62,26.6,49.0
447558,2026-05-02,15,26,24.8,62,26.6,49.0
447559,2026-05-02,15,27,24.8,62,26.6,49.0
447560,2026-05-02,15,28,24.8,62,26.6,49.0
447561,2026-05-02,15,29,24.8,62,26.6,49.0
447562,2026-05-02,15,30,24.8,62,26.6,49.0
447563,2026-05-02,15,31,24.8,62,26.6,49.0
447564,2026-05-02,15,32,24.8,62,26.6,49.0
447565,2026-05-02,15,33,24.8,62,26.5,49.0
447566,2026-05-02,15,34,24.8,62,26.5,49.0
447567,2026-05-02,15,35,24.8,62,26.5,49.0
447568,2026-05-02,15,36,24.8,62,26.5,49.0
447569,2026-05-02,15,37,24.8,62,26.5,49.0
447570,2026-05-02,15,38,24.8,62,26.5,49.0
447571,2026-05-02,15,39,24.8,62,26.5,49.0
447572,2026-05-02,15,40,24.8,62,26.4,49.0
447573,2026-05-02,15,41,24.8,62,26.4,49.0
447574,2026-05-02,15,42,24.8,62,26.4,49.0
447575,2026-05-02,15,43,24.8,62,26.4,49.0
447576,2026-05-02,15,44,24.8,62,26.4,49.0
447577,2026-05-02,15,45,24.8,62,26.4,49.0
447578,2026-05-02,15,46,24.8,62,26.4,49.0
447579,2026-05-02,15,47,24.8,62,26.4,49.0
447580,2026-05-02,15,48,24.8,62,26.3,49.0
447581,2026-05-02,15,49,24.8,62,26.3,49.0
447582,2026-05-02,15,50,24.8,62,26.3,49.0
447583,2026-05-02,15,51,24.8,62,26.3,49.0
447584,2026-05-02,15,52,24.8,62,26.2,49.0
447585,2026-05-02,15,53,24.8,62,26.2,49.0
447586,2026-05-02,15,54,24.8,62,26.2,49.0
447587,2026-05-02,15,55,24.8,63,26.1,50.0
447588,2026-05-02,15,56,24.8,63,26.0,50.0
447589,2026-05-02,15,57,24.8,63,26.0,50.0
447590,2026-05-02,15,58,24.8,63,25.9,50.0
447591,2026-05-02,15,59,24.8,63,25.9,50.0
447592,2026-05-02,16,00,24.8,63,25.9,50.0
447593,2026-05-02,16,01,24.8,63,25.9,50.0
447594,2026-05-02,16,02,24.8,63,25.9,50.0
447595,2026-05-02,16,03,24.8,63,25.9,50.0
447596,2026-05-02,16,04,24.8,63,25.9,50.0
447597,2026-05-02,16,05,24.8,63,25.9,50.0
447598,2026-05-02,16,06,24.8,63,25.8,50.0
447599,2026-05-02,16,07,24.8,63,25.8,50.0
447600,2026-05-02,16,08,24.8,63,25.7,50.0
447601,2026-05-02,16,09,24.8,63,25.7,50.0
447602,2026-05-02,16,10,24.8,63,25.6,50.0
447603,2026-05-02,16,11,24.8,63,25.6,50.0
447604,2026-05-02,16,12,24.8,63,25.6,50.0
447605,2026-05-02,16,13,24.8,63,25.6,51.0
447606,2026-05-02,16,14,24.8,63,25.6,51.0
447607,2026-05-02,16,15,24.8,64,25.5,51.0
447608,2026-05-02,16,16,24.8,64,25.5,51.0
447609,2026-05-02,16,17,24.8,64,25.5,51.0
447610,2026-05-02,16,18,24.8,64,25.4,52.0
447611,2026-05-02,16,19,24.8,64,25.4,52.0
447612,2026-05-02,16,20,24.8,64,25.4,52.0
447613,2026-05-02,16,21,24.8,64,25.4,52.0
447614,2026-05-02,16,22,24.8,64,25.4,52.0
447615,2026-05-02,16,23,24.8,64,25.4,52.0
447616,2026-05-02,16,24,24.8,64,25.3,52.0
447617,2026-05-02,16,25,24.8,64,25.2,52.0
447618,2026-05-02,16,26,24.8,65,25.1,53.0
447619,2026-05-02,16,27,24.8,65,25.1,53.0
447620,2026-05-02,16,28,24.8,65,24.9,54.0
447621,2026-05-02,16,29,24.8,65,24.9,54.0
447622,2026-05-02,16,30,24.6,65,24.8,54.0
447623,2026-05-02,16,31,24.5,65,24.8,53.0
447624,2026-05-02,16,32,24.5,64,24.8,54.0
447625,2026-05-02,16,33,24.5,64,24.7,54.0
447626,2026-05-02,16,34,24.5,65,24.7,54.0
447627,2026-05-02,16,35,24.5,65,24.7,54.0
447628,2026-05-02,16,36,24.6,65,24.6,55.0
447629,2026-05-02,16,37,24.5,65,24.6,55.0
447630,2026-05-02,16,38,24.5,65,24.6,55.0
447631,2026-05-02,16,39,24.5,65,24.5,55.0
447632,2026-05-02,16,40,24.5,66,24.5,56.0
447633,2026-05-02,16,41,24.5,67,24.5,56.0
447634,2026-05-02,16,42,24.5,67,24.4,57.0
447635,2026-05-02,16,43,24.5,67,24.2,58.0
447636,2026-05-02,16,44,24.5,68,24.1,58.0
447637,2026-05-02,16,45,24.5,68,24.0,59.0
447638,2026-05-02,16,46,24.5,68,24.0,59.0
447639,2026-05-02,16,47,24.5,68,23.9,59.0
447640,2026-05-02,16,48,24.5,68,23.9,59.0
447641,2026-05-02,16,49,24.5,68,23.9,59.0
447642,2026-05-02,16,50,24.5,68,23.9,59.0
447643,2026-05-02,16,51,24.5,69,23.8,60.0
447644,2026-05-02,16,52,24.5,69,23.8,60.0
447645,2026-05-02,16,53,24.5,69,23.8,60.0
447646,2026-05-02,16,54,24.5,69,23.7,60.0
447647,2026-05-02,16,55,24.5,69,23.7,60.0
447648,2026-05-02,16,56,24.5,69,23.7,60.0
447649,2026-05-02,16,57,24.5,69,23.7,60.0
447650,2026-05-02,16,58,24.5,69,23.7,61.0
447651,2026-05-02,16,59,24.5,69,23.7,61.0
447652,2026-05-02,17,00,24.5,69,23.7,61.0
447653,2026-05-02,17,01,24.5,69,23.6,61.0
447654,2026-05-02,17,02,24.5,69,23.6,61.0
447655,2026-05-02,17,03,24.5,69,23.6,61.0
447656,2026-05-02,17,04,24.5,69,23.6,61.0
447657,2026-05-02,17,05,24.5,69,23.6,61.0
447658,2026-05-02,17,06,24.5,69,23.6,61.0
447659,2026-05-02,17,07,24.5,69,23.5,61.0
447660,2026-05-02,17,08,24.5,69,23.5,61.0
447661,2026-05-02,17,09,24.5,69,23.5,61.0
447662,2026-05-02,17,10,24.5,69,23.5,61.0
447663,2026-05-02,17,11,24.5,69,23.5,61.0
447664,2026-05-02,17,12,24.5,69,23.4,61.0
447665,2026-05-02,17,13,24.5,69,23.4,61.0
447666,2026-05-02,17,14,24.5,69,23.4,61.0
447667,2026-05-02,17,15,24.5,69,23.4,61.0
447668,2026-05-02,17,16,24.5,69,23.4,61.0
447669,2026-05-02,17,17,24.5,69,23.3,61.0
447670,2026-05-02,17,18,24.5,69,23.3,61.0
447671,2026-05-02,17,19,24.5,69,23.3,61.0
447672,2026-05-02,17,20,24.5,69,23.3,61.0
447673,2026-05-02,17,21,24.5,69,23.2,61.0
447674,2026-05-02,17,22,24.5,69,23.2,61.0
447675,2026-05-02,17,23,24.5,69,23.2,61.0
447676,2026-05-02,17,24,24.5,69,23.2,61.0
447677,2026-05-02,17,25,24.5,69,23.2,61.0
447678,2026-05-02,17,26,24.5,69,23.2,61.0
447679,2026-05-02,17,28,24.5,69,23.2,61.0
447680,2026-05-02,17,29,24.5,69,23.2,61.0
447681,2026-05-02,18,18,24.5,69,22.0,62.0
447682,2026-05-02,18,21,24.5,69,21.9,63.0
447683,2026-05-02,18,22,24.4,69,22.0,63.0
447684,2026-05-02,18,23,24.3,69,22.0,63.0
447685,2026-05-02,18,24,24.4,69,22.0,63.0
447686,2026-05-02,18,25,24.5,69,22.0,63.0
447687,2026-05-02,18,26,24.4,69,22.0,62.0
447688,2026-05-02,18,27,24.3,69,22.0,63.0
447689,2026-05-02,18,28,24.2,69,21.9,63.0
447690,2026-05-02,18,29,24.1,69,21.9,62.0
447691,2026-05-02,18,30,24.1,69,21.9,62.0
447692,2026-05-02,18,31,24.1,69,21.9,62.0
447693,2026-05-02,18,32,24.1,69,21.9,62.0
447694,2026-05-02,18,33,24.1,70,21.9,62.0
447695,2026-05-02,18,34,24.1,70,21.8,63.0
447696,2026-05-02,18,35,24.1,70,21.8,63.0
447697,2026-05-02,18,36,24.1,69,21.8,63.0
447698,2026-05-02,18,37,24.1,69,21.9,63.0
447699,2026-05-02,18,38,24.1,69,21.9,63.0
447700,2026-05-02,18,39,24.1,69,21.9,63.0
447701,2026-05-02,18,40,24.1,69,21.9,63.0
447702,2026-05-02,18,41,24.1,69,21.9,63.0
447703,2026-05-02,18,42,24.1,69,21.9,63.0
447704,2026-05-02,18,43,24.1,69,21.9,63.0
447705,2026-05-02,18,44,24.1,69,21.9,63.0
447706,2026-05-02,18,45,24.1,69,21.9,63.0
447707,2026-05-02,18,46,24.1,69,21.9,63.0
447708,2026-05-02,18,47,24.1,69,21.9,63.0
447709,2026-05-02,18,48,24.1,69,21.9,63.0
447710,2026-05-02,18,49,24.1,69,21.8,63.0
447711,2026-05-02,18,50,24.1,69,21.8,63.0
447712,2026-05-02,18,51,24.1,69,21.8,63.0
447713,2026-05-02,18,52,24.1,69,21.8,63.0
447714,2026-05-02,18,53,24.1,69,21.8,63.0
447715,2026-05-02,18,54,24.1,68,21.8,63.0
447716,2026-05-02,18,55,24.1,68,21.8,63.0
447717,2026-05-02,18,56,24.1,68,21.8,63.0
447718,2026-05-02,18,57,24.1,68,21.7,63.0
447719,2026-05-02,18,58,24.1,68,21.7,63.0
447720,2026-05-02,18,59,24.1,68,21.7,63.0
447721,2026-05-02,19,00,24.1,68,21.7,63.0
447722,2026-05-02,19,01,24.1,68,21.7,63.0
447723,2026-05-02,19,02,24.1,68,21.7,63.0
447724,2026-05-02,19,03,24.1,68,21.6,63.0
447725,2026-05-02,19,04,24.1,68,21.6,63.0
447726,2026-05-02,19,05,24.1,68,21.6,63.0
447727,2026-05-02,19,06,24.1,68,21.6,63.0
447728,2026-05-02,19,07,24.1,68,21.6,63.0
447729,2026-05-02,19,08,24.1,68,21.6,63.0
447730,2026-05-02,19,09,24.1,68,21.6,63.0
447731,2026-05-02,19,10,24.1,68,21.6,63.0
447732,2026-05-02,19,11,24.1,68,21.6,63.0
447733,2026-05-02,19,12,24.1,68,21.6,63.0
447734,2026-05-02,19,13,24.1,68,21.6,64.0
447735,2026-05-02,19,14,24.1,68,21.6,64.0
447736,2026-05-02,19,15,24.1,68,21.5,64.0
447737,2026-05-02,19,16,24.1,68,21.6,64.0
447738,2026-05-02,19,17,24.1,68,21.6,64.0
447739,2026-05-02,19,18,24.1,68,21.5,65.0
447740,2026-05-02,19,19,24.1,67,21.5,65.0
447741,2026-05-02,19,20,24.1,67,21.5,65.0
447742,2026-05-02,19,21,24.1,67,21.5,65.0
447743,2026-05-02,19,22,24.1,67,21.5,65.0
447744,2026-05-02,19,23,24.1,67,21.5,65.0
447745,2026-05-02,19,24,24.1,67,21.5,65.0
447746,2026-05-02,19,25,24.1,67,21.5,65.0
447747,2026-05-02,19,26,24.1,67,21.5,65.0
447748,2026-05-02,19,27,24.1,67,21.5,65.0
447749,2026-05-02,19,28,24.1,67,21.5,65.0
447750,2026-05-02,19,29,24.1,67,21.5,65.0
447751,2026-05-02,19,30,24.1,67,21.5,65.0
447752,2026-05-02,19,31,24.1,67,21.4,65.0
447753,2026-05-02,19,32,24.1,67,21.4,65.0
447754,2026-05-02,19,33,24.1,67,21.4,66.0
447755,2026-05-02,19,34,24.1,67,21.4,66.0
447756,2026-05-02,19,35,24.1,67,21.4,66.0
447757,2026-05-02,19,36,24.1,67,21.4,66.0
447758,2026-05-02,19,37,24.1,67,21.4,66.0
447759,2026-05-02,19,38,24.1,67,21.4,66.0
447760,2026-05-02,19,39,24.0,67,21.4,66.0
447761,2026-05-02,19,40,23.9,67,21.4,66.0
447762,2026-05-02,19,41,23.8,67,21.3,66.0
447763,2026-05-02,19,42,23.8,67,21.3,66.0
447764,2026-05-02,19,43,23.8,67,21.3,66.0
447765,2026-05-02,19,44,23.8,67,21.3,66.0
447766,2026-05-02,19,45,23.8,67,21.3,66.0
447767,2026-05-02,19,46,23.8,67,21.3,66.0
447768,2026-05-02,19,47,23.8,67,21.3,66.0
447769,2026-05-02,19,48,23.8,67,21.3,66.0
447770,2026-05-02,19,49,23.8,67,21.3,66.0
447771,2026-05-02,19,50,23.8,67,21.3,66.0
447772,2026-05-02,19,51,23.8,67,21.3,66.0
447773,2026-05-02,19,52,23.8,67,21.3,66.0
447774,2026-05-02,19,53,23.8,67,21.2,66.0
447775,2026-05-02,19,54,23.8,67,21.2,66.0
447776,2026-05-02,19,55,23.8,67,21.2,66.0
447777,2026-05-02,19,56,23.8,67,21.2,66.0
447778,2026-05-02,19,57,23.8,67,21.2,66.0
447779,2026-05-02,19,58,23.8,67,21.2,66.0
447780,2026-05-02,19,59,23.8,67,21.2,66.0
447781,2026-05-02,20,00,23.8,68,21.2,66.0
447782,2026-05-02,20,01,23.8,68,21.2,66.0
447783,2026-05-02,20,02,23.8,67,21.2,66.0
447784,2026-05-02,20,03,23.8,67,21.2,66.0
447785,2026-05-02,20,04,23.8,67,21.1,66.0
447786,2026-05-02,20,05,23.8,67,21.1,66.0
447787,2026-05-02,20,06,23.8,67,21.1,66.0
447788,2026-05-02,20,07,23.8,67,21.1,66.0
447789,2026-05-02,20,08,23.8,67,21.1,66.0
447790,2026-05-02,20,09,23.8,67,21.1,66.0
447791,2026-05-02,20,10,23.8,67,21.1,66.0
447792,2026-05-02,20,11,23.8,67,21.1,66.0
447793,2026-05-02,20,12,23.8,67,21.1,66.0
447794,2026-05-02,20,13,23.8,67,21.1,66.0
447795,2026-05-02,20,14,23.8,67,21.1,66.0
447796,2026-05-02,20,15,23.8,67,21.0,66.0
447797,2026-05-02,20,16,23.8,67,21.1,66.0
447798,2026-05-02,20,17,23.8,67,21.0,66.0
447799,2026-05-02,20,18,23.8,67,21.0,66.0
447800,2026-05-02,20,19,23.8,67,21.0,66.0
447801,2026-05-02,20,20,23.8,67,21.0,66.0
447802,2026-05-02,20,21,23.8,67,21.0,66.0
447803,2026-05-02,20,22,23.8,67,21.0,66.0
447804,2026-05-02,20,23,23.8,67,21.0,66.0
447805,2026-05-02,20,24,23.8,67,21.0,66.0
447806,2026-05-02,20,25,23.8,67,21.0,66.0
447807,2026-05-02,20,26,23.8,67,21.0,66.0
447808,2026-05-02,20,27,23.8,67,21.0,66.0
447809,2026-05-02,20,28,23.8,67,21.0,66.0
447810,2026-05-02,20,29,23.8,67,21.0,66.0
447811,2026-05-02,20,30,23.8,67,20.9,66.0
447812,2026-05-02,20,31,23.8,67,20.9,66.0
447813,2026-05-02,20,32,23.8,67,20.9,66.0
447814,2026-05-02,20,33,23.8,67,20.9,66.0
447815,2026-05-02,20,34,23.8,67,20.9,66.0
447816,2026-05-02,20,35,23.8,67,20.9,66.0
447817,2026-05-02,20,36,23.8,67,20.9,66.0
447818,2026-05-02,20,37,23.8,67,20.9,66.0
447819,2026-05-02,20,38,23.8,67,20.9,66.0
447820,2026-05-02,20,39,23.8,67,20.9,66.0
447821,2026-05-02,20,40,23.8,67,20.9,66.0
447822,2026-05-02,20,41,23.8,67,20.8,66.0
447823,2026-05-02,20,42,23.8,67,20.8,66.0
447824,2026-05-02,20,43,23.8,67,20.8,66.0
447825,2026-05-02,20,44,23.8,67,20.8,66.0
447826,2026-05-02,20,45,23.6,67,20.8,66.0
447827,2026-05-02,20,46,23.4,67,20.8,66.0
447828,2026-05-02,20,47,23.4,67,20.8,66.0
447829,2026-05-02,20,48,23.4,67,20.8,66.0
447830,2026-05-02,20,49,23.4,67,20.8,66.0
447831,2026-05-02,20,50,23.4,67,20.8,66.0
447832,2026-05-02,20,51,23.4,67,20.7,66.0
447833,2026-05-02,20,52,23.4,67,20.7,66.0
447834,2026-05-02,20,53,23.4,67,20.7,66.0
447835,2026-05-02,20,54,23.4,67,20.7,66.0
447836,2026-05-02,20,55,23.4,67,20.7,66.0
447837,2026-05-02,20,56,23.4,67,20.7,66.0
447838,2026-05-02,20,57,23.4,67,20.7,66.0
447839,2026-05-02,20,58,23.4,67,20.6,66.0
447840,2026-05-02,20,59,23.4,67,20.7,66.0
447841,2026-05-02,21,00,23.4,67,20.6,66.0
447842,2026-05-02,21,01,23.4,67,20.6,66.0
447843,2026-05-02,21,02,23.4,67,20.6,66.0
447844,2026-05-02,21,03,23.4,67,20.6,66.0
447845,2026-05-02,21,04,23.4,67,20.6,66.0
447846,2026-05-02,21,05,23.4,67,20.6,66.0
447847,2026-05-02,21,06,23.4,67,20.6,66.0
447848,2026-05-02,21,07,23.4,67,20.6,66.0
447849,2026-05-02,21,08,23.4,67,20.6,66.0
447850,2026-05-02,21,09,23.4,67,20.5,66.0
447851,2026-05-02,21,10,23.4,67,20.6,66.0
447852,2026-05-02,21,11,23.4,67,20.5,66.0
447853,2026-05-02,21,12,23.4,67,20.5,66.0
447854,2026-05-02,21,13,23.4,67,20.5,66.0
447855,2026-05-02,21,14,23.4,67,20.5,66.0
447856,2026-05-02,21,15,23.4,66,20.5,66.0
447857,2026-05-02,21,16,23.4,67,20.5,66.0
447858,2026-05-02,21,17,23.4,67,20.5,66.0
447859,2026-05-02,21,18,23.4,67,20.5,66.0
447860,2026-05-02,21,19,23.4,67,20.5,66.0
447861,2026-05-02,21,20,23.4,67,20.5,66.0
447862,2026-05-02,21,21,23.4,67,20.5,66.0
447863,2026-05-02,21,22,23.4,67,20.5,66.0
447864,2026-05-02,21,23,23.4,67,20.5,66.0
447865,2026-05-02,21,24,23.4,67,20.4,66.0
447866,2026-05-02,21,25,23.4,67,20.4,66.0
447867,2026-05-02,21,26,23.4,67,20.4,66.0
447868,2026-05-02,21,27,23.4,67,20.4,66.0
447869,2026-05-02,21,28,23.4,67,20.4,66.0
447870,2026-05-02,21,29,23.4,67,20.4,66.0
447871,2026-05-02,21,30,23.4,67,20.4,66.0
447872,2026-05-02,21,31,23.4,67,20.4,66.0
447873,2026-05-02,21,32,23.4,67,20.4,66.0
447874,2026-05-02,21,33,23.4,67,20.4,66.0
447875,2026-05-02,21,34,23.4,67,20.4,66.0
447876,2026-05-02,21,35,23.4,67,20.4,66.0
447877,2026-05-02,21,36,23.4,67,20.4,66.0
447878,2026-05-02,21,37,23.4,67,20.4,66.0
447879,2026-05-02,21,38,23.4,67,20.4,66.0
447880,2026-05-02,21,39,23.4,67,20.4,66.0
447881,2026-05-02,21,40,23.4,67,20.4,66.0
447882,2026-05-02,21,41,23.4,67,20.4,66.0
447883,2026-05-02,21,42,23.4,67,20.4,66.0
447884,2026-05-02,21,43,23.2,67,20.4,66.0
447885,2026-05-02,21,44,23.1,67,20.4,66.0
447886,2026-05-02,21,45,23.0,67,20.4,66.0
447887,2026-05-02,21,46,23.0,67,20.4,66.0
447888,2026-05-02,21,47,23.0,67,20.4,66.0
447889,2026-05-02,21,48,23.0,67,20.4,66.0
447890,2026-05-02,21,49,23.0,67,20.4,66.0
447891,2026-05-02,21,50,23.0,67,20.4,66.0
447892,2026-05-02,21,51,23.0,67,20.4,66.0
447893,2026-05-02,21,52,23.0,67,20.4,66.0
447894,2026-05-02,21,53,23.0,67,20.4,66.0
447895,2026-05-02,21,54,23.0,67,20.4,66.0
447896,2026-05-02,21,55,23.0,67,20.4,66.0
447897,2026-05-02,21,56,23.0,67,20.4,66.0
447898,2026-05-02,21,57,23.0,66,20.4,66.0
447899,2026-05-02,21,58,23.0,66,20.4,66.0
447900,2026-05-02,21,59,23.0,66,20.4,66.0
447901,2026-05-02,22,00,23.0,66,20.4,66.0
447902,2026-05-02,22,01,23.0,67,20.4,66.0
447903,2026-05-02,22,02,23.0,67,20.4,66.0
447904,2026-05-02,22,03,23.0,67,20.4,66.0
447905,2026-05-02,22,04,23.0,66,20.4,66.0
447906,2026-05-02,22,05,23.0,66,20.4,66.0
447907,2026-05-02,22,06,23.0,66,20.4,66.0
447908,2026-05-02,22,07,23.0,66,20.4,66.0
447909,2026-05-02,22,08,23.0,66,20.4,66.0
447910,2026-05-02,22,09,23.0,66,20.4,66.0
447911,2026-05-02,22,10,23.0,66,20.4,66.0
447912,2026-05-02,22,11,23.0,66,20.4,66.0
447913,2026-05-02,22,12,23.0,66,20.4,66.0
447914,2026-05-02,22,13,23.0,66,20.4,66.0
447915,2026-05-02,22,14,23.0,66,20.4,66.0
447916,2026-05-02,22,15,23.0,66,20.5,66.0
447917,2026-05-02,22,16,23.0,66,20.5,66.0
447918,2026-05-02,22,17,23.0,66,20.5,66.0
447919,2026-05-02,22,18,23.0,66,20.5,66.0
447920,2026-05-02,22,19,23.0,66,20.5,66.0
447921,2026-05-02,22,20,23.0,66,20.5,66.0
447922,2026-05-02,22,22,23.0,66,20.5,66.0
447923,2026-05-02,22,23,23.0,66,20.5,65.0
447924,2026-05-02,22,24,23.0,66,20.5,66.0
447925,2026-05-02,22,25,23.0,66,20.5,65.0
447926,2026-05-02,22,26,23.0,66,20.5,65.0
447927,2026-05-02,22,27,23.0,66,20.5,66.0
447928,2026-05-02,22,28,23.0,66,20.5,65.0
447929,2026-05-02,22,29,23.0,66,20.5,66.0
447930,2026-05-02,22,30,23.0,66,20.5,65.0
447931,2026-05-02,22,31,23.0,67,20.5,66.0
447932,2026-05-02,22,32,23.0,67,20.5,66.0
447933,2026-05-02,22,33,23.0,67,20.5,66.0
447934,2026-05-02,22,34,23.0,67,20.5,65.0
447935,2026-05-02,22,35,23.0,67,20.5,66.0
447936,2026-05-02,22,37,23.0,67,20.5,66.0
447937,2026-05-02,22,38,23.0,67,20.5,66.0
447938,2026-05-02,22,39,23.0,67,20.5,66.0
447939,2026-05-02,22,40,23.0,67,20.5,66.0
447940,2026-05-02,22,41,23.0,67,20.5,66.0
447941,2026-05-02,22,42,23.0,67,20.5,66.0
447942,2026-05-02,22,43,23.0,67,20.5,66.0
447943,2026-05-02,22,44,23.0,67,20.5,65.0
447944,2026-05-02,22,45,23.0,67,20.5,66.0
447945,2026-05-02,22,46,23.0,67,20.5,66.0
447946,2026-05-02,22,47,23.0,67,20.5,66.0
447947,2026-05-02,22,48,23.0,67,20.5,65.0
447948,2026-05-02,22,49,23.0,67,20.5,65.0
447949,2026-05-02,22,50,23.0,67,20.5,66.0
447950,2026-05-02,22,51,23.0,67,20.5,65.0
447951,2026-05-02,22,52,23.0,67,20.5,66.0
447952,2026-05-02,22,53,23.0,67,20.5,66.0
447953,2026-05-02,22,54,23.0,67,20.5,66.0
447954,2026-05-02,22,55,23.0,67,20.5,66.0
447955,2026-05-02,22,56,23.0,67,20.5,65.0
447956,2026-05-02,22,57,23.0,67,20.5,65.0
447957,2026-05-02,22,58,23.0,67,20.5,66.0
447958,2026-05-02,22,59,23.0,67,20.5,65.0
447959,2026-05-02,23,00,23.0,67,20.5,65.0
447960,2026-05-02,23,01,23.0,67,20.5,65.0
447961,2026-05-02,23,02,23.0,67,20.5,65.0
447962,2026-05-02,23,03,23.0,67,20.5,65.0
447963,2026-05-02,23,04,22.9,67,20.5,65.0
447964,2026-05-02,23,05,22.8,67,20.5,65.0
447965,2026-05-02,23,06,22.7,67,20.5,65.0
447966,2026-05-02,23,07,22.6,67,20.5,65.0
447967,2026-05-02,23,08,22.6,67,20.5,65.0
447968,2026-05-02,23,09,22.6,67,20.5,65.0
447969,2026-05-02,23,10,22.6,67,20.5,65.0
447970,2026-05-02,23,11,22.6,68,20.5,66.0
447971,2026-05-02,23,12,22.6,68,20.5,66.0
447972,2026-05-02,23,13,22.6,68,20.4,66.0
447973,2026-05-02,23,14,22.6,68,20.4,66.0
447974,2026-05-02,23,15,22.6,68,20.5,66.0
447975,2026-05-02,23,16,22.6,68,20.5,66.0
447976,2026-05-02,23,17,22.6,68,20.5,66.0
447977,2026-05-02,23,18,22.6,68,20.4,66.0
447978,2026-05-02,23,19,22.6,68,20.5,66.0
447979,2026-05-02,23,20,22.6,68,20.5,66.0
447980,2026-05-02,23,21,22.6,68,20.5,66.0
447981,2026-05-02,23,22,22.6,68,20.5,66.0
447982,2026-05-02,23,23,22.6,68,20.5,66.0
447983,2026-05-02,23,24,22.6,68,20.5,66.0
447984,2026-05-02,23,25,22.6,68,20.5,66.0
447985,2026-05-02,23,26,22.6,68,20.5,66.0
447986,2026-05-02,23,27,22.6,68,20.5,66.0
447987,2026-05-02,23,28,22.6,68,20.5,66.0
447988,2026-05-02,23,29,22.6,68,20.5,66.0
447989,2026-05-02,23,30,22.6,68,20.5,66.0
447990,2026-05-02,23,31,22.6,68,20.5,66.0
447991,2026-05-02,23,32,22.6,68,20.5,66.0
447992,2026-05-02,23,33,22.6,68,20.5,66.0
447993,2026-05-02,23,34,22.6,68,20.5,66.0
447994,2026-05-02,23,35,22.6,69,20.5,66.0
447995,2026-05-02,23,36,22.6,69,20.5,66.0
447996,2026-05-02,23,37,22.6,69,20.5,66.0
447997,2026-05-02,23,38,22.6,69,20.4,66.0
447998,2026-05-02,23,39,22.6,69,20.5,66.0
447999,2026-05-02,23,40,22.6,69,20.5,66.0
448000,2026-05-02,23,41,22.6,69,20.4,66.0
448001,2026-05-02,23,42,22.6,69,20.4,66.0
448002,2026-05-02,23,43,22.6,69,20.4,66.0
448003,2026-05-02,23,44,22.6,69,20.5,66.0
448004,2026-05-02,23,45,22.6,69,20.4,66.0
448005,2026-05-02,23,46,22.6,69,20.4,66.0
448006,2026-05-02,23,47,22.6,69,20.4,66.0
448007,2026-05-02,23,48,22.6,69,20.5,66.0
448008,2026-05-02,23,49,22.6,69,20.4,66.0
448009,2026-05-02,23,50,22.6,69,20.4,66.0
448010,2026-05-02,23,51,22.6,69,20.4,66.0
448011,2026-05-02,23,52,22.6,69,20.5,66.0
448012,2026-05-02,23,53,22.6,69,20.5,66.0
448013,2026-05-02,23,54,22.6,69,20.5,66.0
448014,2026-05-02,23,55,22.6,69,20.5,66.0
448015,2026-05-02,23,56,22.6,69,20.4,66.0
448016,2026-05-02,23,57,22.6,69,20.4,66.0
448017,2026-05-02,23,58,22.6,69,20.4,66.0
448018,2026-05-02,23,59,22.6,69,20.4,66.0
448019,2026-05-03,00,00,22.6,69,20.4,66.0
448020,2026-05-03,00,01,22.6,69,20.4,66.0
448021,2026-05-03,00,02,22.6,69,20.4,66.0
448022,2026-05-03,00,03,22.6,69,20.4,66.0
448023,2026-05-03,00,04,22.6,69,20.4,66.0
448024,2026-05-03,00,05,22.6,69,20.4,66.0
448025,2026-05-03,00,06,22.6,69,20.4,66.0
448026,2026-05-03,00,07,22.6,69,20.4,66.0
448027,2026-05-03,00,08,22.6,69,20.4,66.0
448028,2026-05-03,00,09,22.6,69,20.4,66.0
448029,2026-05-03,00,10,22.6,69,20.4,66.0
448030,2026-05-03,00,11,22.6,69,20.4,66.0
448031,2026-05-03,00,12,22.6,69,20.4,66.0
448032,2026-05-03,00,13,22.6,69,20.4,66.0
448033,2026-05-03,00,14,22.6,69,20.4,66.0
448034,2026-05-03,00,15,22.6,69,20.4,66.0
448035,2026-05-03,00,16,22.6,69,20.4,66.0
448036,2026-05-03,00,17,22.6,69,20.3,66.0
448037,2026-05-03,00,18,22.6,69,20.3,66.0
448038,2026-05-03,00,19,22.6,69,20.3,66.0
448039,2026-05-03,00,20,22.6,69,20.3,66.0
448040,2026-05-03,00,21,22.6,69,20.3,66.0
448041,2026-05-03,00,22,22.6,69,20.3,66.0
448042,2026-05-03,00,23,22.6,69,20.3,66.0
448043,2026-05-03,00,24,22.6,69,20.3,66.0
448044,2026-05-03,00,25,22.6,69,20.3,67.0
448045,2026-05-03,00,26,22.6,69,20.3,67.0
448046,2026-05-03,00,27,22.6,69,20.2,67.0
448047,2026-05-03,00,28,22.6,69,20.2,67.0
448048,2026-05-03,00,29,22.6,69,20.2,67.0
448049,2026-05-03,00,30,22.6,69,20.2,67.0
448050,2026-05-03,00,31,22.6,69,20.2,67.0
448051,2026-05-03,00,32,22.6,69,20.2,67.0
448052,2026-05-03,00,33,22.6,69,20.2,67.0
448053,2026-05-03,00,34,22.6,69,20.2,67.0
448054,2026-05-03,00,35,22.6,69,20.2,67.0
448055,2026-05-03,00,36,22.6,69,20.2,67.0
448056,2026-05-03,00,37,22.4,69,20.2,67.0
448057,2026-05-03,00,38,22.3,69,20.2,67.0
448058,2026-05-03,00,39,22.3,69,20.1,67.0
448059,2026-05-03,00,40,22.3,69,20.2,67.0
448060,2026-05-03,00,41,22.3,69,20.1,67.0
448061,2026-05-03,00,42,22.3,69,20.1,67.0
448062,2026-05-03,00,43,22.3,69,20.1,67.0
448063,2026-05-03,00,44,22.2,69,20.1,67.0
448064,2026-05-03,00,45,22.2,69,20.1,67.0
448065,2026-05-03,00,46,22.3,69,20.1,67.0
448066,2026-05-03,00,47,22.2,69,20.1,67.0
448067,2026-05-03,00,48,22.2,69,20.1,67.0
448068,2026-05-03,00,49,22.2,69,20.1,67.0
448069,2026-05-03,00,50,22.2,69,20.1,67.0
448070,2026-05-03,00,51,22.2,69,20.1,67.0
448071,2026-05-03,00,52,22.2,69,20.1,67.0
448072,2026-05-03,00,53,22.2,69,20.1,67.0
448073,2026-05-03,00,54,22.2,69,20.1,67.0
448074,2026-05-03,00,55,22.2,69,20.1,67.0
448075,2026-05-03,00,56,22.2,69,20.1,67.0
448076,2026-05-03,00,57,22.2,69,20.0,67.0
448077,2026-05-03,00,58,22.2,69,20.1,67.0
448078,2026-05-03,00,59,22.2,69,20.0,67.0
448079,2026-05-03,01,00,22.2,69,20.0,67.0
448080,2026-05-03,01,01,22.2,69,20.0,67.0
448081,2026-05-03,01,02,22.2,69,20.0,67.0
448082,2026-05-03,01,03,22.2,69,20.0,67.0
448083,2026-05-03,01,04,22.2,70,20.0,67.0
448084,2026-05-03,01,05,22.2,70,20.0,67.0
448085,2026-05-03,01,06,22.2,70,20.0,67.0
448086,2026-05-03,01,07,22.2,70,20.0,67.0
448087,2026-05-03,01,08,22.2,70,20.0,67.0
448088,2026-05-03,01,09,22.2,70,20.0,67.0
448089,2026-05-03,01,10,22.2,70,20.0,67.0
448090,2026-05-03,01,11,22.2,70,20.0,67.0
448091,2026-05-03,01,12,22.2,70,20.0,67.0
448092,2026-05-03,01,13,22.2,70,20.0,67.0
448093,2026-05-03,01,14,22.2,70,20.0,67.0
448094,2026-05-03,01,15,22.2,70,20.0,67.0
448095,2026-05-03,01,16,22.2,70,20.0,67.0
448096,2026-05-03,01,17,22.2,70,20.0,67.0
448097,2026-05-03,01,18,22.2,70,19.9,67.0
448098,2026-05-03,01,19,22.2,70,19.9,67.0
448099,2026-05-03,01,20,22.2,70,19.9,67.0
448100,2026-05-03,01,21,22.2,70,19.9,67.0
448101,2026-05-03,01,22,22.2,70,19.9,67.0
448102,2026-05-03,01,23,22.2,70,19.9,67.0
448103,2026-05-03,01,24,22.2,70,19.9,67.0
448104,2026-05-03,01,25,22.2,70,19.9,67.0
448105,2026-05-03,01,26,22.2,70,19.9,67.0
448106,2026-05-03,01,27,22.2,70,19.9,67.0
448107,2026-05-03,01,28,22.2,70,19.9,67.0
448108,2026-05-03,01,29,22.2,70,19.9,67.0
448109,2026-05-03,01,30,22.2,70,19.9,68.0
448110,2026-05-03,01,31,22.2,70,19.9,67.0
448111,2026-05-03,01,32,22.2,70,19.9,68.0
448112,2026-05-03,01,33,22.2,70,19.9,67.0
448113,2026-05-03,01,34,22.2,70,19.9,67.0
448114,2026-05-03,01,35,22.2,70,19.9,68.0
448115,2026-05-03,01,36,22.2,70,19.9,67.0
448116,2026-05-03,01,37,22.2,70,19.9,67.0
448117,2026-05-03,01,38,22.2,70,19.8,67.0
448118,2026-05-03,01,39,22.2,70,19.9,67.0
448119,2026-05-03,01,40,22.2,70,19.8,67.0
448120,2026-05-03,01,41,22.2,70,19.8,67.0
448121,2026-05-03,01,42,22.2,70,19.8,68.0
448122,2026-05-03,01,43,22.2,70,19.8,68.0
448123,2026-05-03,01,44,22.2,70,19.8,67.0
448124,2026-05-03,01,45,22.2,70,19.8,67.0
448125,2026-05-03,01,46,22.2,70,19.8,67.0
448126,2026-05-03,01,47,22.2,70,19.8,67.0
448127,2026-05-03,01,48,22.2,70,19.8,67.0
448128,2026-05-03,01,49,22.2,70,19.8,68.0
448129,2026-05-03,01,50,22.2,70,19.8,68.0
448130,2026-05-03,01,51,22.2,70,19.8,68.0
448131,2026-05-03,01,52,22.2,70,19.8,68.0
448132,2026-05-03,01,53,22.2,70,19.8,68.0
448133,2026-05-03,01,54,22.2,70,19.8,67.0
448134,2026-05-03,01,55,22.2,70,19.8,68.0
448135,2026-05-03,01,56,22.2,70,19.8,67.0
448136,2026-05-03,01,57,22.2,70,19.8,67.0
448137,2026-05-03,01,58,22.2,70,19.8,67.0
448138,2026-05-03,01,59,22.2,70,19.8,67.0
448139,2026-05-03,02,00,22.2,70,19.8,67.0
448140,2026-05-03,02,01,22.2,70,19.8,67.0
448141,2026-05-03,02,02,22.2,70,19.8,67.0
448142,2026-05-03,02,03,22.2,70,19.8,67.0
448143,2026-05-03,02,04,22.2,70,19.8,67.0
448144,2026-05-03,02,05,22.2,70,19.8,67.0
448145,2026-05-03,02,06,22.2,70,19.8,67.0
448146,2026-05-03,02,07,22.2,70,19.8,67.0
448147,2026-05-03,02,08,22.2,70,19.8,67.0
448148,2026-05-03,02,09,22.2,70,19.9,67.0
448149,2026-05-03,02,10,22.2,70,19.9,67.0
448150,2026-05-03,02,11,22.2,70,19.9,67.0
448151,2026-05-03,02,12,22.2,70,19.8,67.0
448152,2026-05-03,02,13,22.2,70,19.8,67.0
448153,2026-05-03,02,14,22.2,70,19.9,67.0
448154,2026-05-03,02,15,22.2,70,19.9,67.0
448155,2026-05-03,02,16,22.2,70,19.9,67.0
448156,2026-05-03,02,17,22.2,70,19.9,67.0
448157,2026-05-03,02,18,22.2,70,19.9,67.0
448158,2026-05-03,02,19,22.2,70,19.9,67.0
448159,2026-05-03,02,20,22.2,70,19.9,67.0
448160,2026-05-03,02,21,22.2,70,19.9,67.0
448161,2026-05-03,02,22,22.2,70,19.9,67.0
448162,2026-05-03,02,23,22.2,70,19.9,67.0
448163,2026-05-03,02,24,22.2,70,19.9,67.0
448164,2026-05-03,02,25,22.2,70,19.9,67.0
448165,2026-05-03,02,26,22.2,70,19.9,67.0
448166,2026-05-03,02,27,22.2,70,19.9,67.0
448167,2026-05-03,02,28,22.2,70,19.9,67.0
448168,2026-05-03,02,29,22.2,70,19.9,67.0
448169,2026-05-03,02,30,22.2,70,19.9,67.0
448170,2026-05-03,02,31,22.2,70,19.9,67.0
448171,2026-05-03,02,32,22.2,70,19.9,67.0
448172,2026-05-03,02,33,22.2,70,19.9,67.0
448173,2026-05-03,02,34,22.2,70,19.9,67.0
448174,2026-05-03,02,35,22.2,70,19.9,67.0
448175,2026-05-03,02,36,22.1,70,19.9,67.0
448176,2026-05-03,02,37,21.9,70,19.9,67.0
448177,2026-05-03,02,38,21.9,70,19.9,67.0
448178,2026-05-03,02,39,21.9,70,19.9,67.0
448179,2026-05-03,02,40,21.9,70,19.9,67.0
448180,2026-05-03,02,41,21.8,70,19.9,67.0
448181,2026-05-03,02,42,21.8,70,19.9,67.0
448182,2026-05-03,02,43,21.8,70,19.9,67.0
448183,2026-05-03,02,44,21.8,70,19.9,67.0
448184,2026-05-03,02,45,21.8,70,19.9,67.0
448185,2026-05-03,02,46,21.8,70,19.9,67.0
448186,2026-05-03,02,47,21.8,70,19.9,67.0
448187,2026-05-03,02,48,21.8,70,19.9,67.0
448188,2026-05-03,02,49,21.8,70,19.9,67.0
448189,2026-05-03,02,50,21.8,70,19.9,67.0
448190,2026-05-03,02,51,21.8,70,19.9,67.0
448191,2026-05-03,02,52,21.8,70,19.9,67.0
448192,2026-05-03,02,53,21.8,70,19.9,67.0
448193,2026-05-03,02,54,21.8,70,19.9,67.0
448194,2026-05-03,02,55,21.8,70,19.9,67.0
448195,2026-05-03,02,56,21.8,70,19.9,67.0
448196,2026-05-03,02,57,21.8,70,19.9,67.0
448197,2026-05-03,02,58,21.8,70,19.9,67.0
448198,2026-05-03,02,59,21.8,70,19.9,67.0
448199,2026-05-03,03,00,21.8,70,19.9,67.0
448200,2026-05-03,03,01,21.8,70,19.9,67.0
448201,2026-05-03,03,02,21.8,70,19.9,67.0
448202,2026-05-03,03,03,21.8,70,19.9,67.0
448203,2026-05-03,03,04,21.8,70,19.9,67.0
448204,2026-05-03,03,05,21.8,70,19.9,67.0
448205,2026-05-03,03,06,21.8,70,19.9,67.0
448206,2026-05-03,03,07,21.8,70,19.9,67.0
448207,2026-05-03,03,08,21.8,70,19.9,67.0
448208,2026-05-03,03,09,21.8,70,19.9,67.0
448209,2026-05-03,03,10,21.8,70,19.9,67.0
448210,2026-05-03,03,11,21.8,70,19.9,67.0
448211,2026-05-03,03,12,21.8,70,19.9,67.0
448212,2026-05-03,03,13,21.8,70,19.9,67.0
448213,2026-05-03,03,14,21.8,70,19.9,67.0
448214,2026-05-03,03,15,21.8,70,19.9,67.0
448215,2026-05-03,03,16,21.8,70,19.9,67.0
448216,2026-05-03,03,17,21.8,70,19.9,67.0
448217,2026-05-03,03,18,21.8,70,19.9,67.0
448218,2026-05-03,03,19,21.8,70,19.9,67.0
448219,2026-05-03,03,20,21.8,70,19.9,67.0
448220,2026-05-03,03,21,21.8,70,19.9,67.0
448221,2026-05-03,03,22,21.8,70,19.9,67.0
448222,2026-05-03,03,23,21.8,70,19.9,67.0
448223,2026-05-03,03,24,21.8,70,19.9,67.0
448224,2026-05-03,03,25,21.8,70,19.9,67.0
448225,2026-05-03,03,26,21.8,70,19.9,67.0
448226,2026-05-03,03,27,21.8,70,19.9,67.0
448227,2026-05-03,03,28,21.8,70,19.9,67.0
448228,2026-05-03,03,29,21.8,70,19.9,67.0
448229,2026-05-03,03,30,21.8,70,19.8,67.0
448230,2026-05-03,03,31,21.8,70,19.8,67.0
448231,2026-05-03,03,32,21.8,70,19.9,67.0
448232,2026-05-03,03,33,21.8,70,19.9,67.0
448233,2026-05-03,03,34,21.8,70,19.9,67.0
448234,2026-05-03,03,35,21.8,70,19.9,67.0
448235,2026-05-03,03,36,21.8,70,19.8,67.0
448236,2026-05-03,03,37,21.8,70,19.8,67.0
448237,2026-05-03,03,38,21.8,70,19.8,67.0
448238,2026-05-03,03,39,21.8,70,19.8,67.0
448239,2026-05-03,03,40,21.8,70,19.8,67.0
448240,2026-05-03,03,41,21.8,70,19.8,67.0
448241,2026-05-03,03,42,21.8,70,19.8,67.0
448242,2026-05-03,03,43,21.8,70,19.8,67.0
448243,2026-05-03,03,44,21.8,70,19.8,67.0
448244,2026-05-03,03,45,21.8,70,19.8,67.0
448245,2026-05-03,03,46,21.8,70,19.8,67.0
448246,2026-05-03,03,47,21.8,70,19.8,67.0
448247,2026-05-03,03,48,21.8,70,19.8,67.0
448248,2026-05-03,03,49,21.8,70,19.8,67.0
448249,2026-05-03,03,50,21.8,70,19.8,67.0
448250,2026-05-03,03,51,21.8,70,19.8,67.0
448251,2026-05-03,03,52,21.8,70,19.8,67.0
448252,2026-05-03,03,53,21.8,70,19.8,67.0
448253,2026-05-03,03,54,21.8,70,19.8,67.0
448254,2026-05-03,03,55,21.8,70,19.8,67.0
448255,2026-05-03,03,56,21.8,71,19.9,67.0
448256,2026-05-03,03,57,21.8,71,19.9,67.0
448257,2026-05-03,03,58,21.8,71,19.9,67.0
448258,2026-05-03,03,59,21.8,71,19.9,67.0
448259,2026-05-03,04,00,21.8,71,19.8,67.0
448260,2026-05-03,04,01,21.8,71,19.8,67.0
448261,2026-05-03,04,02,21.8,71,19.8,67.0
448262,2026-05-03,04,03,21.8,71,19.8,67.0
448263,2026-05-03,04,04,21.8,71,19.8,67.0
448264,2026-05-03,04,05,21.8,71,19.8,67.0
448265,2026-05-03,04,06,21.8,71,19.8,67.0
448266,2026-05-03,04,07,21.8,71,19.8,67.0
448267,2026-05-03,04,08,21.8,71,19.8,67.0
448268,2026-05-03,04,09,21.8,71,19.8,67.0
448269,2026-05-03,04,10,21.8,71,19.8,67.0
448270,2026-05-03,04,11,21.8,71,19.8,67.0
448271,2026-05-03,04,12,21.8,71,19.8,67.0
448272,2026-05-03,04,13,21.8,71,19.8,67.0
448273,2026-05-03,04,14,21.8,71,19.7,67.0
448274,2026-05-03,04,15,21.8,71,19.7,67.0
448275,2026-05-03,04,16,21.8,71,19.7,67.0
448276,2026-05-03,04,17,21.8,71,19.7,67.0
448277,2026-05-03,04,18,21.8,71,19.7,67.0
448278,2026-05-03,04,19,21.8,71,19.7,67.0
448279,2026-05-03,04,20,21.8,71,19.7,67.0
448280,2026-05-03,04,21,21.8,71,19.7,67.0
448281,2026-05-03,04,22,21.8,71,19.7,67.0
448282,2026-05-03,04,23,21.8,71,19.7,67.0
448283,2026-05-03,04,24,21.8,71,19.7,67.0
448284,2026-05-03,04,25,21.8,71,19.7,67.0
448285,2026-05-03,04,26,21.8,71,19.7,67.0
448286,2026-05-03,04,27,21.8,71,19.7,67.0
448287,2026-05-03,04,28,21.8,71,19.7,67.0
448288,2026-05-03,04,29,21.8,71,19.7,67.0
448289,2026-05-03,04,30,21.8,71,19.7,67.0
448290,2026-05-03,04,31,21.8,71,19.7,67.0
448291,2026-05-03,04,32,21.8,71,19.7,67.0
448292,2026-05-03,04,33,21.8,71,19.7,67.0
448293,2026-05-03,04,34,21.8,71,19.7,67.0
448294,2026-05-03,04,35,21.8,71,19.6,67.0
448295,2026-05-03,04,36,21.8,71,19.7,67.0
448296,2026-05-03,04,37,21.8,71,19.7,67.0
448297,2026-05-03,04,38,21.8,71,19.6,67.0
448298,2026-05-03,04,39,21.8,71,19.6,67.0
448299,2026-05-03,04,40,21.8,71,19.6,67.0
448300,2026-05-03,04,41,21.8,71,19.6,67.0
448301,2026-05-03,04,42,21.8,71,19.6,67.0
448302,2026-05-03,04,43,21.8,71,19.6,67.0
448303,2026-05-03,04,44,21.8,71,19.6,67.0
448304,2026-05-03,04,45,21.8,71,19.6,67.0
448305,2026-05-03,04,46,21.8,71,19.6,67.0
448306,2026-05-03,04,47,21.8,71,19.6,67.0
448307,2026-05-03,04,48,21.8,71,19.6,67.0
448308,2026-05-03,04,49,21.8,71,19.6,68.0
448309,2026-05-03,04,50,21.8,71,19.6,68.0
448310,2026-05-03,04,51,21.8,71,19.6,67.0
448311,2026-05-03,04,52,21.8,71,19.6,68.0
448312,2026-05-03,04,53,21.8,71,19.6,68.0
448313,2026-05-03,04,54,21.8,71,19.6,67.0
448314,2026-05-03,04,55,21.8,71,19.6,68.0
448315,2026-05-03,04,56,21.8,71,19.6,67.0
448316,2026-05-03,04,57,21.8,71,19.6,68.0
448317,2026-05-03,04,58,21.8,71,19.6,68.0
448318,2026-05-03,04,59,21.8,71,19.6,68.0
448319,2026-05-03,05,00,21.8,71,19.6,68.0
448320,2026-05-03,05,01,21.8,71,19.6,68.0
448321,2026-05-03,05,02,21.8,71,19.6,68.0
448322,2026-05-03,05,03,21.7,71,19.6,68.0
448323,2026-05-03,05,04,21.8,71,19.6,68.0
448324,2026-05-03,05,05,21.8,71,19.6,68.0
448325,2026-05-03,05,06,21.8,71,19.6,68.0
448326,2026-05-03,05,07,21.8,71,19.6,68.0
448327,2026-05-03,05,08,21.8,71,19.6,68.0
448328,2026-05-03,05,09,21.7,71,19.6,68.0
448329,2026-05-03,05,10,21.7,71,19.6,68.0
448330,2026-05-03,05,11,21.5,71,19.6,68.0
448331,2026-05-03,05,12,21.5,71,19.6,68.0
448332,2026-05-03,05,13,21.6,71,19.6,68.0
448333,2026-05-03,05,14,21.5,71,19.6,68.0
448334,2026-05-03,05,15,21.5,71,19.6,68.0
448335,2026-05-03,05,16,21.5,71,19.6,68.0
448336,2026-05-03,05,17,21.4,71,19.6,68.0
448337,2026-05-03,05,18,21.4,71,19.6,68.0
448338,2026-05-03,05,19,21.4,71,19.6,68.0
448339,2026-05-03,05,20,21.4,71,19.6,68.0
448340,2026-05-03,05,21,21.4,71,19.6,68.0
448341,2026-05-03,05,22,21.4,71,19.6,68.0
448342,2026-05-03,05,23,21.4,71,19.6,68.0
448343,2026-05-03,05,24,21.4,71,19.6,68.0
448344,2026-05-03,05,25,21.4,71,19.5,68.0
448345,2026-05-03,05,26,21.4,71,19.5,68.0
448346,2026-05-03,05,27,21.4,71,19.5,68.0
448347,2026-05-03,05,28,21.4,71,19.5,68.0
448348,2026-05-03,05,29,21.4,71,19.5,68.0
448349,2026-05-03,05,30,21.4,71,19.5,68.0
448350,2026-05-03,05,31,21.4,71,19.5,68.0
448351,2026-05-03,05,32,21.4,71,19.5,68.0
448352,2026-05-03,05,33,21.4,71,19.5,68.0
448353,2026-05-03,05,34,21.4,71,19.5,68.0
448354,2026-05-03,05,35,21.4,71,19.5,68.0
448355,2026-05-03,05,36,21.4,71,19.5,68.0
448356,2026-05-03,05,37,21.4,71,19.5,68.0
448357,2026-05-03,05,38,21.4,71,19.5,68.0
448358,2026-05-03,05,39,21.4,71,19.5,68.0
448359,2026-05-03,05,40,21.4,71,19.5,68.0
448360,2026-05-03,05,41,21.4,71,19.5,68.0
448361,2026-05-03,05,42,21.4,71,19.5,68.0
448362,2026-05-03,05,43,21.4,71,19.5,68.0
448363,2026-05-03,05,44,21.4,71,19.5,68.0
448364,2026-05-03,05,45,21.4,71,19.5,68.0
448365,2026-05-03,05,46,21.4,71,19.5,68.0
448366,2026-05-03,05,47,21.4,71,19.5,68.0
448367,2026-05-03,05,48,21.4,71,19.5,68.0
448368,2026-05-03,05,49,21.4,71,19.5,68.0
448369,2026-05-03,05,50,21.4,71,19.5,68.0
448370,2026-05-03,05,51,21.4,71,19.5,68.0
448371,2026-05-03,05,52,21.4,71,19.5,68.0
448372,2026-05-03,05,53,21.4,71,19.5,68.0
448373,2026-05-03,05,54,21.4,71,19.5,68.0
448374,2026-05-03,05,55,21.4,71,19.5,68.0
448375,2026-05-03,05,56,21.4,71,19.4,68.0
448376,2026-05-03,05,57,21.4,71,19.4,68.0
448377,2026-05-03,05,58,21.4,71,19.4,68.0
448378,2026-05-03,05,59,21.4,71,19.5,68.0
448379,2026-05-03,06,00,21.4,71,19.4,68.0
448380,2026-05-03,06,01,21.4,71,19.4,68.0
448381,2026-05-03,06,02,21.4,71,19.4,68.0
448382,2026-05-03,06,03,21.4,70,19.4,68.0
448383,2026-05-03,06,04,21.4,70,19.4,68.0
448384,2026-05-03,06,05,21.4,70,19.4,68.0
448385,2026-05-03,06,06,21.4,70,19.4,68.0
448386,2026-05-03,06,07,21.4,70,19.4,68.0
448387,2026-05-03,06,08,21.4,70,19.4,68.0
448388,2026-05-03,06,09,21.4,70,19.4,68.0
448389,2026-05-03,06,10,21.4,70,19.4,68.0
448390,2026-05-03,06,11,21.4,70,19.4,68.0
448391,2026-05-03,06,12,21.4,70,19.4,68.0
448392,2026-05-03,06,13,21.4,70,19.4,68.0
448393,2026-05-03,06,14,21.4,70,19.4,68.0
448394,2026-05-03,06,15,21.4,70,19.4,68.0
448395,2026-05-03,06,16,21.4,70,19.4,68.0
448396,2026-05-03,06,17,21.4,70,19.5,68.0
448397,2026-05-03,06,18,21.4,70,19.5,68.0
448398,2026-05-03,06,19,21.4,70,19.5,68.0
448399,2026-05-03,06,20,21.4,70,19.4,68.0
448400,2026-05-03,06,21,21.4,70,19.5,68.0
448401,2026-05-03,06,22,21.4,70,19.5,68.0
448402,2026-05-03,06,23,21.4,71,19.5,67.0
448403,2026-05-03,06,24,21.4,71,19.5,67.0
448404,2026-05-03,06,25,21.4,70,19.5,67.0
448405,2026-05-03,06,26,21.4,70,19.5,67.0
448406,2026-05-03,06,27,21.4,70,19.5,67.0
448407,2026-05-03,06,28,21.4,70,19.6,67.0
448408,2026-05-03,06,29,21.4,70,19.6,67.0
448409,2026-05-03,06,30,21.4,71,19.6,67.0
448410,2026-05-03,06,31,21.4,71,19.6,67.0
448411,2026-05-03,06,32,21.4,71,19.6,67.0
448412,2026-05-03,06,33,21.4,71,19.6,67.0
448413,2026-05-03,06,34,21.4,71,19.7,67.0
448414,2026-05-03,06,35,21.4,71,19.7,67.0
448415,2026-05-03,06,36,21.4,71,19.8,66.0
448416,2026-05-03,06,37,21.4,71,19.8,66.0
448417,2026-05-03,06,38,21.4,71,19.8,66.0
448418,2026-05-03,06,39,21.4,71,19.9,66.0
448419,2026-05-03,06,40,21.4,71,19.9,66.0
448420,2026-05-03,06,41,21.4,71,19.9,66.0
448421,2026-05-03,06,42,21.4,71,19.9,66.0
448422,2026-05-03,06,43,21.4,71,19.9,66.0
448423,2026-05-03,06,44,21.4,71,19.9,66.0
448424,2026-05-03,06,45,21.4,71,19.9,66.0
448425,2026-05-03,06,46,21.4,71,20.0,66.0
448426,2026-05-03,06,47,21.4,71,20.0,66.0
448427,2026-05-03,06,48,21.4,71,20.0,66.0
448428,2026-05-03,06,49,21.4,71,20.1,66.0
448429,2026-05-03,06,50,21.4,71,20.1,65.0
448430,2026-05-03,06,51,21.4,71,20.2,65.0
448431,2026-05-03,06,52,21.4,71,20.2,65.0
448432,2026-05-03,06,53,21.4,71,20.3,65.0
448433,2026-05-03,06,54,21.4,71,20.3,65.0
448434,2026-05-03,06,55,21.4,71,20.4,65.0
448435,2026-05-03,06,56,21.4,71,20.5,64.0
448436,2026-05-03,06,57,21.4,71,20.6,64.0
448437,2026-05-03,06,58,21.4,71,20.6,64.0
448438,2026-05-03,06,59,21.4,71,20.6,64.0
448439,2026-05-03,07,00,21.4,71,20.6,64.0
448440,2026-05-03,07,01,21.4,71,20.7,64.0
448441,2026-05-03,07,02,21.4,71,20.6,64.0
448442,2026-05-03,07,03,21.4,71,20.6,64.0
448443,2026-05-03,07,04,21.4,71,20.6,64.0
448444,2026-05-03,07,05,21.4,71,20.6,64.0
448445,2026-05-03,07,06,21.4,71,20.6,64.0
448446,2026-05-03,07,07,21.4,71,20.6,64.0
448447,2026-05-03,07,08,21.4,71,20.6,64.0
448448,2026-05-03,07,09,21.4,71,20.5,64.0
448449,2026-05-03,07,10,21.4,71,20.5,64.0
448450,2026-05-03,07,11,21.4,71,20.4,64.0
448451,2026-05-03,07,12,21.4,71,20.4,65.0
448452,2026-05-03,07,13,21.4,71,20.4,65.0
448453,2026-05-03,07,14,21.4,71,20.4,65.0
448454,2026-05-03,07,15,21.4,71,20.4,65.0
448455,2026-05-03,07,16,21.4,71,20.4,65.0
448456,2026-05-03,07,17,21.4,71,20.4,65.0
448457,2026-05-03,07,18,21.4,71,20.3,65.0
448458,2026-05-03,07,19,21.4,71,20.3,65.0
448459,2026-05-03,07,20,21.4,71,20.3,65.0
448460,2026-05-03,07,21,21.4,71,20.3,65.0
448461,2026-05-03,07,22,21.4,71,20.3,65.0
448462,2026-05-03,07,23,21.4,71,20.3,65.0
448463,2026-05-03,07,24,21.4,71,20.2,65.0
448464,2026-05-03,07,25,21.4,71,20.3,65.0
448465,2026-05-03,07,28,21.4,71,20.3,65.0
448466,2026-05-03,07,29,21.4,71,20.3,65.0
448467,2026-05-03,07,30,21.4,71,20.3,65.0
448468,2026-05-03,07,31,21.4,70,20.4,65.0
448469,2026-05-03,07,32,21.4,70,20.4,65.0
448470,2026-05-03,07,33,21.4,70,20.4,65.0
448471,2026-05-03,07,34,21.4,70,20.4,65.0
448472,2026-05-03,07,35,21.4,70,20.4,65.0
448473,2026-05-03,07,36,21.4,70,20.5,65.0
448474,2026-05-03,07,37,21.4,70,20.5,65.0
448475,2026-05-03,07,38,21.4,70,20.6,64.0
448476,2026-05-03,07,39,21.4,70,20.6,64.0
448477,2026-05-03,07,40,21.4,70,20.7,64.0
448478,2026-05-03,07,41,21.4,70,20.7,64.0
448479,2026-05-03,07,42,21.4,70,20.8,64.0
448480,2026-05-03,07,43,21.4,71,20.8,64.0
448481,2026-05-03,07,44,21.4,71,20.9,64.0
448482,2026-05-03,07,45,21.4,71,20.9,64.0
448483,2026-05-03,07,46,21.4,71,21.0,64.0
448484,2026-05-03,07,47,21.4,71,21.0,64.0
448485,2026-05-03,07,48,21.4,71,21.0,64.0
448486,2026-05-03,07,49,21.4,71,21.0,64.0
448487,2026-05-03,07,50,21.4,71,21.0,64.0
448488,2026-05-03,07,51,21.5,72,21.0,65.0
448489,2026-05-03,07,52,21.5,72,21.1,65.0
448490,2026-05-03,07,53,21.6,72,21.1,65.0
448491,2026-05-03,07,54,21.8,72,21.1,65.0
448492,2026-05-03,07,55,21.8,72,21.1,65.0
448493,2026-05-03,07,56,21.8,73,21.2,65.0
448494,2026-05-03,07,57,21.8,73,21.2,65.0
448495,2026-05-03,07,58,21.8,73,21.3,65.0
448496,2026-05-03,07,59,21.8,73,21.4,65.0
448497,2026-05-03,08,00,21.8,73,21.5,65.0
448498,2026-05-03,08,01,21.8,73,21.6,64.0
448499,2026-05-03,08,02,21.8,73,21.7,64.0
448500,2026-05-03,08,03,21.8,73,21.9,64.0
448501,2026-05-03,08,04,21.8,73,22.1,64.0
448502,2026-05-03,08,05,21.8,73,22.3,63.0
448503,2026-05-03,08,06,21.8,73,22.4,62.0
448504,2026-05-03,08,07,21.8,73,22.5,62.0
448505,2026-05-03,08,08,21.8,73,22.5,62.0
448506,2026-05-03,08,09,21.8,73,22.6,62.0
448507,2026-05-03,08,10,21.8,73,22.6,62.0
448508,2026-05-03,08,11,21.8,73,22.6,62.0
448509,2026-05-03,08,12,21.8,73,22.7,61.0
448510,2026-05-03,08,13,21.8,73,22.8,61.0
448511,2026-05-03,08,14,21.8,73,23.1,61.0
448512,2026-05-03,08,15,21.8,73,23.5,60.0
448513,2026-05-03,08,16,21.8,73,24.0,59.0
448514,2026-05-03,08,17,21.8,73,24.2,58.0
448515,2026-05-03,08,18,21.8,73,24.2,58.0
448516,2026-05-03,08,19,21.8,73,24.1,57.0
448517,2026-05-03,08,20,21.8,73,24.0,57.0
448518,2026-05-03,08,21,21.8,73,23.9,58.0
448519,2026-05-03,08,22,21.8,73,23.8,58.0
448520,2026-05-03,08,23,21.8,73,23.7,58.0
448521,2026-05-03,08,24,21.8,73,23.5,58.0
448522,2026-05-03,08,25,21.8,73,23.4,58.0
448523,2026-05-03,08,26,21.8,73,23.3,59.0
448524,2026-05-03,08,27,21.8,73,23.3,59.0
448525,2026-05-03,08,28,21.8,73,23.3,59.0
448526,2026-05-03,08,29,21.8,73,23.3,59.0
448527,2026-05-03,08,30,21.8,73,23.2,59.0
448528,2026-05-03,08,31,21.8,73,23.1,59.0
448529,2026-05-03,08,32,21.8,73,23.0,59.0
448530,2026-05-03,08,33,21.8,73,22.9,59.0
448531,2026-05-03,08,34,21.8,73,22.9,60.0
448532,2026-05-03,08,35,21.8,73,22.8,60.0
448533,2026-05-03,08,36,21.8,72,22.8,60.0
448534,2026-05-03,08,37,21.8,72,22.9,59.0
448535,2026-05-03,08,38,21.8,72,22.9,59.0
448536,2026-05-03,08,39,21.8,72,22.9,59.0
448537,2026-05-03,08,40,21.8,72,23.0,59.0
448538,2026-05-03,08,41,21.8,72,23.0,59.0
448539,2026-05-03,08,42,21.8,72,23.1,59.0
448540,2026-05-03,08,43,21.8,72,23.2,59.0
448541,2026-05-03,08,44,21.8,72,23.3,58.0
448542,2026-05-03,08,45,21.8,72,23.4,58.0
448543,2026-05-03,08,46,21.8,72,23.6,58.0
448544,2026-05-03,08,47,21.8,72,23.7,57.0
448545,2026-05-03,08,48,21.8,72,23.9,57.0
448546,2026-05-03,08,49,21.8,72,24.0,57.0
448547,2026-05-03,08,50,21.8,72,24.3,56.0
448548,2026-05-03,08,51,21.8,72,24.5,56.0
448549,2026-05-03,08,52,21.8,72,24.8,55.0
448550,2026-05-03,08,53,21.8,72,25.3,54.0
448551,2026-05-03,08,54,21.8,72,25.5,54.0
448552,2026-05-03,08,55,21.8,72,25.6,53.0
448553,2026-05-03,08,56,21.8,72,25.8,52.0
448554,2026-05-03,08,57,21.8,72,25.8,52.0
448555,2026-05-03,08,58,21.8,72,25.7,52.0
448556,2026-05-03,08,59,21.8,72,25.6,53.0
448557,2026-05-03,09,00,21.8,72,25.5,53.0
448558,2026-05-03,09,01,21.8,72,25.4,53.0
448559,2026-05-03,09,02,21.8,71,25.3,53.0
448560,2026-05-03,09,03,21.8,71,25.2,53.0
448561,2026-05-03,09,04,21.8,71,25.0,53.0
448562,2026-05-03,09,05,21.8,71,24.9,54.0
448563,2026-05-03,09,06,21.8,71,24.7,54.0
448564,2026-05-03,09,07,21.8,71,24.6,54.0
448565,2026-05-03,09,08,21.8,71,24.5,54.0
448566,2026-05-03,09,09,21.9,71,24.5,55.0
448567,2026-05-03,09,10,21.9,71,24.4,55.0
448568,2026-05-03,09,11,21.9,71,24.4,55.0
448569,2026-05-03,09,12,21.9,71,24.3,55.0
448570,2026-05-03,09,13,22.2,71,24.3,55.0
448571,2026-05-03,09,14,21.9,71,24.3,55.0
448572,2026-05-03,09,15,21.9,71,24.2,55.0
448573,2026-05-03,09,16,22.0,71,24.2,55.0
448574,2026-05-03,09,17,22.2,71,24.2,55.0
448575,2026-05-03,09,18,22.2,71,24.3,55.0
448576,2026-05-03,09,19,22.2,71,24.4,55.0
448577,2026-05-03,09,20,22.2,71,24.6,54.0
448578,2026-05-03,09,21,22.2,71,24.7,54.0
448579,2026-05-03,09,22,22.2,71,24.9,54.0
448580,2026-05-03,09,23,22.2,71,25.2,53.0
448581,2026-05-03,09,24,22.2,71,25.6,53.0
448582,2026-05-03,09,25,22.2,71,25.8,52.0
448583,2026-05-03,09,26,22.2,70,26.0,52.0
448584,2026-05-03,09,27,22.2,70,26.1,51.0
448585,2026-05-03,09,28,22.2,70,26.2,51.0
448586,2026-05-03,09,29,22.2,70,26.4,51.0
448587,2026-05-03,09,30,22.2,70,26.8,50.0
448588,2026-05-03,09,31,22.2,70,27.1,49.0
448589,2026-05-03,09,32,22.2,70,27.0,49.0
448590,2026-05-03,09,33,22.2,70,26.9,49.0
448591,2026-05-03,09,34,22.2,70,26.7,50.0
448592,2026-05-03,09,35,22.2,70,26.6,50.0
448593,2026-05-03,09,36,22.2,70,26.4,50.0
448594,2026-05-03,09,37,22.2,70,26.3,50.0
448595,2026-05-03,09,38,22.2,70,26.2,50.0
448596,2026-05-03,09,39,22.2,70,26.0,51.0
448597,2026-05-03,09,40,22.2,70,26.0,51.0
448598,2026-05-03,09,41,22.2,70,26.0,51.0
448599,2026-05-03,09,42,22.2,70,26.4,50.0
448600,2026-05-03,09,43,22.2,70,27.0,49.0
448601,2026-05-03,09,44,22.2,70,27.4,49.0
448602,2026-05-03,09,45,22.2,70,27.8,48.0
448603,2026-05-03,09,46,22.2,70,27.9,48.0
448604,2026-05-03,09,47,22.2,70,27.6,48.0
448605,2026-05-03,09,48,22.2,70,27.3,48.0
448606,2026-05-03,09,49,22.2,70,27.0,49.0
448607,2026-05-03,09,50,22.2,70,26.8,49.0
448608,2026-05-03,09,51,22.2,70,27.0,49.0
448609,2026-05-03,09,52,22.2,70,27.8,48.0
448610,2026-05-03,09,53,22.2,70,28.5,47.0
448611,2026-05-03,09,54,22.2,70,29.4,46.0
448612,2026-05-03,09,55,22.2,70,30.7,43.0
448613,2026-05-03,09,56,22.2,70,32.0,41.0
448614,2026-05-03,09,57,22.2,70,33.1,40.0
448615,2026-05-03,09,58,22.2,70,34.0,38.0
448616,2026-05-03,09,59,22.2,70,34.6,37.0
448617,2026-05-03,10,00,22.2,70,35.0,37.0
448618,2026-05-03,10,01,22.3,70,35.2,36.0
448619,2026-05-03,10,02,22.6,70,34.0,37.0
448620,2026-05-03,10,03,22.6,70,32.6,39.0
448621,2026-05-03,10,04,22.6,69,31.5,41.0
448622,2026-05-03,10,05,22.6,69,30.5,42.0
448623,2026-05-03,10,06,22.6,69,29.7,43.0
448624,2026-05-03,10,07,22.6,69,29.0,44.0
448625,2026-05-03,10,08,22.6,69,28.6,45.0
448626,2026-05-03,10,09,22.6,70,28.3,46.0
448627,2026-05-03,10,10,22.6,70,28.0,47.0
448628,2026-05-03,10,11,22.6,70,27.9,47.0
448629,2026-05-03,10,12,22.6,70,27.8,47.0
448630,2026-05-03,10,13,22.6,70,27.7,47.0
448631,2026-05-03,10,14,22.6,70,27.5,48.0
448632,2026-05-03,10,15,22.6,70,27.4,48.0
448633,2026-05-03,10,16,22.6,70,27.3,48.0
448634,2026-05-03,10,17,22.6,70,27.3,49.0
448635,2026-05-03,10,18,22.6,70,27.2,49.0
448636,2026-05-03,10,19,22.6,70,27.1,49.0
448637,2026-05-03,10,20,22.6,70,27.0,49.0
448638,2026-05-03,10,21,22.6,70,27.1,49.0
448639,2026-05-03,10,22,22.6,70,27.2,49.0
448640,2026-05-03,10,23,22.6,70,27.4,49.0
448641,2026-05-03,10,24,22.6,70,27.5,48.0
448642,2026-05-03,10,25,22.6,70,27.5,48.0
448643,2026-05-03,10,26,22.6,70,27.6,48.0
448644,2026-05-03,10,27,22.6,70,27.6,48.0
448645,2026-05-03,10,28,22.6,70,27.5,48.0
448646,2026-05-03,10,29,22.6,70,27.4,48.0
448647,2026-05-03,10,30,22.6,70,27.2,48.0
448648,2026-05-03,10,31,22.6,70,27.1,49.0
448649,2026-05-03,10,32,22.6,70,27.0,49.0
448650,2026-05-03,10,33,22.6,70,26.9,49.0
448651,2026-05-03,10,34,22.6,70,26.8,49.0
448652,2026-05-03,10,35,22.6,70,26.9,49.0
448653,2026-05-03,10,36,22.6,70,27.0,49.0
448654,2026-05-03,10,37,22.6,70,27.2,49.0
448655,2026-05-03,10,38,22.7,70,27.5,48.0
448656,2026-05-03,10,39,22.9,70,27.7,48.0
448657,2026-05-03,10,40,23.0,70,27.7,48.0
448658,2026-05-03,10,41,23.0,70,27.8,48.0
448659,2026-05-03,10,42,23.0,70,27.8,48.0
448660,2026-05-03,10,43,23.0,70,27.8,48.0
448661,2026-05-03,10,44,23.0,70,27.7,48.0
448662,2026-05-03,10,45,23.0,70,27.6,48.0
448663,2026-05-03,10,46,23.0,70,27.5,48.0
448664,2026-05-03,10,47,23.0,70,27.5,48.0
448665,2026-05-03,10,48,23.0,70,27.4,48.0
448666,2026-05-03,10,49,23.0,70,27.4,49.0
448667,2026-05-03,10,50,23.0,69,27.4,49.0
448668,2026-05-03,10,51,23.0,69,27.4,49.0
448669,2026-05-03,10,52,23.0,69,27.5,49.0
448670,2026-05-03,10,53,23.0,70,27.6,48.0
448671,2026-05-03,10,54,23.0,70,27.7,48.0
448672,2026-05-03,10,55,23.0,70,27.8,48.0
448673,2026-05-03,10,56,23.0,70,27.8,48.0
448674,2026-05-03,10,57,23.0,70,27.8,48.0
448675,2026-05-03,10,58,23.0,69,27.8,48.0
448676,2026-05-03,10,59,23.0,69,27.8,48.0
448677,2026-05-03,11,00,23.0,69,27.8,48.0
448678,2026-05-03,11,01,23.0,69,27.8,48.0
448679,2026-05-03,11,02,23.0,69,27.8,48.0
448680,2026-05-03,11,03,23.0,69,27.8,48.0
448681,2026-05-03,11,04,23.0,69,27.8,48.0
448682,2026-05-03,11,05,23.0,69,27.8,48.0
448683,2026-05-03,11,06,23.1,69,27.7,48.0
448684,2026-05-03,11,07,23.1,69,27.7,48.0
448685,2026-05-03,11,08,23.0,69,27.7,48.0
448686,2026-05-03,11,09,23.1,69,27.7,48.0
448687,2026-05-03,11,10,23.3,69,27.6,48.0
448688,2026-05-03,11,11,23.4,69,27.6,48.0
448689,2026-05-03,11,12,23.4,69,27.6,48.0
448690,2026-05-03,11,13,23.4,69,27.6,48.0
448691,2026-05-03,11,14,23.4,69,27.7,48.0
448692,2026-05-03,11,15,23.4,69,27.7,48.0
448693,2026-05-03,11,16,23.4,69,27.7,48.0
448694,2026-05-03,11,17,23.4,69,27.8,48.0
448695,2026-05-03,11,18,23.4,69,27.8,48.0
448696,2026-05-03,11,19,23.4,69,27.8,48.0
448697,2026-05-03,11,20,23.4,69,27.8,48.0
448698,2026-05-03,11,21,23.4,69,27.8,48.0
448699,2026-05-03,11,22,23.4,69,27.9,48.0
448700,2026-05-03,11,23,23.4,69,27.9,48.0
448701,2026-05-03,11,24,23.4,69,27.9,48.0
448702,2026-05-03,11,25,23.4,69,28.0,48.0
448703,2026-05-03,11,26,23.4,69,28.0,48.0
448704,2026-05-03,11,27,23.4,69,28.0,48.0
448705,2026-05-03,11,28,23.4,69,28.0,48.0
448706,2026-05-03,11,29,23.4,69,27.9,48.0
448707,2026-05-03,11,30,23.4,69,27.9,48.0
448708,2026-05-03,11,31,23.4,69,27.8,48.0
448709,2026-05-03,11,32,23.4,69,27.7,48.0
448710,2026-05-03,11,33,23.4,69,27.7,48.0
448711,2026-05-03,11,34,23.4,69,27.6,48.0
448712,2026-05-03,11,35,23.4,69,27.6,48.0
448713,2026-05-03,11,36,23.4,69,27.6,48.0
448714,2026-05-03,11,37,23.4,69,27.7,48.0
448715,2026-05-03,11,38,23.4,69,27.7,48.0
448716,2026-05-03,11,39,23.4,69,27.8,48.0
448717,2026-05-03,11,40,23.4,69,27.8,48.0
448718,2026-05-03,11,41,23.4,69,27.9,48.0
448719,2026-05-03,11,42,23.4,69,28.0,48.0
448720,2026-05-03,11,43,23.4,69,28.0,48.0
448721,2026-05-03,11,44,23.4,69,28.1,47.0
448722,2026-05-03,11,45,23.4,69,28.1,47.0
448723,2026-05-03,11,46,23.4,69,28.1,47.0
448724,2026-05-03,11,47,23.4,69,28.1,47.0
448725,2026-05-03,11,48,23.4,69,28.1,47.0
448726,2026-05-03,11,49,23.4,69,28.1,47.0
448727,2026-05-03,11,50,23.4,69,28.1,47.0
448728,2026-05-03,11,51,23.4,69,28.1,47.0
448729,2026-05-03,11,52,23.4,69,28.1,47.0
448730,2026-05-03,11,53,23.4,69,28.1,47.0
448731,2026-05-03,11,54,23.4,69,28.1,47.0
448732,2026-05-03,11,55,23.4,69,28.1,47.0
448733,2026-05-03,11,56,23.4,69,28.1,47.0
448734,2026-05-03,11,57,23.4,69,28.1,47.0
448735,2026-05-03,11,58,23.4,69,28.1,47.0
448736,2026-05-03,11,59,23.4,68,28.1,47.0
448737,2026-05-03,12,00,23.4,68,28.0,47.0
448738,2026-05-03,12,01,23.4,68,28.0,47.0
448739,2026-05-03,12,02,23.4,68,28.0,47.0
448740,2026-05-03,12,03,23.4,68,28.0,47.0
448741,2026-05-03,12,04,23.6,68,28.0,47.0
448742,2026-05-03,12,05,23.8,68,27.9,48.0
448743,2026-05-03,12,06,23.8,68,27.9,48.0
448744,2026-05-03,12,07,23.8,68,27.9,48.0
448745,2026-05-03,12,08,23.8,68,27.8,48.0
448746,2026-05-03,12,09,23.8,68,27.8,48.0
448747,2026-05-03,12,10,23.8,68,27.9,48.0
448748,2026-05-03,12,11,23.8,68,28.0,48.0
448749,2026-05-03,12,12,23.8,68,28.0,48.0
448750,2026-05-03,12,13,23.8,68,28.1,47.0
448751,2026-05-03,12,14,23.8,68,28.1,47.0
448752,2026-05-03,12,15,23.8,68,28.1,47.0
448753,2026-05-03,12,16,23.8,68,28.0,47.0
448754,2026-05-03,12,17,23.8,68,28.0,48.0
448755,2026-05-03,12,18,23.8,68,27.9,48.0
448756,2026-05-03,12,19,23.8,68,27.9,48.0
448757,2026-05-03,12,20,23.8,68,27.8,48.0
448758,2026-05-03,12,21,23.8,68,27.8,48.0
448759,2026-05-03,12,22,23.8,68,27.7,48.0
448760,2026-05-03,12,23,23.8,68,27.6,48.0
448761,2026-05-03,12,24,23.8,68,27.6,48.0
448762,2026-05-03,12,25,23.8,68,27.5,49.0
448763,2026-05-03,12,26,23.8,68,27.4,49.0
448764,2026-05-03,12,27,23.8,68,27.4,49.0
448765,2026-05-03,12,28,23.8,68,27.4,49.0
448766,2026-05-03,12,29,23.8,68,27.4,49.0
448767,2026-05-03,12,30,23.8,68,27.4,49.0
448768,2026-05-03,12,31,23.8,68,27.4,49.0
448769,2026-05-03,12,32,23.8,68,27.3,49.0
448770,2026-05-03,12,33,23.8,68,27.3,49.0
448771,2026-05-03,12,34,23.8,68,27.3,49.0
448772,2026-05-03,12,35,23.8,68,27.4,49.0
448773,2026-05-03,12,36,23.8,67,27.4,49.0
448774,2026-05-03,12,37,23.8,67,27.5,49.0
448775,2026-05-03,12,38,23.8,67,27.5,49.0
448776,2026-05-03,12,39,23.8,67,27.6,48.0
448777,2026-05-03,12,40,23.8,67,27.7,48.0
448778,2026-05-03,12,41,23.8,67,27.7,48.0
448779,2026-05-03,12,42,23.8,67,27.7,48.0
448780,2026-05-03,12,43,23.8,67,27.8,48.0
448781,2026-05-03,12,44,23.8,67,27.8,48.0
448782,2026-05-03,12,45,23.8,67,27.8,48.0
448783,2026-05-03,12,46,23.8,67,27.7,48.0
448784,2026-05-03,12,47,23.8,67,27.7,48.0
448785,2026-05-03,12,48,23.8,67,27.6,48.0
448786,2026-05-03,12,49,23.8,67,27.6,48.0
448787,2026-05-03,12,50,23.8,67,27.6,48.0
448788,2026-05-03,12,51,23.8,67,27.6,48.0
448789,2026-05-03,12,52,23.8,67,27.5,48.0
448790,2026-05-03,12,53,23.8,67,27.5,49.0
448791,2026-05-03,12,54,23.8,67,27.4,49.0
448792,2026-05-03,12,55,23.8,67,27.3,49.0
448793,2026-05-03,12,56,23.8,67,27.2,49.0
448794,2026-05-03,12,57,23.8,67,27.0,49.0
448795,2026-05-03,12,58,23.8,67,26.9,50.0
448796,2026-05-03,12,59,23.8,67,26.8,50.0
448797,2026-05-03,13,00,23.8,67,26.7,50.0
448798,2026-05-03,13,01,23.8,67,26.7,50.0
448799,2026-05-03,13,02,23.8,67,26.8,50.0
448800,2026-05-03,13,03,23.8,67,26.8,50.0
448801,2026-05-03,13,04,23.8,67,26.8,50.0
448802,2026-05-03,13,05,24.1,67,26.8,50.0
448803,2026-05-03,13,06,24.1,67,26.8,50.0
448804,2026-05-03,13,07,24.1,66,26.8,50.0
448805,2026-05-03,13,08,24.1,67,26.8,50.0
448806,2026-05-03,13,09,24.1,67,26.8,50.0
448807,2026-05-03,13,10,24.1,67,26.8,50.0
448808,2026-05-03,13,11,24.1,67,26.9,50.0
448809,2026-05-03,13,12,24.1,67,26.9,50.0
448810,2026-05-03,13,13,24.1,67,27.0,50.0
448811,2026-05-03,13,14,24.1,67,27.2,49.0
448812,2026-05-03,13,15,24.1,67,27.2,49.0
448813,2026-05-03,13,16,24.1,66,27.3,49.0
448814,2026-05-03,13,17,24.1,67,27.4,49.0
448815,2026-05-03,13,18,24.1,67,27.4,49.0
448816,2026-05-03,13,19,24.1,67,27.4,49.0
448817,2026-05-03,13,20,24.1,67,27.4,49.0
448818,2026-05-03,13,21,24.1,67,27.5,49.0
448819,2026-05-03,13,22,24.1,67,27.6,49.0
448820,2026-05-03,13,23,24.1,67,27.8,48.0
448821,2026-05-03,13,24,24.1,66,28.0,48.0
448822,2026-05-03,13,25,24.1,66,28.2,48.0
448823,2026-05-03,13,26,24.2,67,28.3,47.0
448824,2026-05-03,13,27,24.5,67,28.3,47.0
448825,2026-05-03,13,28,24.5,67,28.3,48.0
448826,2026-05-03,13,29,24.5,67,28.2,48.0
448827,2026-05-03,13,30,24.5,67,28.2,48.0
448828,2026-05-03,13,31,24.5,67,28.1,48.0
448829,2026-05-03,13,32,24.5,67,28.2,48.0
448830,2026-05-03,13,33,24.5,67,28.3,48.0
448831,2026-05-03,13,34,24.5,67,28.4,48.0
448832,2026-05-03,13,35,24.5,67,28.5,48.0
448833,2026-05-03,13,36,24.5,67,28.6,48.0
448834,2026-05-03,13,37,24.5,67,28.6,48.0
448835,2026-05-03,13,38,24.5,67,28.5,48.0
448836,2026-05-03,13,39,24.5,67,28.5,48.0
448837,2026-05-03,13,40,24.5,68,28.6,48.0
448838,2026-05-03,13,41,24.5,67,28.6,48.0
448839,2026-05-03,13,42,24.5,67,28.6,47.0
448840,2026-05-03,13,43,24.5,67,28.6,48.0
448841,2026-05-03,13,44,24.5,67,28.4,48.0
448842,2026-05-03,13,45,24.5,67,28.3,48.0
448843,2026-05-03,13,46,24.5,67,28.2,49.0
448844,2026-05-03,13,47,24.7,67,28.2,49.0
448845,2026-05-03,13,48,24.8,68,28.1,49.0
448846,2026-05-03,13,49,24.8,68,28.1,49.0
448847,2026-05-03,13,50,24.8,68,28.1,49.0
448848,2026-05-03,13,51,24.8,67,28.2,49.0
448849,2026-05-03,13,52,24.8,68,28.3,49.0
448850,2026-05-03,13,53,24.8,68,28.4,49.0
448851,2026-05-03,13,54,24.8,68,28.4,49.0
448852,2026-05-03,13,55,24.8,69,28.4,49.0
448853,2026-05-03,13,56,24.8,69,28.2,49.0
448854,2026-05-03,13,57,24.8,69,28.0,50.0
448855,2026-05-03,13,58,24.8,69,27.8,50.0
448856,2026-05-03,13,59,24.8,69,27.6,51.0
448857,2026-05-03,14,00,24.8,69,27.4,51.0
448858,2026-05-03,14,01,24.8,69,27.2,51.0
448859,2026-05-03,14,02,24.8,69,27.1,52.0
448860,2026-05-03,14,03,24.8,69,26.9,52.0
448861,2026-05-03,14,04,24.8,69,26.8,52.0
448862,2026-05-03,14,05,24.8,69,26.7,53.0
448863,2026-05-03,14,06,24.8,69,26.6,53.0
448864,2026-05-03,14,07,24.8,70,26.5,53.0
448865,2026-05-03,14,08,24.8,70,26.4,54.0
448866,2026-05-03,14,09,24.8,70,26.3,54.0
448867,2026-05-03,14,10,24.8,70,26.2,55.0
448868,2026-05-03,14,11,24.8,70,26.1,55.0
448869,2026-05-03,14,12,24.8,70,25.9,55.0
448870,2026-05-03,14,13,24.8,70,25.7,57.0
448871,2026-05-03,14,14,24.8,70,25.5,57.0
448872,2026-05-03,14,15,24.8,70,25.3,58.0
448873,2026-05-03,14,16,24.8,70,25.1,59.0
448874,2026-05-03,14,17,24.8,70,24.9,59.0
448875,2026-05-03,14,18,24.8,70,24.8,59.0
448876,2026-05-03,14,19,24.8,70,24.6,59.0
448877,2026-05-03,14,20,24.8,70,24.5,60.0
448878,2026-05-03,14,21,24.8,70,24.4,60.0
448879,2026-05-03,14,22,24.8,70,24.4,60.0
448880,2026-05-03,14,23,24.8,70,24.3,61.0
448881,2026-05-03,14,24,24.8,70,24.3,61.0
448882,2026-05-03,14,25,24.5,70,24.2,61.0
448883,2026-05-03,14,26,24.5,70,24.2,61.0
448884,2026-05-03,14,27,24.5,70,24.2,62.0
448885,2026-05-03,14,28,24.5,70,24.1,62.0
448886,2026-05-03,14,30,24.5,70,24.1,62.0
448887,2026-05-03,14,31,24.5,70,24.1,63.0
448888,2026-05-03,14,32,24.5,70,24.0,62.0
448889,2026-05-03,14,33,24.5,71,24.0,63.0
448890,2026-05-03,14,34,24.5,71,24.0,63.0
448891,2026-05-03,14,35,24.5,71,24.0,63.0
448892,2026-05-03,14,36,24.5,71,24.0,63.0
448893,2026-05-03,14,37,24.5,71,24.0,63.0
448894,2026-05-03,14,38,24.5,71,24.0,63.0
448895,2026-05-03,14,39,24.5,71,24.0,63.0
448896,2026-05-03,14,40,24.5,71,24.0,63.0
448897,2026-05-03,14,41,24.5,71,24.0,64.0
448898,2026-05-03,14,42,24.5,71,23.9,64.0
448899,2026-05-03,14,43,24.5,71,23.9,64.0
448900,2026-05-03,14,44,24.5,71,23.9,64.0
448901,2026-05-03,14,45,24.5,71,23.9,64.0
448902,2026-05-03,14,46,24.5,71,23.9,64.0
448903,2026-05-03,14,47,24.5,71,23.9,64.0
448904,2026-05-03,14,48,24.5,71,23.9,64.0
448905,2026-05-03,14,49,24.5,71,23.9,64.0
448906,2026-05-03,14,50,24.5,71,23.9,64.0
448907,2026-05-03,14,51,24.5,71,23.9,64.0
448908,2026-05-03,14,52,24.5,71,23.9,64.0
448909,2026-05-03,14,53,24.5,71,23.8,64.0
448910,2026-05-03,14,54,24.5,71,23.8,64.0
448911,2026-05-03,14,55,24.5,71,23.8,64.0
448912,2026-05-03,14,56,24.5,71,23.8,64.0
448913,2026-05-03,14,57,24.5,71,23.7,64.0
448914,2026-05-03,14,58,24.5,71,23.7,64.0
448915,2026-05-03,14,59,24.5,71,23.6,64.0
448916,2026-05-03,15,00,24.5,71,23.6,64.0
448917,2026-05-03,15,01,24.5,71,23.5,64.0
448918,2026-05-03,15,02,24.5,71,23.4,63.0
448919,2026-05-03,15,03,24.5,71,23.3,63.0
448920,2026-05-03,15,04,24.5,71,23.3,63.0
448921,2026-05-03,15,05,24.5,71,23.2,62.0
448922,2026-05-03,15,06,24.5,71,23.1,63.0
448923,2026-05-03,15,07,24.5,71,23.0,64.0
448924,2026-05-03,15,08,24.5,71,22.9,64.0
448925,2026-05-03,15,09,24.5,71,22.9,64.0
448926,2026-05-03,15,10,24.5,71,22.9,64.0
448927,2026-05-03,15,11,24.5,71,22.9,64.0
448928,2026-05-03,15,12,24.5,71,22.8,64.0
448929,2026-05-03,15,13,24.5,71,22.8,64.0
448930,2026-05-03,15,14,24.5,71,22.8,64.0
448931,2026-05-03,15,15,24.5,71,22.8,64.0
448932,2026-05-03,15,17,24.5,71,22.8,64.0
448933,2026-05-03,15,18,24.5,71,22.8,64.0
448934,2026-05-03,15,19,24.5,71,22.8,64.0
448935,2026-05-03,15,20,24.5,71,22.7,63.0
448936,2026-05-03,15,21,24.4,71,22.7,63.0
448937,2026-05-03,15,22,24.2,71,22.7,64.0
448938,2026-05-03,15,23,24.2,71,22.6,64.0
448939,2026-05-03,15,24,24.1,71,22.6,64.0
448940,2026-05-03,15,25,24.1,71,22.6,64.0
448941,2026-05-03,15,26,24.1,71,22.6,64.0
448942,2026-05-03,15,27,24.1,70,22.6,64.0
448943,2026-05-03,15,28,24.1,70,22.6,64.0
448944,2026-05-03,15,30,24.1,70,22.6,63.0
448945,2026-05-03,15,31,24.1,70,22.6,63.0
448946,2026-05-03,15,32,24.1,70,22.6,63.0
448947,2026-05-03,15,33,24.1,70,22.5,63.0
448948,2026-05-03,15,34,24.1,70,22.5,64.0
448949,2026-05-03,15,35,24.1,70,22.5,64.0
448950,2026-05-03,15,36,24.1,70,22.5,63.0
448951,2026-05-03,15,37,24.1,70,22.4,63.0
448952,2026-05-03,15,38,24.1,71,22.4,64.0
448953,2026-05-03,15,39,24.1,71,22.4,64.0
448954,2026-05-03,15,40,24.1,71,22.4,64.0
448955,2026-05-03,15,41,24.1,71,22.4,63.0
448956,2026-05-03,15,42,24.1,71,22.4,64.0
448957,2026-05-03,15,43,24.1,71,22.4,64.0
448958,2026-05-03,15,44,24.1,71,22.4,64.0
448959,2026-05-03,15,45,24.1,71,22.3,64.0
448960,2026-05-03,15,46,24.1,71,22.3,64.0
448961,2026-05-03,15,47,24.1,71,22.3,64.0
448962,2026-05-03,15,48,24.1,71,22.3,64.0
448963,2026-05-03,15,49,24.1,71,22.3,64.0
448964,2026-05-03,15,50,24.1,71,22.3,63.0
448965,2026-05-03,15,51,24.1,71,22.3,63.0
448966,2026-05-03,15,52,24.1,71,22.3,63.0
448967,2026-05-03,15,53,24.1,71,22.3,63.0
448968,2026-05-03,15,54,24.1,71,22.3,63.0
448969,2026-05-03,15,55,24.1,71,22.3,63.0
448970,2026-05-03,15,56,24.1,71,22.3,63.0
448971,2026-05-03,15,57,24.1,72,22.3,63.0
448972,2026-05-03,15,58,24.1,72,22.3,63.0
448973,2026-05-03,15,59,24.1,72,22.3,63.0
448974,2026-05-03,16,00,24.1,72,22.3,63.0
448975,2026-05-03,16,01,24.1,72,22.3,63.0
448976,2026-05-03,16,02,24.1,72,22.3,63.0
448977,2026-05-03,16,03,24.1,72,22.3,63.0
448978,2026-05-03,16,04,24.1,72,22.3,63.0
448979,2026-05-03,16,05,24.1,72,22.3,63.0
448980,2026-05-03,16,06,24.1,72,22.3,63.0
448981,2026-05-03,16,07,24.1,72,22.3,63.0
448982,2026-05-03,16,08,24.1,72,22.3,63.0
448983,2026-05-03,16,09,24.1,72,22.3,63.0
448984,2026-05-03,16,10,24.1,72,22.3,63.0
448985,2026-05-03,16,11,24.1,72,22.3,63.0
448986,2026-05-03,16,12,24.1,72,22.2,63.0
448987,2026-05-03,16,13,24.1,72,22.2,63.0
448988,2026-05-03,16,14,24.1,72,22.2,63.0
448989,2026-05-03,16,15,24.1,72,22.2,63.0
448990,2026-05-03,16,16,24.1,72,22.2,63.0
448991,2026-05-03,16,17,24.1,72,22.2,63.0
448992,2026-05-03,16,18,24.1,72,22.2,63.0
448993,2026-05-03,16,19,24.1,72,22.1,63.0
448994,2026-05-03,16,20,24.1,72,22.1,63.0
448995,2026-05-03,16,21,24.1,72,22.1,63.0
448996,2026-05-03,16,22,24.1,72,22.1,63.0
448997,2026-05-03,16,23,24.1,72,22.1,63.0
448998,2026-05-03,16,24,24.1,72,22.1,63.0
448999,2026-05-03,16,25,24.1,72,22.1,63.0
449000,2026-05-03,16,26,24.1,72,22.1,63.0
449001,2026-05-03,16,27,24.1,72,22.1,63.0
449002,2026-05-03,16,28,24.1,72,22.1,63.0
449003,2026-05-03,16,29,24.1,72,22.1,63.0
449004,2026-05-03,16,30,24.1,72,22.1,63.0
449005,2026-05-03,16,31,24.1,72,22.1,63.0
449006,2026-05-03,16,32,24.1,72,22.1,63.0
449007,2026-05-03,16,33,24.1,72,22.0,63.0
449008,2026-05-03,16,34,24.1,72,22.0,63.0
449009,2026-05-03,16,35,24.1,72,22.0,63.0
449010,2026-05-03,16,36,24.1,72,22.0,63.0
449011,2026-05-03,16,37,24.1,72,22.0,63.0
449012,2026-05-03,16,38,24.1,72,22.0,63.0
449013,2026-05-03,16,39,24.1,72,22.0,63.0
449014,2026-05-03,16,40,24.1,72,22.0,63.0
449015,2026-05-03,16,41,24.1,72,22.0,63.0
449016,2026-05-03,16,42,24.1,72,22.0,63.0
449017,2026-05-03,16,43,24.1,72,22.0,63.0
449018,2026-05-03,16,44,24.1,72,21.9,63.0
449019,2026-05-03,16,45,24.1,72,21.9,63.0
449020,2026-05-03,16,46,24.1,72,21.9,63.0
449021,2026-05-03,16,47,24.1,72,21.9,63.0
449022,2026-05-03,16,48,24.1,72,21.8,63.0
449023,2026-05-03,16,49,24.1,72,21.8,64.0
449024,2026-05-03,16,50,24.1,72,21.8,64.0
449025,2026-05-03,16,51,24.1,72,21.7,64.0
449026,2026-05-03,16,52,24.1,72,21.7,64.0
449027,2026-05-03,16,53,24.0,72,21.7,64.0
449028,2026-05-03,16,54,23.8,72,21.7,64.0
449029,2026-05-03,16,55,23.8,72,21.7,64.0
449030,2026-05-03,16,56,23.8,72,21.7,64.0
449031,2026-05-03,16,57,23.8,72,21.7,64.0
449032,2026-05-03,16,58,23.8,72,21.7,64.0
449033,2026-05-03,16,59,23.8,72,21.6,64.0
449034,2026-05-03,17,00,23.8,72,21.7,64.0
449035,2026-05-03,17,01,23.8,72,21.7,63.0
449036,2026-05-03,17,02,23.8,72,21.7,64.0
449037,2026-05-03,17,03,23.8,72,21.6,64.0
449038,2026-05-03,17,04,23.8,72,21.6,64.0
449039,2026-05-03,17,05,23.8,72,21.6,64.0
449040,2026-05-03,17,06,23.8,72,21.6,64.0
449041,2026-05-03,17,07,23.8,72,21.6,64.0
449042,2026-05-03,17,08,23.8,72,21.5,64.0
449043,2026-05-03,17,09,23.8,72,21.5,64.0
449044,2026-05-03,17,10,23.8,72,21.5,64.0
449045,2026-05-03,17,11,23.8,72,21.5,64.0
449046,2026-05-03,17,12,23.8,72,21.5,64.0
449047,2026-05-03,17,13,23.8,72,21.5,64.0
449048,2026-05-03,17,14,23.8,72,21.5,64.0
449049,2026-05-03,17,15,23.8,72,21.4,64.0
449050,2026-05-03,17,16,23.8,72,21.4,64.0
449051,2026-05-03,17,17,23.8,72,21.4,64.0
449052,2026-05-03,17,18,23.8,72,21.3,64.0
449053,2026-05-03,17,19,23.8,72,21.3,64.0
449054,2026-05-03,17,20,23.8,72,21.3,64.0
449055,2026-05-03,17,21,23.8,72,21.3,64.0
449056,2026-05-03,17,22,23.8,72,21.2,64.0
449057,2026-05-03,17,23,23.8,72,21.2,64.0
449058,2026-05-03,17,24,23.8,72,21.2,64.0
449059,2026-05-03,17,25,23.8,72,21.2,65.0
449060,2026-05-03,17,26,23.8,72,21.2,64.0
449061,2026-05-03,17,27,23.8,72,21.2,64.0
449062,2026-05-03,17,28,23.8,72,21.2,64.0
449063,2026-05-03,17,29,23.8,72,21.3,64.0
449064,2026-05-03,17,30,23.8,72,21.3,64.0
449065,2026-05-03,17,31,23.8,72,21.3,64.0
449066,2026-05-03,17,32,23.8,72,21.3,64.0
449067,2026-05-03,17,33,23.8,72,21.3,64.0
449068,2026-05-03,17,34,23.8,72,21.3,64.0
449069,2026-05-03,17,35,23.8,72,21.3,64.0
449070,2026-05-03,17,36,23.8,72,21.3,64.0
449071,2026-05-03,17,37,23.8,72,21.3,64.0
449072,2026-05-03,17,38,23.8,72,21.3,64.0
449073,2026-05-03,17,39,23.8,72,21.2,64.0
449074,2026-05-03,17,40,23.8,72,21.2,64.0
449075,2026-05-03,17,41,23.8,72,21.2,64.0
449076,2026-05-03,17,42,23.8,72,21.2,64.0
449077,2026-05-03,17,43,23.8,72,21.2,65.0
449078,2026-05-03,17,44,23.8,72,21.2,65.0
449079,2026-05-03,17,45,23.8,72,21.2,65.0
449080,2026-05-03,17,46,23.8,72,21.2,65.0
449081,2026-05-03,17,47,23.8,72,21.1,65.0
449082,2026-05-03,17,48,23.8,72,21.1,65.0
449083,2026-05-03,17,49,23.8,72,21.1,65.0
449084,2026-05-03,17,50,23.8,72,21.1,65.0
449085,2026-05-03,17,51,23.8,72,21.1,65.0
449086,2026-05-03,17,52,23.8,72,21.1,65.0
449087,2026-05-03,17,53,23.8,72,21.1,65.0
449088,2026-05-03,17,54,23.8,72,21.1,65.0
449089,2026-05-03,17,55,23.8,72,21.0,65.0
449090,2026-05-03,17,56,23.8,72,21.0,65.0
449091,2026-05-03,17,57,23.8,72,21.0,65.0
449092,2026-05-03,17,58,23.8,72,21.0,65.0
449093,2026-05-03,17,59,23.8,72,21.0,65.0
449094,2026-05-03,18,00,23.8,72,21.0,65.0
449095,2026-05-03,18,01,23.8,72,21.0,65.0
449096,2026-05-03,18,02,23.8,72,21.0,65.0
449097,2026-05-03,18,03,23.8,72,21.0,65.0
449098,2026-05-03,18,04,23.8,72,21.0,65.0
449099,2026-05-03,18,05,23.8,72,21.0,65.0
449100,2026-05-03,18,06,23.8,72,21.0,65.0
449101,2026-05-03,18,07,23.8,72,21.0,65.0
449102,2026-05-03,18,08,23.8,72,21.0,65.0
449103,2026-05-03,18,09,23.8,72,21.0,65.0
449104,2026-05-03,18,10,23.8,72,21.0,65.0
449105,2026-05-03,18,11,23.8,72,21.0,65.0
449106,2026-05-03,18,12,23.8,72,20.9,65.0
449107,2026-05-03,18,13,23.8,72,20.9,65.0
449108,2026-05-03,18,14,23.8,72,20.9,65.0
449109,2026-05-03,18,15,23.8,72,20.9,65.0
449110,2026-05-03,18,16,23.7,72,20.9,65.0
449111,2026-05-03,18,17,23.5,72,20.9,65.0
449112,2026-05-03,18,18,23.4,72,20.9,65.0
449113,2026-05-03,18,19,23.4,72,20.9,65.0
449114,2026-05-03,18,20,23.4,72,20.9,65.0
449115,2026-05-03,18,21,23.4,72,21.0,65.0
449116,2026-05-03,18,22,23.4,72,21.0,65.0
449117,2026-05-03,18,23,23.4,72,21.0,65.0
449118,2026-05-03,18,24,23.4,71,21.0,65.0
449119,2026-05-03,18,25,23.4,71,21.0,65.0
449120,2026-05-03,18,26,23.4,71,21.0,65.0
449121,2026-05-03,18,27,23.4,71,21.0,65.0
449122,2026-05-03,18,28,23.4,71,21.0,65.0
449123,2026-05-03,18,29,23.4,71,21.0,65.0
449124,2026-05-03,18,30,23.4,71,20.9,65.0
449125,2026-05-03,18,31,23.4,71,20.9,65.0
449126,2026-05-03,18,32,23.4,71,20.9,65.0
449127,2026-05-03,18,33,23.4,71,21.0,65.0
449128,2026-05-03,18,34,23.4,71,20.9,65.0
449129,2026-05-03,18,35,23.4,71,20.9,65.0
449130,2026-05-03,18,36,23.4,71,20.9,65.0
449131,2026-05-03,18,37,23.4,71,20.9,65.0
449132,2026-05-03,18,38,23.4,71,20.9,65.0
449133,2026-05-03,18,39,23.4,71,20.9,65.0
449134,2026-05-03,18,40,23.4,70,20.9,65.0
449135,2026-05-03,18,41,23.4,70,20.9,65.0
449136,2026-05-03,18,42,23.4,70,20.9,65.0
449137,2026-05-03,18,43,23.4,70,20.9,65.0
449138,2026-05-03,18,44,23.4,70,20.9,65.0
449139,2026-05-03,18,45,23.4,70,20.9,65.0
449140,2026-05-03,18,46,23.4,70,20.9,65.0
449141,2026-05-03,18,47,23.4,70,20.9,65.0
449142,2026-05-03,18,48,23.4,70,20.9,65.0
449143,2026-05-03,18,49,23.4,70,20.9,65.0
449144,2026-05-03,18,50,23.4,70,20.9,65.0
449145,2026-05-03,18,51,23.4,70,20.9,65.0
449146,2026-05-03,18,52,23.4,70,20.9,65.0
449147,2026-05-03,18,53,23.4,70,20.9,65.0
449148,2026-05-03,18,54,23.4,70,20.9,65.0
449149,2026-05-03,18,55,23.4,70,20.9,65.0
449150,2026-05-03,18,56,23.4,70,20.9,65.0
449151,2026-05-03,18,57,23.4,70,20.9,65.0
449152,2026-05-03,18,58,23.4,70,20.9,65.0
449153,2026-05-03,18,59,23.4,70,20.9,65.0
449154,2026-05-03,19,00,23.4,70,20.9,65.0
449155,2026-05-03,19,01,23.4,70,20.9,65.0
449156,2026-05-03,19,02,23.4,69,20.9,65.0
449157,2026-05-03,19,03,23.4,70,20.9,65.0
449158,2026-05-03,19,04,23.4,70,20.8,66.0
449159,2026-05-03,19,05,23.4,69,20.8,66.0
449160,2026-05-03,19,06,23.4,69,20.9,66.0
449161,2026-05-03,19,07,23.4,69,20.9,66.0
449162,2026-05-03,19,08,23.4,69,20.8,67.0
449163,2026-05-03,19,09,23.4,69,20.8,67.0
449164,2026-05-03,19,10,23.4,69,20.8,67.0
449165,2026-05-03,19,11,23.4,69,20.8,67.0
449166,2026-05-03,19,12,23.4,69,20.9,67.0
449167,2026-05-03,19,13,23.4,69,20.8,67.0
449168,2026-05-03,19,14,23.4,69,20.8,67.0
449169,2026-05-03,19,15,23.4,69,20.8,67.0
449170,2026-05-03,19,16,23.4,69,20.8,67.0
449171,2026-05-03,19,17,23.4,69,20.8,67.0
449172,2026-05-03,19,18,23.4,69,20.8,68.0
449173,2026-05-03,19,19,23.4,69,20.8,68.0
449174,2026-05-03,19,20,23.4,69,20.8,68.0
449175,2026-05-03,19,21,23.4,69,20.8,68.0
449176,2026-05-03,19,22,23.4,69,20.8,68.0
449177,2026-05-03,19,23,23.4,69,20.8,68.0
449178,2026-05-03,19,24,23.4,69,20.8,68.0
449179,2026-05-03,19,25,23.4,69,20.8,68.0
449180,2026-05-03,19,26,23.4,69,20.8,68.0
449181,2026-05-03,19,27,23.4,69,20.8,68.0
449182,2026-05-03,19,28,23.4,69,20.8,68.0
449183,2026-05-03,19,29,23.4,69,20.8,68.0
449184,2026-05-03,19,30,23.4,69,20.8,68.0
449185,2026-05-03,19,31,23.4,69,20.8,68.0
449186,2026-05-03,19,32,23.4,69,20.8,68.0
449187,2026-05-03,19,33,23.4,69,20.7,68.0
449188,2026-05-03,19,34,23.4,69,20.7,68.0
449189,2026-05-03,19,35,23.4,69,20.7,68.0
449190,2026-05-03,19,36,23.4,69,20.7,68.0
449191,2026-05-03,19,37,23.4,69,20.7,68.0
449192,2026-05-03,19,38,23.4,69,20.7,68.0
449193,2026-05-03,19,39,23.4,69,20.7,68.0
449194,2026-05-03,19,40,23.4,69,20.7,68.0
449195,2026-05-03,19,41,23.4,69,20.7,68.0
449196,2026-05-03,19,42,23.4,69,20.7,68.0
449197,2026-05-03,19,43,23.4,69,20.7,68.0
449198,2026-05-03,19,44,23.4,69,20.7,68.0
449199,2026-05-03,19,45,23.4,69,20.7,68.0
449200,2026-05-03,19,46,23.1,69,20.7,68.0
449201,2026-05-03,19,47,23.1,69,20.7,68.0
449202,2026-05-03,19,48,23.0,69,20.7,68.0
449203,2026-05-03,19,49,23.0,69,20.7,68.0
449204,2026-05-03,19,50,23.0,69,20.7,68.0
449205,2026-05-03,19,51,23.0,70,20.7,68.0
449206,2026-05-03,19,52,23.0,70,20.7,68.0
449207,2026-05-03,19,53,23.0,70,20.6,68.0
449208,2026-05-03,19,54,23.0,70,20.7,68.0
449209,2026-05-03,19,55,23.0,70,20.6,68.0
449210,2026-05-03,19,56,23.0,70,20.6,68.0
449211,2026-05-03,19,57,23.0,70,20.6,68.0
449212,2026-05-03,19,58,23.0,70,20.6,68.0
449213,2026-05-03,19,59,23.0,70,20.6,68.0
449214,2026-05-03,20,00,23.0,70,20.6,68.0
449215,2026-05-03,20,01,23.0,70,20.6,68.0
449216,2026-05-03,20,02,23.0,70,20.6,68.0
449217,2026-05-03,20,03,23.0,70,20.6,68.0
449218,2026-05-03,20,04,23.0,70,20.6,68.0
449219,2026-05-03,20,05,23.0,70,20.6,68.0
449220,2026-05-03,20,06,23.0,70,20.6,68.0
449221,2026-05-03,20,07,23.0,70,20.6,68.0
449222,2026-05-03,20,08,23.0,70,20.5,68.0
449223,2026-05-03,20,09,23.0,70,20.5,68.0
449224,2026-05-03,20,10,23.0,70,20.5,68.0
449225,2026-05-03,20,11,23.0,70,20.5,68.0
449226,2026-05-03,20,12,23.0,70,20.5,68.0
449227,2026-05-03,20,13,23.0,70,20.5,68.0
449228,2026-05-03,20,14,23.0,70,20.5,68.0
449229,2026-05-03,20,15,23.0,70,20.5,68.0
449230,2026-05-03,20,16,23.0,70,20.5,68.0
449231,2026-05-03,20,17,23.0,70,20.4,68.0
449232,2026-05-03,20,18,23.0,70,20.4,68.0
449233,2026-05-03,20,19,23.0,70,20.4,68.0
449234,2026-05-03,20,20,23.0,70,20.4,68.0
449235,2026-05-03,20,21,23.0,70,20.4,68.0
449236,2026-05-03,20,22,23.0,70,20.4,69.0
449237,2026-05-03,20,23,23.0,70,20.4,68.0
449238,2026-05-03,20,24,23.0,70,20.3,69.0
449239,2026-05-03,20,25,23.0,70,20.4,68.0
449240,2026-05-03,20,26,23.0,70,20.3,69.0
449241,2026-05-03,20,27,23.0,70,20.3,69.0
449242,2026-05-03,20,28,23.0,70,20.3,69.0
449243,2026-05-03,20,29,23.0,70,20.3,69.0
449244,2026-05-03,20,30,23.0,70,20.3,69.0
449245,2026-05-03,20,31,23.0,70,20.3,68.0
449246,2026-05-03,20,32,23.0,69,20.3,68.0
449247,2026-05-03,20,33,23.0,69,20.3,69.0
449248,2026-05-03,20,34,23.0,69,20.3,68.0
449249,2026-05-03,20,35,23.0,69,20.3,68.0
449250,2026-05-03,20,36,23.0,69,20.2,69.0
449251,2026-05-03,20,37,23.0,69,20.2,68.0
449252,2026-05-03,20,38,23.0,69,20.2,68.0
449253,2026-05-03,20,39,23.0,69,20.2,68.0
449254,2026-05-03,20,40,23.0,69,20.2,68.0
449255,2026-05-03,20,41,23.0,69,20.2,68.0
449256,2026-05-03,20,42,23.0,69,20.2,68.0
449257,2026-05-03,20,43,23.0,69,20.2,69.0
449258,2026-05-03,20,44,23.0,69,20.1,69.0
449259,2026-05-03,20,45,23.0,69,20.1,69.0
449260,2026-05-03,20,46,23.0,69,20.1,69.0
449261,2026-05-03,20,47,23.0,69,20.1,69.0
449262,2026-05-03,20,48,23.0,69,20.1,69.0
449263,2026-05-03,20,49,23.0,69,20.1,69.0
449264,2026-05-03,20,50,23.0,69,20.1,69.0
449265,2026-05-03,20,51,23.0,69,20.1,69.0
449266,2026-05-03,20,52,23.0,69,20.1,68.0
449267,2026-05-03,20,53,23.0,69,20.1,68.0
449268,2026-05-03,20,54,23.0,69,20.1,68.0
449269,2026-05-03,20,55,22.9,69,20.1,68.0
449270,2026-05-03,20,56,22.7,69,20.1,68.0
449271,2026-05-03,20,57,22.7,69,20.1,68.0
449272,2026-05-03,20,58,22.7,69,20.1,68.0
449273,2026-05-03,20,59,22.7,69,20.1,68.0
449274,2026-05-03,21,00,22.6,69,20.1,68.0
449275,2026-05-03,21,01,22.6,69,20.1,68.0
449276,2026-05-03,21,02,22.6,69,20.1,68.0
449277,2026-05-03,21,03,22.6,69,20.1,68.0
449278,2026-05-03,21,04,22.6,69,20.1,68.0
449279,2026-05-03,21,05,22.6,69,20.1,68.0
449280,2026-05-03,21,06,22.6,69,20.0,68.0
449281,2026-05-03,21,07,22.6,69,20.1,69.0
449282,2026-05-03,21,08,22.6,69,20.0,68.0
449283,2026-05-03,21,09,22.6,69,20.1,68.0
449284,2026-05-03,21,10,22.6,69,20.0,68.0
449285,2026-05-03,21,11,22.6,69,20.1,68.0
449286,2026-05-03,21,12,22.6,69,20.0,68.0
449287,2026-05-03,21,13,22.6,69,20.1,68.0
449288,2026-05-03,21,14,22.6,69,20.1,68.0
449289,2026-05-03,21,15,22.6,69,20.1,68.0
449290,2026-05-03,21,16,22.6,69,20.0,68.0
449291,2026-05-03,21,17,22.6,69,20.0,68.0
449292,2026-05-03,21,18,22.6,69,20.0,68.0
449293,2026-05-03,21,19,22.6,69,20.0,68.0
449294,2026-05-03,21,20,22.6,69,20.0,68.0
449295,2026-05-03,21,21,22.6,69,20.0,68.0
449296,2026-05-03,21,22,22.6,69,20.0,68.0
449297,2026-05-03,21,23,22.6,69,20.0,68.0
449298,2026-05-03,21,24,22.6,69,20.0,68.0
449299,2026-05-03,21,25,22.6,69,20.1,68.0
449300,2026-05-03,21,26,22.6,69,20.0,68.0
449301,2026-05-03,21,27,22.6,69,20.0,68.0
449302,2026-05-03,21,28,22.6,69,20.0,68.0
449303,2026-05-03,21,29,22.6,69,20.0,68.0
449304,2026-05-03,21,30,22.6,69,20.0,68.0
449305,2026-05-03,21,31,22.6,69,20.0,68.0
449306,2026-05-03,21,32,22.6,69,20.0,68.0
449307,2026-05-03,21,33,22.6,69,20.0,68.0
449308,2026-05-03,21,34,22.6,69,20.0,68.0
449309,2026-05-03,21,35,22.6,69,20.0,68.0
449310,2026-05-03,21,36,22.6,69,20.0,68.0
449311,2026-05-03,21,37,22.6,69,20.0,68.0
449312,2026-05-03,21,38,22.6,69,20.0,68.0
449313,2026-05-03,21,39,22.6,69,20.0,68.0
449314,2026-05-03,21,40,22.6,69,20.0,68.0
449315,2026-05-03,21,41,22.6,69,20.0,68.0
449316,2026-05-03,21,42,22.6,69,20.0,68.0
449317,2026-05-03,21,43,22.6,69,20.0,68.0
449318,2026-05-03,21,45,22.6,69,20.0,68.0
449319,2026-05-03,21,46,22.6,69,20.0,68.0
449320,2026-05-03,21,47,22.6,69,20.0,68.0
449321,2026-05-03,21,48,22.6,69,20.0,68.0
449322,2026-05-03,21,49,22.6,69,20.0,68.0
449323,2026-05-03,21,50,22.6,69,20.0,68.0
449324,2026-05-03,21,51,22.6,69,20.0,68.0
449325,2026-05-03,21,52,22.6,69,20.0,68.0
449326,2026-05-03,21,53,22.6,69,20.0,68.0
449327,2026-05-03,21,54,22.6,69,20.0,68.0
449328,2026-05-03,21,55,22.6,69,20.0,68.0
449329,2026-05-03,21,56,22.6,69,20.0,68.0
449330,2026-05-03,21,57,22.6,69,20.0,68.0
449331,2026-05-03,21,58,22.6,69,20.0,68.0
449332,2026-05-03,21,59,22.6,69,20.0,68.0
449333,2026-05-03,22,00,22.6,69,20.0,68.0
449334,2026-05-03,22,01,22.6,69,19.9,68.0
449335,2026-05-03,22,02,22.6,69,20.0,68.0
449336,2026-05-03,22,03,22.6,69,20.0,68.0
449337,2026-05-03,22,04,22.6,69,19.9,68.0
449338,2026-05-03,22,05,22.6,69,20.0,68.0
449339,2026-05-03,22,06,22.6,69,19.9,68.0
449340,2026-05-03,22,07,22.6,69,19.9,68.0
449341,2026-05-03,22,08,22.6,69,19.9,68.0
449342,2026-05-03,22,09,22.6,69,19.9,68.0
449343,2026-05-03,22,10,22.6,69,19.9,68.0
449344,2026-05-03,22,11,22.6,69,19.9,68.0
449345,2026-05-03,22,12,22.6,69,19.9,68.0
449346,2026-05-03,22,13,22.6,69,19.9,68.0
449347,2026-05-03,22,14,22.4,69,19.9,68.0
449348,2026-05-03,22,15,22.3,69,19.9,68.0
449349,2026-05-03,22,16,22.3,69,19.9,68.0
449350,2026-05-03,22,17,22.3,69,20.0,68.0
449351,2026-05-03,22,18,22.3,69,19.9,68.0
449352,2026-05-03,22,19,22.2,69,19.9,68.0
449353,2026-05-03,22,20,22.3,69,19.9,68.0
449354,2026-05-03,22,21,22.2,69,19.9,68.0
449355,2026-05-03,22,22,22.2,69,19.9,68.0
449356,2026-05-03,22,23,22.2,69,19.9,68.0
449357,2026-05-03,22,24,22.2,69,19.9,68.0
449358,2026-05-03,22,25,22.2,69,19.9,68.0
449359,2026-05-03,22,26,22.2,69,19.9,68.0
449360,2026-05-03,22,27,22.2,69,19.9,68.0
449361,2026-05-03,22,28,22.2,69,19.9,68.0
449362,2026-05-03,22,29,22.2,69,19.9,68.0
449363,2026-05-03,22,30,22.2,69,19.9,68.0
449364,2026-05-03,22,31,22.2,69,19.9,68.0
449365,2026-05-03,22,32,22.2,69,19.9,68.0
449366,2026-05-03,22,33,22.2,69,19.9,68.0
449367,2026-05-03,22,34,22.2,69,19.9,68.0
449368,2026-05-03,22,35,22.2,69,19.9,68.0
449369,2026-05-03,22,36,22.2,69,19.9,68.0
449370,2026-05-03,22,37,22.2,69,19.9,68.0
449371,2026-05-03,22,38,22.2,69,19.8,68.0
449372,2026-05-03,22,39,22.2,69,19.8,68.0
449373,2026-05-03,22,40,22.2,69,19.8,68.0
449374,2026-05-03,22,41,22.2,69,19.8,68.0
449375,2026-05-03,22,42,22.2,69,19.8,68.0
449376,2026-05-03,22,43,22.2,69,19.8,68.0
449377,2026-05-03,22,44,22.2,69,19.8,68.0
449378,2026-05-03,22,45,22.2,69,19.8,68.0
449379,2026-05-03,22,46,22.2,69,19.8,68.0
449380,2026-05-03,22,47,22.2,69,19.8,68.0
449381,2026-05-03,22,48,22.2,69,19.8,68.0
449382,2026-05-03,22,49,22.2,69,19.8,68.0
449383,2026-05-03,22,50,22.2,69,19.8,68.0
449384,2026-05-03,22,51,22.2,69,19.8,68.0
449385,2026-05-03,22,52,22.2,69,19.8,68.0
449386,2026-05-03,22,53,22.2,69,19.8,68.0
449387,2026-05-03,22,54,22.2,69,19.8,68.0
449388,2026-05-03,22,55,22.2,69,19.8,68.0
449389,2026-05-03,22,56,22.2,69,19.8,68.0
449390,2026-05-03,22,57,22.2,69,19.8,68.0
449391,2026-05-03,22,58,22.2,69,19.8,68.0
449392,2026-05-03,22,59,22.2,69,19.8,68.0
449393,2026-05-03,23,00,22.2,69,19.8,68.0
449394,2026-05-03,23,01,22.2,69,19.8,68.0
449395,2026-05-03,23,02,22.2,69,19.8,68.0
449396,2026-05-03,23,03,22.2,69,19.8,68.0
449397,2026-05-03,23,04,22.2,70,19.8,68.0
449398,2026-05-03,23,05,22.2,70,19.8,68.0
449399,2026-05-03,23,06,22.2,70,19.8,68.0
449400,2026-05-03,23,07,22.2,70,19.8,68.0
449401,2026-05-03,23,08,22.2,70,19.8,68.0
449402,2026-05-03,23,09,22.2,70,19.8,68.0
449403,2026-05-03,23,10,22.2,70,19.8,68.0
449404,2026-05-03,23,11,22.2,70,19.8,68.0
449405,2026-05-03,23,12,22.2,70,19.8,68.0
449406,2026-05-03,23,13,22.2,70,19.8,68.0
449407,2026-05-03,23,14,22.2,70,19.8,68.0
449408,2026-05-03,23,15,22.2,70,19.8,68.0
449409,2026-05-03,23,16,22.2,70,19.8,68.0
449410,2026-05-03,23,17,22.2,70,19.8,68.0
449411,2026-05-03,23,18,22.2,70,19.8,68.0
449412,2026-05-03,23,19,22.2,70,19.8,68.0
449413,2026-05-03,23,20,22.2,70,19.8,68.0
449414,2026-05-03,23,21,22.2,70,19.8,68.0
449415,2026-05-03,23,22,22.2,70,19.8,68.0
449416,2026-05-03,23,23,22.2,70,19.8,68.0
449417,2026-05-03,23,24,22.2,70,19.8,68.0
449418,2026-05-03,23,25,22.2,70,19.8,68.0
449419,2026-05-03,23,26,22.2,70,19.8,68.0
449420,2026-05-03,23,27,22.2,70,19.8,68.0
449421,2026-05-03,23,28,22.2,70,19.8,68.0
449422,2026-05-03,23,29,22.2,70,19.8,68.0
449423,2026-05-03,23,30,22.2,70,19.8,68.0
449424,2026-05-03,23,31,22.2,70,19.8,68.0
449425,2026-05-03,23,32,22.2,70,19.8,68.0
449426,2026-05-03,23,33,22.2,70,19.8,68.0
449427,2026-05-03,23,34,22.2,70,19.8,68.0
449428,2026-05-03,23,35,22.2,70,19.8,68.0
449429,2026-05-03,23,36,22.2,70,19.8,68.0
449430,2026-05-03,23,37,22.0,70,19.8,68.0
449431,2026-05-03,23,38,22.1,70,19.8,68.0
449432,2026-05-03,23,39,21.9,70,19.8,68.0
449433,2026-05-03,23,40,21.9,70,19.8,68.0
449434,2026-05-03,23,41,21.9,70,19.7,68.0
449435,2026-05-03,23,42,21.9,70,19.8,68.0
449436,2026-05-03,23,43,21.8,70,19.8,68.0
449437,2026-05-03,23,44,21.8,70,19.7,68.0
449438,2026-05-03,23,45,21.8,70,19.7,68.0
449439,2026-05-03,23,46,21.8,70,19.7,68.0
449440,2026-05-03,23,47,21.8,70,19.7,68.0
449441,2026-05-03,23,48,21.8,70,19.7,68.0
449442,2026-05-03,23,49,21.8,71,19.8,68.0
449443,2026-05-03,23,50,21.8,71,19.8,68.0
449444,2026-05-03,23,51,21.8,71,19.8,68.0
449445,2026-05-03,23,52,21.8,71,19.8,68.0
449446,2026-05-03,23,53,21.8,71,19.8,68.0
449447,2026-05-03,23,54,21.8,71,19.8,68.0
449448,2026-05-03,23,55,21.8,71,19.8,68.0
449449,2026-05-03,23,56,21.8,71,19.8,68.0
449450,2026-05-03,23,57,21.8,71,19.8,68.0
449451,2026-05-03,23,58,21.8,71,19.8,68.0
449452,2026-05-03,23,59,21.8,71,19.8,68.0
449453,2026-05-04,00,00,21.8,71,19.8,68.0
449454,2026-05-04,00,01,21.8,71,19.8,68.0
449455,2026-05-04,00,02,21.8,71,19.8,68.0
449456,2026-05-04,00,03,21.8,71,19.8,68.0
449457,2026-05-04,00,04,21.8,71,19.8,68.0
449458,2026-05-04,00,05,21.8,71,19.8,68.0
449459,2026-05-04,00,06,21.8,71,19.8,68.0
449460,2026-05-04,00,07,21.8,71,19.8,68.0
449461,2026-05-04,00,08,21.8,71,19.8,68.0
449462,2026-05-04,00,09,21.8,71,19.8,68.0
449463,2026-05-04,00,10,21.8,71,19.8,68.0
449464,2026-05-04,00,11,21.8,71,19.8,68.0
449465,2026-05-04,00,12,21.8,71,19.8,68.0
449466,2026-05-04,00,13,21.8,71,19.8,68.0
449467,2026-05-04,00,14,21.8,71,19.8,68.0
449468,2026-05-04,00,15,21.8,71,19.8,68.0
449469,2026-05-04,00,16,21.8,71,19.8,68.0
449470,2026-05-04,00,17,21.8,71,19.8,68.0
449471,2026-05-04,00,18,21.8,71,19.8,68.0
449472,2026-05-04,00,19,21.8,71,19.8,68.0
449473,2026-05-04,00,20,21.8,71,19.8,68.0
449474,2026-05-04,00,21,21.8,71,19.8,68.0
449475,2026-05-04,00,22,21.8,71,19.8,68.0
449476,2026-05-04,00,23,21.8,71,19.8,68.0
449477,2026-05-04,00,24,21.8,71,19.8,68.0
449478,2026-05-04,00,25,21.8,71,19.8,68.0
449479,2026-05-04,00,26,21.8,71,19.8,68.0
449480,2026-05-04,00,27,21.8,71,19.8,68.0
449481,2026-05-04,00,28,21.8,71,19.8,68.0
449482,2026-05-04,00,29,21.8,71,19.7,68.0
449483,2026-05-04,00,30,21.8,71,19.7,68.0
449484,2026-05-04,00,31,21.8,71,19.7,69.0
449485,2026-05-04,00,32,21.8,71,19.7,68.0
449486,2026-05-04,00,33,21.8,71,19.7,69.0
449487,2026-05-04,00,34,21.8,71,19.7,68.0
449488,2026-05-04,00,35,21.8,71,19.7,68.0
449489,2026-05-04,00,36,21.8,71,19.7,69.0
449490,2026-05-04,00,37,21.8,71,19.7,69.0
449491,2026-05-04,00,38,21.8,71,19.7,68.0
449492,2026-05-04,00,39,21.8,71,19.7,69.0
449493,2026-05-04,00,40,21.8,71,19.7,69.0
449494,2026-05-04,00,41,21.8,71,19.7,69.0
449495,2026-05-04,00,42,21.8,71,19.7,69.0
449496,2026-05-04,00,43,21.8,72,19.7,68.0
449497,2026-05-04,00,44,21.8,72,19.7,68.0
449498,2026-05-04,00,45,21.8,72,19.7,68.0
449499,2026-05-04,00,46,21.8,72,19.7,68.0
449500,2026-05-04,00,47,21.8,72,19.7,68.0
449501,2026-05-04,00,48,21.8,72,19.7,68.0
449502,2026-05-04,00,49,21.8,72,19.7,68.0
449503,2026-05-04,00,50,21.8,72,19.7,68.0
449504,2026-05-04,00,51,21.8,72,19.7,68.0
449505,2026-05-04,00,52,21.8,72,19.7,68.0
449506,2026-05-04,00,53,21.8,72,19.7,68.0
449507,2026-05-04,00,54,21.8,72,19.7,68.0
449508,2026-05-04,00,55,21.8,72,19.7,68.0
449509,2026-05-04,00,56,21.8,72,19.7,68.0
449510,2026-05-04,00,57,21.8,72,19.7,68.0
449511,2026-05-04,00,58,21.8,72,19.7,69.0
449512,2026-05-04,00,59,21.8,72,19.7,68.0
449513,2026-05-04,01,00,21.8,72,19.7,69.0
449514,2026-05-04,01,01,21.8,72,19.7,69.0
449515,2026-05-04,01,02,21.8,72,19.7,69.0
449516,2026-05-04,01,03,21.8,72,19.7,69.0
449517,2026-05-04,01,04,21.8,72,19.7,69.0
449518,2026-05-04,01,05,21.8,72,19.7,69.0
449519,2026-05-04,01,06,21.8,72,19.7,69.0
449520,2026-05-04,01,07,21.8,72,19.7,69.0
449521,2026-05-04,01,08,21.8,72,19.7,69.0
449522,2026-05-04,01,09,21.8,72,19.7,69.0
449523,2026-05-04,01,10,21.8,72,19.6,69.0
449524,2026-05-04,01,11,21.8,72,19.7,69.0
449525,2026-05-04,01,12,21.8,72,19.6,69.0
449526,2026-05-04,01,13,21.8,72,19.6,69.0
449527,2026-05-04,01,14,21.8,72,19.6,69.0
449528,2026-05-04,01,15,21.8,72,19.6,69.0
449529,2026-05-04,01,16,21.8,72,19.6,69.0
449530,2026-05-04,01,17,21.8,72,19.6,69.0
449531,2026-05-04,01,18,21.8,72,19.6,69.0
449532,2026-05-04,01,19,21.8,72,19.6,69.0
449533,2026-05-04,01,20,21.8,72,19.6,69.0
449534,2026-05-04,01,21,21.8,72,19.6,69.0
449535,2026-05-04,01,22,21.8,72,19.6,69.0
449536,2026-05-04,01,23,21.8,72,19.6,69.0
449537,2026-05-04,01,24,21.8,72,19.6,69.0
449538,2026-05-04,01,25,21.8,72,19.6,69.0
449539,2026-05-04,01,26,21.8,72,19.6,69.0
449540,2026-05-04,01,27,21.8,72,19.6,69.0
449541,2026-05-04,01,28,21.8,72,19.6,69.0
449542,2026-05-04,01,29,21.8,72,19.6,69.0
449543,2026-05-04,01,30,21.8,72,19.6,69.0
449544,2026-05-04,01,31,21.8,72,19.6,69.0
449545,2026-05-04,01,32,21.8,72,19.6,69.0
449546,2026-05-04,01,33,21.8,72,19.6,69.0
449547,2026-05-04,01,34,21.8,72,19.6,69.0
449548,2026-05-04,01,35,21.8,72,19.6,69.0
449549,2026-05-04,01,36,21.8,72,19.6,69.0
449550,2026-05-04,01,37,21.8,72,19.6,69.0
449551,2026-05-04,01,38,21.8,72,19.6,69.0
449552,2026-05-04,01,39,21.8,72,19.6,69.0
449553,2026-05-04,01,40,21.8,72,19.6,69.0
449554,2026-05-04,01,41,21.8,72,19.6,69.0
449555,2026-05-04,01,42,21.8,72,19.6,69.0
449556,2026-05-04,01,43,21.8,72,19.6,69.0
449557,2026-05-04,01,44,21.8,72,19.6,69.0
449558,2026-05-04,01,45,21.8,72,19.6,69.0
449559,2026-05-04,01,46,21.8,72,19.6,69.0
449560,2026-05-04,01,47,21.8,72,19.6,69.0
449561,2026-05-04,01,48,21.8,72,19.6,69.0
449562,2026-05-04,01,49,21.8,72,19.6,69.0
449563,2026-05-04,01,50,21.8,72,19.6,69.0
449564,2026-05-04,01,51,21.8,72,19.6,69.0
449565,2026-05-04,01,52,21.8,72,19.6,69.0
449566,2026-05-04,01,53,21.8,72,19.6,69.0
449567,2026-05-04,01,54,21.6,72,19.6,69.0
449568,2026-05-04,01,55,21.5,72,19.6,69.0
449569,2026-05-04,01,56,21.5,72,19.6,69.0
449570,2026-05-04,01,57,21.5,72,19.6,69.0
449571,2026-05-04,01,58,21.5,72,19.6,69.0
449572,2026-05-04,01,59,21.5,72,19.6,69.0
449573,2026-05-04,02,00,21.5,72,19.6,69.0
449574,2026-05-04,02,01,21.4,72,19.6,69.0
449575,2026-05-04,02,02,21.4,72,19.6,69.0
449576,2026-05-04,02,03,21.4,72,19.6,69.0
449577,2026-05-04,02,04,21.4,72,19.6,69.0
449578,2026-05-04,02,05,21.4,72,19.6,69.0
449579,2026-05-04,02,06,21.4,72,19.6,69.0
449580,2026-05-04,02,07,21.4,72,19.6,69.0
449581,2026-05-04,02,08,21.4,72,19.6,69.0
449582,2026-05-04,02,09,21.4,72,19.6,69.0
449583,2026-05-04,02,10,21.4,72,19.6,69.0
449584,2026-05-04,02,11,21.4,72,19.6,69.0
449585,2026-05-04,02,12,21.4,72,19.6,69.0
449586,2026-05-04,02,13,21.4,72,19.6,69.0
449587,2026-05-04,02,14,21.4,72,19.6,69.0
449588,2026-05-04,02,15,21.4,72,19.6,69.0
449589,2026-05-04,02,16,21.4,72,19.6,69.0
449590,2026-05-04,02,17,21.4,72,19.6,69.0
449591,2026-05-04,02,18,21.4,72,19.6,69.0
449592,2026-05-04,02,19,21.4,72,19.6,69.0
449593,2026-05-04,02,20,21.4,72,19.6,69.0
449594,2026-05-04,02,21,21.4,72,19.6,69.0
449595,2026-05-04,02,22,21.4,72,19.6,69.0
449596,2026-05-04,02,23,21.4,72,19.5,69.0
449597,2026-05-04,02,24,21.4,72,19.5,69.0
449598,2026-05-04,02,25,21.4,72,19.5,69.0
449599,2026-05-04,02,26,21.4,72,19.5,69.0
449600,2026-05-04,02,27,21.4,72,19.5,69.0
449601,2026-05-04,02,28,21.4,72,19.5,69.0
449602,2026-05-04,02,29,21.4,72,19.5,69.0
449603,2026-05-04,02,30,21.4,72,19.5,69.0
449604,2026-05-04,02,31,21.4,72,19.5,69.0
449605,2026-05-04,02,32,21.4,72,19.5,69.0
449606,2026-05-04,02,33,21.4,72,19.5,69.0
449607,2026-05-04,02,34,21.4,72,19.5,69.0
449608,2026-05-04,02,35,21.4,72,19.5,69.0
449609,2026-05-04,02,36,21.4,72,19.5,69.0
449610,2026-05-04,02,37,21.4,72,19.4,69.0
449611,2026-05-04,02,38,21.4,72,19.4,69.0
449612,2026-05-04,02,39,21.4,72,19.4,69.0
449613,2026-05-04,02,40,21.4,72,19.4,69.0
449614,2026-05-04,02,41,21.4,72,19.4,69.0
449615,2026-05-04,02,42,21.4,72,19.4,69.0
449616,2026-05-04,02,43,21.4,72,19.4,69.0
449617,2026-05-04,02,44,21.4,72,19.4,69.0
449618,2026-05-04,02,45,21.4,72,19.4,69.0
449619,2026-05-04,02,46,21.4,72,19.4,69.0
449620,2026-05-04,02,47,21.4,72,19.4,69.0
449621,2026-05-04,02,48,21.4,72,19.4,69.0
449622,2026-05-04,02,49,21.4,72,19.4,69.0
449623,2026-05-04,02,50,21.4,72,19.4,69.0
449624,2026-05-04,02,51,21.4,72,19.4,69.0
449625,2026-05-04,02,52,21.4,72,19.4,69.0
449626,2026-05-04,02,53,21.4,72,19.4,69.0
449627,2026-05-04,02,54,21.4,72,19.4,69.0
449628,2026-05-04,02,55,21.4,72,19.5,69.0
449629,2026-05-04,02,56,21.4,72,19.5,69.0
449630,2026-05-04,02,57,21.4,72,19.5,69.0
449631,2026-05-04,02,58,21.4,72,19.5,69.0
449632,2026-05-04,02,59,21.4,72,19.5,69.0
449633,2026-05-04,03,00,21.4,72,19.5,69.0
449634,2026-05-04,03,01,21.4,72,19.5,69.0
449635,2026-05-04,03,02,21.4,72,19.5,69.0
449636,2026-05-04,03,03,21.4,72,19.5,69.0
449637,2026-05-04,03,04,21.4,72,19.5,69.0
449638,2026-05-04,03,05,21.4,72,19.5,69.0
449639,2026-05-04,03,06,21.4,72,19.5,69.0
449640,2026-05-04,03,07,21.4,72,19.5,69.0
449641,2026-05-04,03,08,21.4,72,19.5,69.0
449642,2026-05-04,03,09,21.4,72,19.5,69.0
449643,2026-05-04,03,10,21.4,72,19.5,69.0
449644,2026-05-04,03,11,21.4,72,19.5,69.0
449645,2026-05-04,03,12,21.4,72,19.5,69.0
449646,2026-05-04,03,13,21.4,72,19.5,69.0
449647,2026-05-04,03,14,21.4,72,19.4,69.0
449648,2026-05-04,03,15,21.4,72,19.5,69.0
449649,2026-05-04,03,16,21.4,72,19.4,69.0
449650,2026-05-04,03,17,21.4,72,19.4,69.0
449651,2026-05-04,03,18,21.4,72,19.4,69.0
449652,2026-05-04,03,19,21.4,72,19.4,69.0
449653,2026-05-04,03,20,21.4,72,19.4,69.0
449654,2026-05-04,03,21,21.4,72,19.4,69.0
449655,2026-05-04,03,22,21.4,72,19.4,69.0
449656,2026-05-04,03,23,21.4,72,19.4,69.0
449657,2026-05-04,03,24,21.4,72,19.4,69.0
449658,2026-05-04,03,25,21.4,72,19.4,69.0
449659,2026-05-04,03,26,21.4,72,19.4,69.0
449660,2026-05-04,03,27,21.4,72,19.4,69.0
449661,2026-05-04,03,28,21.4,72,19.4,69.0
449662,2026-05-04,03,29,21.4,72,19.4,69.0
449663,2026-05-04,03,30,21.4,72,19.4,69.0
449664,2026-05-04,03,31,21.4,72,19.4,69.0
449665,2026-05-04,03,32,21.4,72,19.4,69.0
449666,2026-05-04,03,33,21.4,72,19.4,69.0
449667,2026-05-04,03,34,21.4,72,19.4,69.0
449668,2026-05-04,03,35,21.4,72,19.4,69.0
449669,2026-05-04,03,36,21.4,72,19.4,69.0
449670,2026-05-04,03,37,21.4,72,19.4,69.0
449671,2026-05-04,03,38,21.4,72,19.4,69.0
449672,2026-05-04,03,39,21.4,72,19.4,69.0
449673,2026-05-04,03,40,21.4,72,19.4,69.0
449674,2026-05-04,03,42,21.4,72,19.4,69.0
449675,2026-05-04,03,43,21.4,72,19.4,69.0
449676,2026-05-04,03,44,21.4,72,19.4,69.0
449677,2026-05-04,03,45,21.4,72,19.4,69.0
449678,2026-05-04,03,46,21.4,72,19.4,69.0
449679,2026-05-04,03,47,21.4,72,19.4,69.0
449680,2026-05-04,03,48,21.4,72,19.4,69.0
449681,2026-05-04,03,49,21.4,72,19.4,69.0
449682,2026-05-04,03,50,21.4,72,19.4,69.0
449683,2026-05-04,03,51,21.4,72,19.4,69.0
449684,2026-05-04,03,52,21.4,72,19.3,69.0
449685,2026-05-04,03,53,21.4,72,19.4,69.0
449686,2026-05-04,03,54,21.4,72,19.4,69.0
449687,2026-05-04,03,55,21.4,72,19.3,69.0
449688,2026-05-04,03,56,21.4,72,19.3,69.0
449689,2026-05-04,03,57,21.4,72,19.3,69.0
449690,2026-05-04,03,58,21.4,72,19.3,69.0
449691,2026-05-04,03,59,21.4,72,19.3,69.0
449692,2026-05-04,04,00,21.4,72,19.3,69.0
449693,2026-05-04,04,01,21.4,72,19.3,69.0
449694,2026-05-04,04,02,21.4,72,19.3,69.0
449695,2026-05-04,04,03,21.4,72,19.3,69.0
449696,2026-05-04,04,04,21.4,72,19.3,69.0
449697,2026-05-04,04,05,21.4,72,19.3,69.0
449698,2026-05-04,04,06,21.4,72,19.3,69.0
449699,2026-05-04,04,07,21.4,72,19.3,69.0
449700,2026-05-04,04,08,21.4,72,19.3,69.0
449701,2026-05-04,04,09,21.4,72,19.3,69.0
449702,2026-05-04,04,10,21.4,72,19.3,69.0
449703,2026-05-04,04,11,21.4,72,19.3,69.0
449704,2026-05-04,04,12,21.4,72,19.3,69.0
449705,2026-05-04,04,13,21.4,72,19.3,69.0
449706,2026-05-04,04,14,21.4,72,19.3,69.0
449707,2026-05-04,04,15,21.4,72,19.3,69.0
449708,2026-05-04,04,16,21.4,72,19.2,69.0
449709,2026-05-04,04,17,21.4,72,19.2,69.0
449710,2026-05-04,04,18,21.2,72,19.2,69.0
449711,2026-05-04,04,19,21.2,72,19.2,69.0
449712,2026-05-04,04,20,21.1,72,19.2,69.0
449713,2026-05-04,04,21,21.1,72,19.2,69.0
449714,2026-05-04,04,22,21.1,72,19.2,69.0
449715,2026-05-04,04,23,21.1,72,19.2,69.0
449716,2026-05-04,04,24,21.0,72,19.2,69.0
449717,2026-05-04,04,25,21.0,72,19.2,69.0
449718,2026-05-04,04,26,21.1,72,19.2,69.0
449719,2026-05-04,04,27,21.0,72,19.2,69.0
449720,2026-05-04,04,28,21.1,72,19.2,69.0
449721,2026-05-04,04,29,21.1,72,19.3,69.0
449722,2026-05-04,04,30,21.1,72,19.2,69.0
449723,2026-05-04,04,31,21.0,72,19.2,69.0
449724,2026-05-04,04,32,21.0,72,19.2,69.0
449725,2026-05-04,04,33,21.0,72,19.2,69.0
449726,2026-05-04,04,34,21.0,72,19.2,69.0
449727,2026-05-04,04,35,21.0,72,19.2,69.0
449728,2026-05-04,04,36,21.0,72,19.2,69.0
449729,2026-05-04,04,37,21.0,72,19.2,69.0
449730,2026-05-04,04,38,21.0,72,19.2,69.0
449731,2026-05-04,04,39,21.0,72,19.2,69.0
449732,2026-05-04,04,40,21.0,72,19.2,69.0
449733,2026-05-04,04,41,21.0,72,19.2,69.0
449734,2026-05-04,04,42,21.0,72,19.2,69.0
449735,2026-05-04,04,43,21.0,72,19.2,69.0
449736,2026-05-04,04,44,21.0,72,19.2,69.0
449737,2026-05-04,04,45,21.0,72,19.2,69.0
449738,2026-05-04,04,46,21.0,72,19.2,69.0
449739,2026-05-04,04,47,21.0,72,19.2,69.0
449740,2026-05-04,04,48,21.0,72,19.2,69.0
449741,2026-05-04,04,49,21.0,72,19.2,69.0
449742,2026-05-04,04,50,21.0,72,19.2,69.0
449743,2026-05-04,04,51,21.0,72,19.2,69.0
449744,2026-05-04,04,52,21.0,72,19.2,69.0
449745,2026-05-04,04,53,21.0,72,19.2,69.0
449746,2026-05-04,04,54,21.0,72,19.2,69.0
449747,2026-05-04,04,55,21.0,72,19.2,69.0
449748,2026-05-04,04,56,21.0,72,19.2,69.0
449749,2026-05-04,04,57,21.0,72,19.2,69.0
449750,2026-05-04,04,58,21.0,72,19.2,69.0
449751,2026-05-04,04,59,21.0,72,19.2,69.0
449752,2026-05-04,05,00,21.0,72,19.1,69.0
449753,2026-05-04,05,01,21.0,72,19.2,69.0
449754,2026-05-04,05,02,21.0,72,19.1,69.0
449755,2026-05-04,05,03,21.0,72,19.1,69.0
449756,2026-05-04,05,04,21.0,72,19.1,69.0
449757,2026-05-04,05,05,21.0,72,19.1,69.0
449758,2026-05-04,05,06,21.0,72,19.1,69.0
449759,2026-05-04,05,07,21.0,72,19.1,69.0
449760,2026-05-04,05,08,21.0,72,19.1,69.0
449761,2026-05-04,05,09,21.0,72,19.1,69.0
449762,2026-05-04,05,10,21.0,72,19.1,69.0
449763,2026-05-04,05,11,21.0,72,19.1,69.0
449764,2026-05-04,05,12,21.0,72,19.1,69.0
449765,2026-05-04,05,13,21.0,72,19.1,69.0
449766,2026-05-04,05,14,21.0,72,19.1,69.0
449767,2026-05-04,05,15,21.0,72,19.1,69.0
449768,2026-05-04,05,16,21.0,72,19.1,69.0
449769,2026-05-04,05,17,21.0,72,19.1,69.0
449770,2026-05-04,05,18,21.0,72,19.1,69.0
449771,2026-05-04,05,19,21.0,72,19.1,69.0
449772,2026-05-04,05,20,21.0,72,19.1,69.0
449773,2026-05-04,05,21,21.0,72,19.1,69.0
449774,2026-05-04,05,22,21.0,72,19.1,69.0
449775,2026-05-04,05,23,21.0,72,19.1,69.0
449776,2026-05-04,05,24,21.0,72,19.1,69.0
449777,2026-05-04,05,25,21.0,72,19.1,69.0
449778,2026-05-04,05,26,21.0,72,19.1,69.0
449779,2026-05-04,05,27,21.0,72,19.0,69.0
449780,2026-05-04,05,28,21.0,72,19.1,69.0
449781,2026-05-04,05,29,21.0,72,19.1,69.0
449782,2026-05-04,05,30,21.0,72,19.0,69.0
449783,2026-05-04,05,31,21.0,72,19.0,69.0
449784,2026-05-04,05,32,21.0,72,19.0,69.0
449785,2026-05-04,05,33,21.0,72,19.0,69.0
449786,2026-05-04,05,34,21.0,72,19.0,69.0
449787,2026-05-04,05,35,21.0,72,19.1,69.0
449788,2026-05-04,05,36,21.0,72,19.0,69.0
449789,2026-05-04,05,37,21.0,72,19.1,69.0
449790,2026-05-04,05,38,21.0,72,19.1,69.0
449791,2026-05-04,05,39,21.0,72,19.0,69.0
449792,2026-05-04,05,40,21.0,72,19.0,69.0
449793,2026-05-04,05,41,21.0,72,19.0,69.0
449794,2026-05-04,05,42,21.0,72,19.0,69.0
449795,2026-05-04,05,43,21.0,72,19.0,69.0
449796,2026-05-04,05,44,21.0,72,19.1,69.0
449797,2026-05-04,05,45,21.0,72,19.1,69.0
449798,2026-05-04,05,46,21.0,72,19.1,69.0
449799,2026-05-04,05,47,21.0,72,19.1,69.0
449800,2026-05-04,05,48,21.0,72,19.1,69.0
449801,2026-05-04,05,49,21.0,72,19.1,69.0
449802,2026-05-04,05,50,21.0,72,19.1,69.0
449803,2026-05-04,05,51,21.0,72,19.1,69.0
449804,2026-05-04,05,52,21.0,72,19.1,69.0
449805,2026-05-04,05,53,21.0,72,19.1,69.0
449806,2026-05-04,05,54,21.0,72,19.1,69.0
449807,2026-05-04,05,55,21.0,72,19.1,69.0
449808,2026-05-04,05,56,21.0,72,19.1,69.0
449809,2026-05-04,05,57,21.0,72,19.1,69.0
449810,2026-05-04,05,58,21.0,72,19.1,69.0
449811,2026-05-04,05,59,21.0,72,19.1,69.0
449812,2026-05-04,06,00,21.0,72,19.1,69.0
449813,2026-05-04,06,01,21.0,72,19.1,69.0
449814,2026-05-04,06,02,21.0,72,19.1,69.0
449815,2026-05-04,06,03,21.0,72,19.1,69.0
449816,2026-05-04,06,04,21.0,72,19.1,69.0
449817,2026-05-04,06,05,21.0,72,19.1,69.0
449818,2026-05-04,06,06,21.0,72,19.1,69.0
449819,2026-05-04,06,07,21.0,72,19.1,69.0
449820,2026-05-04,06,08,21.0,72,19.1,69.0
449821,2026-05-04,06,09,21.0,72,19.1,69.0
449822,2026-05-04,06,10,21.0,72,19.1,69.0
449823,2026-05-04,06,11,21.0,72,19.2,69.0
449824,2026-05-04,06,12,21.0,72,19.2,69.0
449825,2026-05-04,06,13,21.0,72,19.2,69.0
449826,2026-05-04,06,14,21.0,72,19.2,69.0
449827,2026-05-04,06,15,21.0,72,19.2,69.0
449828,2026-05-04,06,16,21.0,72,19.2,69.0
449829,2026-05-04,06,17,21.0,72,19.2,69.0
449830,2026-05-04,06,18,21.0,72,19.2,69.0
449831,2026-05-04,06,19,21.0,72,19.2,69.0
449832,2026-05-04,06,20,21.0,72,19.2,68.0
449833,2026-05-04,06,21,21.0,72,19.2,68.0
449834,2026-05-04,06,22,21.0,72,19.2,68.0
449835,2026-05-04,06,23,21.0,72,19.2,68.0
449836,2026-05-04,06,24,21.0,72,19.2,68.0
449837,2026-05-04,06,25,21.0,72,19.2,68.0
449838,2026-05-04,06,26,21.0,72,19.2,68.0
449839,2026-05-04,06,27,21.0,72,19.3,68.0
449840,2026-05-04,06,28,21.0,72,19.3,68.0
449841,2026-05-04,06,29,21.0,72,19.3,68.0
449842,2026-05-04,06,30,21.0,72,19.3,68.0
449843,2026-05-04,06,31,21.0,72,19.3,68.0
449844,2026-05-04,06,32,21.0,72,19.3,68.0
449845,2026-05-04,06,33,21.0,72,19.3,68.0
449846,2026-05-04,06,34,21.0,72,19.3,68.0
449847,2026-05-04,06,35,21.0,72,19.3,68.0
449848,2026-05-04,06,36,21.0,72,19.3,68.0
449849,2026-05-04,06,37,21.0,72,19.3,68.0
449850,2026-05-04,06,38,21.0,72,19.4,68.0
449851,2026-05-04,06,39,21.0,72,19.3,68.0
449852,2026-05-04,06,40,21.0,72,19.4,68.0
449853,2026-05-04,06,41,21.0,72,19.4,68.0
449854,2026-05-04,06,42,21.0,72,19.4,68.0
449855,2026-05-04,06,43,21.0,72,19.4,68.0
449856,2026-05-04,06,44,21.0,72,19.4,68.0
449857,2026-05-04,06,45,21.0,72,19.4,68.0
449858,2026-05-04,06,46,21.0,72,19.4,68.0
449859,2026-05-04,06,47,21.0,72,19.4,68.0
449860,2026-05-04,06,48,21.0,72,19.4,68.0
449861,2026-05-04,06,49,21.0,72,19.4,68.0
449862,2026-05-04,06,50,21.0,72,19.4,68.0
449863,2026-05-04,06,51,21.0,72,19.4,68.0
449864,2026-05-04,06,52,21.0,72,19.4,68.0
449865,2026-05-04,06,53,21.0,72,19.4,68.0
449866,2026-05-04,06,54,21.0,72,19.4,68.0
449867,2026-05-04,06,55,21.0,72,19.4,68.0
449868,2026-05-04,06,56,21.0,72,19.5,68.0
449869,2026-05-04,06,57,21.0,72,19.5,68.0
449870,2026-05-04,06,58,21.0,72,19.6,68.0
449871,2026-05-04,06,59,21.0,72,19.6,67.0
449872,2026-05-04,07,00,21.0,72,19.6,67.0
449873,2026-05-04,07,01,21.0,72,19.6,67.0
449874,2026-05-04,07,02,21.0,72,19.6,67.0
449875,2026-05-04,07,03,21.0,72,19.7,67.0
449876,2026-05-04,07,04,21.0,72,19.7,67.0
449877,2026-05-04,07,05,21.0,72,19.7,67.0
449878,2026-05-04,07,06,21.0,72,19.7,67.0
449879,2026-05-04,07,07,21.0,72,19.7,67.0
449880,2026-05-04,07,08,21.0,72,19.7,67.0
449881,2026-05-04,07,09,21.0,72,19.8,67.0
449882,2026-05-04,07,10,21.0,72,19.8,67.0
449883,2026-05-04,07,11,21.0,72,19.8,67.0
449884,2026-05-04,07,12,21.0,72,19.8,66.0
449885,2026-05-04,07,13,21.0,72,19.9,66.0
449886,2026-05-04,07,14,21.0,72,19.9,66.0
449887,2026-05-04,07,15,21.0,72,19.9,66.0
449888,2026-05-04,07,16,21.0,72,20.0,66.0
449889,2026-05-04,07,17,21.0,72,20.0,66.0
449890,2026-05-04,07,18,21.0,72,20.0,67.0
449891,2026-05-04,07,19,21.0,72,20.0,67.0
449892,2026-05-04,07,20,21.0,72,20.0,67.0
449893,2026-05-04,07,21,21.0,72,20.0,67.0
449894,2026-05-04,07,22,21.0,73,20.1,67.0
449895,2026-05-04,07,23,21.0,73,20.1,67.0
449896,2026-05-04,07,24,21.0,73,20.1,67.0
449897,2026-05-04,07,25,21.0,73,20.1,67.0
449898,2026-05-04,07,26,21.0,73,20.1,67.0
449899,2026-05-04,07,27,21.0,73,20.1,67.0
449900,2026-05-04,07,28,21.0,73,20.2,67.0
449901,2026-05-04,07,29,21.0,73,20.2,67.0
449902,2026-05-04,07,30,21.0,73,20.3,67.0
449903,2026-05-04,07,31,21.0,73,20.3,67.0
449904,2026-05-04,07,32,21.0,73,20.4,67.0
449905,2026-05-04,07,33,21.0,73,20.4,67.0
449906,2026-05-04,07,34,21.0,73,20.5,67.0
449907,2026-05-04,07,35,21.0,74,20.5,67.0
449908,2026-05-04,07,36,21.0,74,20.6,67.0
449909,2026-05-04,07,37,21.0,74,20.6,67.0
449910,2026-05-04,07,38,21.0,74,20.7,67.0
449911,2026-05-04,07,39,21.0,75,20.8,67.0
449912,2026-05-04,07,40,21.0,75,20.8,67.0
449913,2026-05-04,07,41,21.0,75,20.9,67.0
449914,2026-05-04,07,42,21.0,75,21.0,67.0
449915,2026-05-04,07,43,21.1,75,21.0,67.0
449916,2026-05-04,07,44,21.1,76,21.1,67.0
449917,2026-05-04,07,45,21.3,76,21.2,67.0
449918,2026-05-04,07,46,21.4,76,21.3,66.0
449919,2026-05-04,07,47,21.4,76,21.5,66.0
449920,2026-05-04,07,48,21.4,76,21.6,66.0
449921,2026-05-04,07,49,21.4,76,21.7,65.0
449922,2026-05-04,07,50,21.4,76,21.8,65.0
449923,2026-05-04,07,51,21.4,76,21.9,65.0
449924,2026-05-04,07,52,21.4,76,22.1,64.0
449925,2026-05-04,07,53,21.4,76,22.3,64.0
449926,2026-05-04,07,54,21.4,76,22.6,63.0
449927,2026-05-04,07,55,21.4,76,22.7,63.0
449928,2026-05-04,07,56,21.4,76,22.9,62.0
449929,2026-05-04,07,57,21.4,76,23.0,62.0
449930,2026-05-04,07,58,21.4,76,23.2,61.0
449931,2026-05-04,07,59,21.4,76,23.4,61.0
449932,2026-05-04,08,00,21.4,76,23.6,60.0
449933,2026-05-04,08,01,21.4,76,23.7,60.0
449934,2026-05-04,08,02,21.4,76,23.8,59.0
449935,2026-05-04,08,03,21.4,76,23.8,59.0
449936,2026-05-04,08,04,21.4,76,23.8,59.0
449937,2026-05-04,08,05,21.4,76,23.7,59.0
449938,2026-05-04,08,06,21.4,76,23.8,59.0
449939,2026-05-04,08,07,21.4,76,23.9,59.0
449940,2026-05-04,08,08,21.4,76,24.2,59.0
449941,2026-05-04,08,09,21.4,76,24.5,58.0
449942,2026-05-04,08,10,21.4,75,24.7,57.0
449943,2026-05-04,08,11,21.4,75,24.6,57.0
449944,2026-05-04,08,12,21.4,75,24.5,57.0
449945,2026-05-04,08,13,21.4,75,24.4,57.0
449946,2026-05-04,08,14,21.4,75,24.3,57.0
449947,2026-05-04,08,15,21.4,75,24.3,58.0
449948,2026-05-04,08,16,21.4,75,24.2,58.0
449949,2026-05-04,08,17,21.4,75,24.2,58.0
449950,2026-05-04,08,18,21.4,75,24.4,57.0
449951,2026-05-04,08,19,21.4,75,24.8,56.0
449952,2026-05-04,08,20,21.4,75,25.0,55.0
449953,2026-05-04,08,21,21.4,75,25.0,56.0
449954,2026-05-04,08,22,21.4,75,25.0,56.0
449955,2026-05-04,08,23,21.4,75,25.3,55.0
449956,2026-05-04,08,25,21.4,75,25.2,55.0
449957,2026-05-04,08,27,21.6,75,25.0,56.0
449958,2026-05-04,08,28,21.6,75,24.9,56.0
449959,2026-05-04,08,28,21.8,75,24.8,56.0
449960,2026-05-04,08,30,21.8,75,24.8,56.0
449961,2026-05-04,08,30,21.8,75,24.7,56.0
449962,2026-05-04,08,32,21.8,76,24.6,56.0
449963,2026-05-04,08,33,21.8,76,24.6,56.0
449964,2026-05-04,08,34,21.8,76,24.6,56.0
449965,2026-05-04,08,35,21.8,75,24.6,56.0
449966,2026-05-04,08,36,21.8,76,24.7,56.0
449967,2026-05-04,08,37,21.8,75,24.8,55.0
449968,2026-05-04,08,38,21.8,75,26.0,54.0
449969,2026-05-04,08,39,21.8,75,27.7,51.0
449970,2026-05-04,08,40,21.8,75,29.4,47.0
449971,2026-05-04,08,41,21.8,75,30.9,45.0
449972,2026-05-04,08,42,21.8,75,31.6,43.0
449973,2026-05-04,08,43,21.8,75,31.8,43.0
449974,2026-05-04,08,44,21.8,75,32.7,42.0
449975,2026-05-04,08,45,21.8,75,33.5,41.0
449976,2026-05-04,08,46,21.8,74,34.2,40.0
449977,2026-05-04,08,47,21.8,74,34.6,39.0
449978,2026-05-04,08,48,21.8,74,35.1,37.0
449979,2026-05-04,08,49,21.8,74,35.5,37.0
449980,2026-05-04,08,50,21.9,74,35.6,37.0
449981,2026-05-04,08,51,21.9,74,35.2,37.0
449982,2026-05-04,08,52,21.9,74,34.4,38.0
449983,2026-05-04,08,53,21.8,74,33.6,39.0
449984,2026-05-04,08,54,21.9,74,33.4,39.0
449985,2026-05-04,08,55,21.9,74,31.9,41.0
449986,2026-05-04,08,56,21.8,74,30.8,43.0
449987,2026-05-04,08,57,21.8,74,30.0,44.0
449988,2026-05-04,08,58,21.8,74,29.0,46.0
449989,2026-05-04,08,59,21.8,74,28.2,47.0
449990,2026-05-04,09,00,21.8,74,27.5,48.0
449991,2026-05-04,09,01,21.8,74,26.9,50.0
449992,2026-05-04,09,02,21.8,74,26.5,50.0
449993,2026-05-04,09,03,21.8,74,26.2,51.0
449994,2026-05-04,09,04,21.8,74,26.0,52.0
449995,2026-05-04,09,05,21.8,74,25.8,52.0
449996,2026-05-04,09,06,21.8,74,25.7,53.0
449997,2026-05-04,09,07,21.8,74,25.6,53.0
449998,2026-05-04,09,08,21.8,74,25.5,53.0
449999,2026-05-04,09,09,21.8,74,25.5,53.0
450000,2026-05-04,09,10,21.8,74,25.5,53.0
450001,2026-05-04,09,11,21.8,74,25.5,53.0
450002,2026-05-04,09,13,21.8,74,25.5,53.0
450003,2026-05-04,09,14,21.8,74,25.5,53.0
450004,2026-05-04,09,15,21.8,73,25.5,53.0
450005,2026-05-04,09,16,21.8,73,25.5,53.0
450006,2026-05-04,09,17,21.8,73,25.5,53.0
450007,2026-05-04,09,18,21.8,73,25.5,54.0
450008,2026-05-04,09,19,21.9,73,25.6,54.0
450009,2026-05-04,09,20,22.0,73,25.6,53.0
450010,2026-05-04,09,21,21.9,73,25.6,53.0
450011,2026-05-04,09,22,21.8,73,25.7,52.0
450012,2026-05-04,09,23,21.8,73,25.8,52.0
450013,2026-05-04,09,24,21.8,73,26.0,52.0
450014,2026-05-04,09,25,21.8,73,26.0,52.0
450015,2026-05-04,09,26,21.8,73,26.1,52.0
450016,2026-05-04,09,27,21.8,73,26.1,51.0
450017,2026-05-04,09,28,21.8,73,26.2,51.0
450018,2026-05-04,09,29,21.8,73,26.2,51.0
450019,2026-05-04,09,30,21.8,73,26.1,51.0
450020,2026-05-04,09,31,21.8,73,26.1,51.0
450021,2026-05-04,09,32,21.8,73,26.1,51.0
450022,2026-05-04,09,33,21.8,73,26.0,51.0
450023,2026-05-04,09,34,21.8,73,25.9,52.0
450024,2026-05-04,09,35,21.8,73,25.8,52.0
450025,2026-05-04,09,36,21.8,73,25.7,52.0
450026,2026-05-04,09,37,21.9,73,25.7,52.0
450027,2026-05-04,09,38,21.9,73,25.7,52.0
450028,2026-05-04,09,39,22.1,73,25.7,52.0
450029,2026-05-04,09,40,22.2,73,25.8,52.0
450030,2026-05-04,09,41,21.9,73,26.1,52.0
450031,2026-05-04,09,42,22.2,73,26.6,51.0
450032,2026-05-04,09,43,22.2,73,27.6,50.0
450033,2026-05-04,09,44,22.2,73,28.5,48.0
450034,2026-05-04,09,45,22.2,73,28.4,47.0
450035,2026-05-04,09,46,22.2,73,28.1,48.0
450036,2026-05-04,09,47,22.2,73,27.7,48.0
450037,2026-05-04,09,48,22.2,73,27.4,49.0
450038,2026-05-04,09,49,22.2,73,27.1,49.0
450039,2026-05-04,09,50,22.2,73,27.0,50.0
450040,2026-05-04,09,51,22.2,72,27.2,49.0
450041,2026-05-04,09,52,22.2,72,27.1,50.0
450042,2026-05-04,09,53,22.2,72,26.9,50.0
450043,2026-05-04,09,54,22.2,72,27.0,50.0
450044,2026-05-04,09,55,22.2,72,26.9,50.0
450045,2026-05-04,09,56,22.2,72,26.8,50.0
450046,2026-05-04,09,57,22.2,72,26.6,50.0
450047,2026-05-04,09,58,22.2,72,26.5,51.0
450048,2026-05-04,09,59,22.2,72,26.4,51.0
450049,2026-05-04,10,00,22.2,72,26.2,51.0
450050,2026-05-04,10,01,22.2,72,26.0,51.0
450051,2026-05-04,10,02,22.2,72,25.8,52.0
450052,2026-05-04,10,03,22.2,72,25.6,52.0
450053,2026-05-04,10,04,22.2,72,25.5,52.0
450054,2026-05-04,10,05,22.2,72,25.4,53.0
450055,2026-05-04,10,06,22.2,72,25.4,53.0
450056,2026-05-04,10,07,22.2,72,25.5,53.0
450057,2026-05-04,10,08,22.2,72,25.5,53.0
450058,2026-05-04,10,09,22.2,72,25.6,53.0
450059,2026-05-04,10,10,22.2,72,25.6,53.0
450060,2026-05-04,10,11,22.2,72,25.7,52.0
450061,2026-05-04,10,12,22.2,72,25.8,52.0
450062,2026-05-04,10,13,22.2,72,25.9,52.0
450063,2026-05-04,10,14,22.2,72,25.9,52.0
450064,2026-05-04,10,15,22.2,72,26.0,52.0
450065,2026-05-04,10,16,22.2,72,26.1,51.0
450066,2026-05-04,10,17,22.2,72,26.1,51.0
450067,2026-05-04,10,18,22.2,72,26.2,51.0
450068,2026-05-04,10,19,22.2,72,26.2,51.0
450069,2026-05-04,10,20,22.2,72,26.3,51.0
450070,2026-05-04,10,21,22.2,72,26.3,51.0
450071,2026-05-04,10,22,22.2,72,26.3,51.0
450072,2026-05-04,10,23,22.2,72,26.4,51.0
450073,2026-05-04,10,24,22.2,72,26.6,51.0
450074,2026-05-04,10,25,22.2,72,26.8,50.0
450075,2026-05-04,10,26,22.2,72,26.9,50.0
450076,2026-05-04,10,27,22.2,72,27.0,50.0
450077,2026-05-04,10,28,22.2,72,27.0,50.0
450078,2026-05-04,10,29,22.2,72,27.1,49.0
450079,2026-05-04,10,30,22.2,72,27.2,49.0
450080,2026-05-04,10,31,22.2,72,27.3,49.0
450081,2026-05-04,10,32,22.2,72,27.4,49.0
450082,2026-05-04,10,33,22.2,72,27.4,49.0
450083,2026-05-04,10,34,22.2,72,27.4,49.0
450084,2026-05-04,10,35,22.2,72,27.4,49.0
450085,2026-05-04,10,36,22.2,72,27.3,49.0
450086,2026-05-04,10,37,22.2,72,27.3,49.0
450087,2026-05-04,10,38,22.2,72,27.3,49.0
450088,2026-05-04,10,39,22.2,72,27.3,49.0
450089,2026-05-04,10,40,22.2,72,27.3,49.0
450090,2026-05-04,10,41,22.3,72,27.2,49.0
450091,2026-05-04,10,42,22.4,72,27.1,49.0
450092,2026-05-04,10,43,22.6,72,27.0,50.0
450093,2026-05-04,10,44,22.6,72,26.9,50.0
450094,2026-05-04,10,45,22.6,72,26.9,50.0
450095,2026-05-04,10,46,22.6,72,26.9,50.0
450096,2026-05-04,10,47,22.6,72,26.9,50.0
450097,2026-05-04,10,48,22.6,72,26.9,50.0
450098,2026-05-04,10,49,22.6,72,26.9,50.0
450099,2026-05-04,10,50,22.6,72,26.8,50.0
450100,2026-05-04,10,51,22.6,72,26.6,50.0
450101,2026-05-04,10,52,22.6,72,26.5,51.0
450102,2026-05-04,10,53,22.6,72,26.4,51.0
450103,2026-05-04,10,54,22.6,72,26.3,51.0
450104,2026-05-04,10,55,22.6,72,26.2,51.0
450105,2026-05-04,10,56,22.6,72,26.0,52.0
450106,2026-05-04,10,57,22.6,72,25.9,52.0
450107,2026-05-04,10,58,22.6,72,25.8,52.0
450108,2026-05-04,10,59,22.6,72,25.6,52.0
450109,2026-05-04,11,00,22.6,71,25.6,52.0
450110,2026-05-04,11,01,22.6,72,25.6,53.0
450111,2026-05-04,11,02,22.6,72,25.6,53.0
450112,2026-05-04,11,03,22.6,72,25.6,53.0
450113,2026-05-04,11,04,22.6,72,25.8,52.0
450114,2026-05-04,11,05,22.6,72,26.2,52.0
450115,2026-05-04,11,06,22.6,72,26.5,51.0
450116,2026-05-04,11,07,22.6,72,26.6,51.0
450117,2026-05-04,11,08,22.6,72,26.6,51.0
450118,2026-05-04,11,09,22.6,72,26.5,51.0
450119,2026-05-04,11,10,22.6,72,26.5,51.0
450120,2026-05-04,11,11,22.6,72,26.6,51.0
450121,2026-05-04,11,12,22.6,72,26.7,50.0
450122,2026-05-04,11,13,22.6,72,26.7,50.0
450123,2026-05-04,11,14,22.6,72,26.7,50.0
450124,2026-05-04,11,15,22.6,71,26.6,51.0
450125,2026-05-04,11,16,22.6,71,26.6,51.0
450126,2026-05-04,11,17,22.6,71,26.7,51.0
450127,2026-05-04,11,18,22.6,71,26.9,50.0
450128,2026-05-04,11,19,22.6,71,27.2,50.0
450129,2026-05-04,11,20,22.6,71,27.4,49.0
450130,2026-05-04,11,21,22.6,71,27.5,49.0
450131,2026-05-04,11,22,22.6,71,27.4,49.0
450132,2026-05-04,11,23,22.6,71,27.2,49.0
450133,2026-05-04,11,24,22.6,71,27.1,50.0
450134,2026-05-04,11,25,22.6,71,27.0,50.0
450135,2026-05-04,11,26,22.6,71,26.9,50.0
450136,2026-05-04,11,27,22.6,71,27.0,50.0
450137,2026-05-04,11,28,22.6,71,27.1,50.0
450138,2026-05-04,11,29,22.6,71,27.3,49.0
450139,2026-05-04,11,30,22.6,71,27.4,49.0
450140,2026-05-04,11,31,22.6,71,27.5,49.0
450141,2026-05-04,11,32,22.6,71,27.6,49.0
450142,2026-05-04,11,33,22.6,71,27.5,49.0
450143,2026-05-04,11,34,22.7,71,27.5,49.0
450144,2026-05-04,11,35,22.9,71,27.4,49.0
450145,2026-05-04,11,36,23.0,71,27.3,49.0
450146,2026-05-04,11,37,23.0,71,27.3,49.0
450147,2026-05-04,11,38,23.0,71,27.2,49.0
450148,2026-05-04,11,39,23.0,71,27.1,50.0
450149,2026-05-04,11,40,23.0,71,27.0,50.0
450150,2026-05-04,11,41,23.0,71,26.9,50.0
450151,2026-05-04,11,42,23.0,71,27.1,50.0
450152,2026-05-04,11,43,23.0,71,27.3,49.0
450153,2026-05-04,11,44,23.0,71,27.4,49.0
450154,2026-05-04,11,45,23.0,71,27.4,49.0
450155,2026-05-04,11,46,23.0,71,27.2,49.0
450156,2026-05-04,11,47,23.0,71,26.9,50.0
450157,2026-05-04,11,48,23.0,71,26.7,50.0
450158,2026-05-04,11,49,23.0,71,26.5,50.0
450159,2026-05-04,11,50,23.0,70,26.3,51.0
450160,2026-05-04,11,51,23.0,70,26.1,51.0
450161,2026-05-04,11,52,23.0,70,26.0,51.0
450162,2026-05-04,11,53,23.0,70,25.9,52.0
450163,2026-05-04,11,54,23.0,70,25.7,52.0
450164,2026-05-04,11,55,23.0,70,25.6,52.0
450165,2026-05-04,11,56,23.0,70,25.6,52.0
450166,2026-05-04,11,57,23.2,70,25.5,52.0
450167,2026-05-04,11,58,23.4,70,25.4,52.0
450168,2026-05-04,11,59,23.4,70,25.3,53.0
450169,2026-05-04,12,00,23.4,70,25.2,53.0
450170,2026-05-04,12,01,23.4,70,25.1,53.0
450171,2026-05-04,12,02,23.4,70,25.1,54.0
450172,2026-05-04,12,03,23.4,70,25.0,53.0
450173,2026-05-04,12,04,23.4,70,25.0,54.0
450174,2026-05-04,12,05,23.4,70,25.0,55.0
450175,2026-05-04,12,06,23.4,70,25.0,55.0
450176,2026-05-04,12,07,23.4,71,24.9,54.0
450177,2026-05-04,12,08,23.4,71,24.9,55.0
450178,2026-05-04,12,09,23.4,71,24.8,56.0
450179,2026-05-04,12,10,23.4,71,24.8,56.0
450180,2026-05-04,12,11,23.4,72,24.8,56.0
450181,2026-05-04,12,12,23.4,72,24.8,56.0
450182,2026-05-04,12,13,23.4,72,24.9,56.0
450183,2026-05-04,12,14,23.4,72,24.9,56.0
450184,2026-05-04,12,15,23.4,73,24.9,57.0
450185,2026-05-04,12,16,23.4,73,24.9,56.0
450186,2026-05-04,12,17,23.4,73,25.0,57.0
450187,2026-05-04,12,18,23.4,73,25.1,57.0
450188,2026-05-04,12,19,23.4,73,25.1,56.0
450189,2026-05-04,12,20,23.4,73,25.1,56.0
450190,2026-05-04,12,21,23.4,73,25.0,57.0
450191,2026-05-04,12,22,23.4,73,24.9,57.0
450192,2026-05-04,12,23,23.4,73,24.9,57.0
450193,2026-05-04,12,24,23.4,73,24.8,58.0
450194,2026-05-04,12,25,23.4,73,24.7,58.0
450195,2026-05-04,12,26,23.4,73,24.6,58.0
450196,2026-05-04,12,27,23.4,73,24.6,59.0
450197,2026-05-04,12,28,23.4,74,24.6,60.0
450198,2026-05-04,12,29,23.4,74,24.5,59.0
450199,2026-05-04,12,30,23.4,74,24.5,59.0
450200,2026-05-04,12,31,23.4,74,24.4,59.0
450201,2026-05-04,12,32,23.4,75,24.3,60.0
450202,2026-05-04,12,33,23.4,75,24.3,60.0
450203,2026-05-04,12,34,23.4,75,24.2,60.0
450204,2026-05-04,12,35,23.4,75,24.1,59.0
450205,2026-05-04,12,36,23.4,75,24.0,61.0
450206,2026-05-04,12,37,23.4,75,23.9,62.0
450207,2026-05-04,12,38,23.4,75,23.8,62.0
450208,2026-05-04,12,39,23.4,76,23.8,62.0
450209,2026-05-04,12,40,23.4,75,23.7,62.0
450210,2026-05-04,12,41,23.4,75,23.7,62.0
450211,2026-05-04,12,42,23.4,75,23.6,61.0
450212,2026-05-04,12,43,23.4,75,23.5,62.0
450213,2026-05-04,12,44,23.4,75,23.5,62.0
450214,2026-05-04,12,45,23.4,75,23.4,63.0
450215,2026-05-04,12,46,23.4,75,23.4,63.0
450216,2026-05-04,12,47,23.4,75,23.3,63.0
450217,2026-05-04,12,48,23.4,75,23.2,63.0
450218,2026-05-04,12,49,23.4,75,23.1,64.0
450219,2026-05-04,12,50,23.4,75,23.0,64.0
450220,2026-05-04,12,51,23.4,75,23.0,65.0
450221,2026-05-04,12,52,23.4,75,22.9,65.0
450222,2026-05-04,12,53,23.4,76,22.9,65.0
450223,2026-05-04,12,54,23.4,76,22.9,66.0
450224,2026-05-04,12,55,23.4,76,22.9,65.0
450225,2026-05-04,12,56,23.4,76,22.8,65.0
450226,2026-05-04,12,57,23.4,77,22.8,65.0
450227,2026-05-04,12,58,23.4,77,22.7,66.0
450228,2026-05-04,12,59,23.4,77,22.7,66.0
450229,2026-05-04,13,00,23.4,77,22.7,67.0
450230,2026-05-04,13,01,23.4,77,22.8,67.0
450231,2026-05-04,13,02,23.4,77,22.8,67.0
450232,2026-05-04,13,03,23.4,77,22.8,67.0
450233,2026-05-04,13,04,23.4,77,22.9,67.0
450234,2026-05-04,13,05,23.4,77,23.0,67.0
450235,2026-05-04,13,06,23.4,77,23.1,66.0
450236,2026-05-04,13,07,23.4,77,23.2,66.0
450237,2026-05-04,13,08,23.4,77,23.3,66.0
450238,2026-05-04,13,09,23.4,77,23.3,66.0
450239,2026-05-04,13,10,23.4,77,23.4,66.0
450240,2026-05-04,13,11,23.4,77,23.4,66.0
450241,2026-05-04,13,12,23.4,77,23.4,65.0
450242,2026-05-04,13,13,23.4,77,23.5,65.0
450243,2026-05-04,13,15,23.4,77,23.7,65.0
450244,2026-05-04,13,16,23.4,77,23.8,64.0
450245,2026-05-04,13,17,23.4,77,24.0,63.0
450246,2026-05-04,13,18,23.2,77,24.2,63.0
450247,2026-05-04,13,19,23.1,77,24.4,62.0
450248,2026-05-04,13,20,23.1,77,24.6,62.0
450249,2026-05-04,13,21,23.1,77,24.8,61.0
450250,2026-05-04,13,22,23.4,77,25.0,61.0
450251,2026-05-04,13,23,23.4,77,25.1,60.0
450252,2026-05-04,13,24,23.4,76,25.1,60.0
450253,2026-05-04,13,25,23.4,76,25.2,60.0
450254,2026-05-04,13,26,23.4,76,25.2,60.0
450255,2026-05-04,13,27,23.4,76,25.2,59.0
450256,2026-05-04,13,28,23.4,76,25.2,59.0
450257,2026-05-04,13,29,23.4,76,25.1,59.0
450258,2026-05-04,13,30,23.4,76,25.1,59.0
450259,2026-05-04,13,31,23.4,76,25.0,59.0
450260,2026-05-04,13,32,23.4,75,24.9,59.0
450261,2026-05-04,13,33,23.4,75,24.8,59.0
450262,2026-05-04,13,34,23.4,75,24.6,59.0
450263,2026-05-04,13,35,23.4,75,24.6,60.0
450264,2026-05-04,13,36,23.4,75,24.6,60.0
450265,2026-05-04,13,37,23.4,75,24.6,60.0
450266,2026-05-04,13,38,23.4,75,24.6,59.0
450267,2026-05-04,13,39,23.4,75,24.7,59.0
450268,2026-05-04,13,40,23.4,75,24.8,58.0
450269,2026-05-04,13,41,23.4,75,24.9,58.0
450270,2026-05-04,13,42,23.4,74,25.0,58.0
450271,2026-05-04,13,43,23.4,74,25.1,57.0
450272,2026-05-04,13,44,23.4,74,25.2,57.0
450273,2026-05-04,13,45,23.4,74,25.3,57.0
450274,2026-05-04,13,46,23.4,74,25.3,57.0
450275,2026-05-04,13,47,23.4,74,25.3,57.0
450276,2026-05-04,13,49,23.4,74,25.3,57.0
450277,2026-05-04,13,50,23.4,74,25.4,57.0
450278,2026-05-04,13,51,23.4,74,25.5,57.0
450279,2026-05-04,13,52,23.4,74,25.6,57.0
450280,2026-05-04,13,53,23.4,74,25.6,56.0
450281,2026-05-04,13,54,23.4,74,25.6,56.0
450282,2026-05-04,13,55,23.4,73,25.6,56.0
450283,2026-05-04,13,56,23.4,73,25.6,56.0
450284,2026-05-04,13,57,23.4,73,25.6,56.0
450285,2026-05-04,13,58,23.4,73,25.6,55.0
450286,2026-05-04,13,59,23.4,73,25.6,55.0
450287,2026-05-04,14,00,23.4,73,25.6,55.0
450288,2026-05-04,14,01,23.4,73,25.6,55.0
450289,2026-05-04,14,02,23.4,73,25.6,54.0
450290,2026-05-04,14,03,23.4,73,25.6,54.0
450291,2026-05-04,14,04,23.4,73,25.6,55.0
450292,2026-05-04,14,05,23.4,73,25.6,55.0
450293,2026-05-04,14,06,23.4,73,25.6,55.0
450294,2026-05-04,14,07,23.4,73,25.5,55.0
450295,2026-05-04,14,08,23.4,73,25.4,55.0
450296,2026-05-04,14,10,23.4,73,25.2,56.0
450297,2026-05-04,14,11,23.4,73,25.0,56.0
450298,2026-05-04,14,12,23.4,73,25.0,56.0
450299,2026-05-04,14,13,23.4,73,24.9,56.0
450300,2026-05-04,14,14,23.4,73,24.8,56.0
450301,2026-05-04,14,15,23.4,73,24.8,56.0
450302,2026-05-04,14,16,23.4,73,24.7,56.0
450303,2026-05-04,14,17,23.4,73,24.8,56.0
450304,2026-05-04,14,18,23.4,73,24.8,57.0
450305,2026-05-04,14,19,23.4,73,24.9,57.0
450306,2026-05-04,14,20,23.4,73,25.0,57.0
450307,2026-05-04,14,21,23.4,73,25.0,57.0
450308,2026-05-04,14,22,23.4,73,25.0,56.0
450309,2026-05-04,14,23,23.4,73,25.0,57.0
450310,2026-05-04,14,24,23.4,73,25.0,56.0
450311,2026-05-04,14,25,23.4,73,24.9,56.0
450312,2026-05-04,14,26,23.4,73,24.9,57.0
450313,2026-05-04,14,27,23.4,73,24.9,57.0
450314,2026-05-04,14,28,23.4,73,24.9,57.0
450315,2026-05-04,14,30,23.4,73,24.8,57.0
450316,2026-05-04,14,31,23.4,73,24.8,57.0
450317,2026-05-04,14,32,23.4,73,24.7,57.0
450318,2026-05-04,14,33,23.4,73,24.7,57.0
450319,2026-05-04,14,34,23.4,73,24.6,57.0
450320,2026-05-04,14,35,23.4,73,24.5,58.0
450321,2026-05-04,14,36,23.4,73,24.4,58.0
450322,2026-05-04,14,37,23.4,73,24.4,59.0
450323,2026-05-04,14,38,23.4,73,24.3,59.0
450324,2026-05-04,14,39,23.4,73,24.2,59.0
450325,2026-05-04,14,40,23.4,73,24.2,59.0
450326,2026-05-04,14,42,23.4,73,24.1,59.0
450327,2026-05-04,14,42,23.4,73,24.0,59.0
450328,2026-05-04,14,43,23.4,73,24.0,59.0
450329,2026-05-04,14,44,23.4,73,24.0,59.0
450330,2026-05-04,14,45,23.4,73,23.9,60.0
450331,2026-05-04,14,46,23.4,73,23.9,59.0
450332,2026-05-04,14,47,23.4,73,23.9,60.0
450333,2026-05-04,14,48,23.4,73,23.8,60.0
450334,2026-05-04,14,49,23.4,73,23.8,60.0
450335,2026-05-04,14,50,23.4,73,23.8,60.0
450336,2026-05-04,14,51,23.4,73,23.8,60.0
450337,2026-05-04,14,52,23.4,73,23.8,60.0
450338,2026-05-04,14,53,23.4,73,23.8,60.0
450339,2026-05-04,14,54,23.4,73,23.8,60.0
450340,2026-05-04,14,55,23.4,73,23.8,60.0
450341,2026-05-04,14,56,23.4,73,23.9,60.0
450342,2026-05-04,14,57,23.4,73,23.9,60.0
450343,2026-05-04,14,58,23.4,73,23.9,60.0
450344,2026-05-04,14,59,23.4,73,24.0,60.0
450345,2026-05-04,15,00,23.4,73,24.0,60.0
450346,2026-05-04,15,01,23.4,73,24.0,60.0
450347,2026-05-04,15,02,23.4,73,24.1,60.0
450348,2026-05-04,15,03,23.4,73,24.1,60.0
450349,2026-05-04,15,04,23.4,73,24.1,60.0
450350,2026-05-04,15,05,23.4,73,24.1,59.0
450351,2026-05-04,15,06,23.4,73,24.1,59.0
450352,2026-05-04,15,07,23.4,73,24.1,59.0
450353,2026-05-04,15,08,23.4,73,24.1,59.0
450354,2026-05-04,15,09,23.4,73,24.0,59.0
450355,2026-05-04,15,10,23.4,73,23.9,60.0
450356,2026-05-04,15,11,23.4,73,23.9,60.0
450357,2026-05-04,15,12,23.4,73,23.8,60.0
450358,2026-05-04,15,13,23.4,73,23.7,60.0
450359,2026-05-04,15,14,23.4,73,23.7,60.0
450360,2026-05-04,15,15,23.4,73,23.6,60.0
450361,2026-05-04,15,16,23.4,73,23.6,60.0
450362,2026-05-04,15,17,23.4,73,23.6,61.0
450363,2026-05-04,15,18,23.4,73,23.5,61.0
450364,2026-05-04,15,19,23.4,73,23.5,61.0
450365,2026-05-04,15,20,23.4,73,23.4,61.0
450366,2026-05-04,15,21,23.4,73,23.4,61.0
450367,2026-05-04,15,22,23.4,72,23.4,61.0
450368,2026-05-04,15,23,23.4,72,23.4,61.0
450369,2026-05-04,15,24,23.4,72,23.4,61.0
450370,2026-05-04,15,25,23.4,72,23.4,61.0
450371,2026-05-04,15,26,23.4,72,23.4,61.0
450372,2026-05-04,15,27,23.4,72,23.4,61.0
450373,2026-05-04,15,28,23.4,72,23.4,61.0
450374,2026-05-04,15,29,23.4,72,23.5,61.0
450375,2026-05-04,15,30,23.4,72,23.5,61.0
450376,2026-05-04,15,33,23.4,72,23.4,61.0
450377,2026-05-04,15,34,23.4,72,23.4,61.0
450378,2026-05-04,15,35,23.4,72,23.4,61.0
450379,2026-05-04,15,36,23.4,72,23.3,61.0
450380,2026-05-04,15,37,23.4,72,23.3,61.0
450381,2026-05-04,15,38,23.4,72,23.3,61.0
450382,2026-05-04,15,39,23.4,72,23.2,61.0
450383,2026-05-04,15,40,23.4,72,23.2,62.0
450384,2026-05-04,15,41,23.4,72,23.1,62.0
450385,2026-05-04,15,42,23.4,72,23.1,62.0
450386,2026-05-04,15,43,23.4,72,23.0,62.0
450387,2026-05-04,15,44,23.4,72,23.0,62.0
450388,2026-05-04,15,45,23.4,72,23.0,62.0
450389,2026-05-04,15,46,23.4,72,22.9,62.0
450390,2026-05-04,15,47,23.4,72,22.9,62.0
450391,2026-05-04,15,48,23.4,72,22.9,62.0
450392,2026-05-04,15,49,23.4,72,22.8,62.0
450393,2026-05-04,15,50,23.4,72,22.8,62.0
450394,2026-05-04,15,51,23.4,72,22.8,63.0
450395,2026-05-04,15,52,23.4,72,22.7,63.0
450396,2026-05-04,15,53,23.4,72,22.7,63.0
450397,2026-05-04,15,54,23.4,72,22.7,63.0
450398,2026-05-04,15,55,23.4,72,22.7,63.0
450399,2026-05-04,15,56,23.4,72,22.7,63.0
450400,2026-05-04,15,57,23.4,72,22.7,63.0
450401,2026-05-04,15,58,23.4,72,22.6,63.0
450402,2026-05-04,15,59,23.4,72,22.6,63.0
450403,2026-05-04,16,00,23.4,72,22.6,63.0
450404,2026-05-04,16,01,23.4,72,22.6,63.0
450405,2026-05-04,16,02,23.4,72,22.6,63.0
450406,2026-05-04,16,03,23.4,72,22.6,63.0
450407,2026-05-04,16,04,23.4,72,22.6,63.0
450408,2026-05-04,16,05,23.4,72,22.6,63.0
450409,2026-05-04,16,06,23.4,72,22.6,63.0
450410,2026-05-04,16,07,23.4,72,22.6,63.0
450411,2026-05-04,16,08,23.4,72,22.6,63.0
450412,2026-05-04,16,09,23.4,72,22.6,63.0
450413,2026-05-04,16,10,23.4,72,22.6,63.0
450414,2026-05-04,16,11,23.4,72,22.6,63.0
450415,2026-05-04,16,12,23.4,72,22.6,63.0
450416,2026-05-04,16,13,23.4,72,22.5,63.0
450417,2026-05-04,16,14,23.4,72,22.5,63.0
450418,2026-05-04,16,15,23.4,72,22.6,63.0
450419,2026-05-04,16,16,23.4,72,22.6,63.0
450420,2026-05-04,16,17,23.4,72,22.5,63.0
450421,2026-05-04,16,18,23.4,72,22.5,63.0
450422,2026-05-04,16,19,23.4,72,22.5,63.0
450423,2026-05-04,16,20,23.4,72,22.5,63.0
450424,2026-05-04,16,21,23.4,72,22.5,63.0
450425,2026-05-04,16,22,23.4,72,22.5,63.0
450426,2026-05-04,16,23,23.4,72,22.5,63.0
450427,2026-05-04,16,24,23.4,72,22.4,64.0
450428,2026-05-04,16,25,23.4,72,22.4,64.0
450429,2026-05-04,16,26,23.4,72,22.4,64.0
450430,2026-05-04,16,27,23.4,72,22.4,64.0
450431,2026-05-04,16,28,23.4,72,22.3,64.0
450432,2026-05-04,16,29,23.4,72,22.3,64.0
450433,2026-05-04,16,30,23.4,72,22.3,64.0
450434,2026-05-04,16,31,23.4,72,22.3,64.0
450435,2026-05-04,16,32,23.3,72,22.3,64.0
450436,2026-05-04,16,33,23.2,72,22.3,64.0
450437,2026-05-04,16,34,23.1,72,22.2,64.0
450438,2026-05-04,16,35,23.1,72,22.3,64.0
450439,2026-05-04,16,36,23.1,72,22.3,64.0
450440,2026-05-04,16,37,23.1,72,22.3,64.0
450441,2026-05-04,16,38,23.1,72,22.3,64.0
450442,2026-05-04,16,39,23.1,72,22.3,64.0
450443,2026-05-04,16,40,23.0,72,22.3,64.0
450444,2026-05-04,16,41,23.0,72,22.3,64.0
450445,2026-05-04,16,42,23.0,72,22.3,64.0
450446,2026-05-04,16,43,23.0,72,22.3,64.0
450447,2026-05-04,16,44,23.0,72,22.3,64.0
450448,2026-05-04,16,45,23.0,72,22.3,64.0
450449,2026-05-04,16,46,23.0,72,22.2,64.0
450450,2026-05-04,16,47,23.0,72,22.2,64.0
450451,2026-05-04,16,48,23.0,72,22.2,64.0
450452,2026-05-04,16,49,23.0,72,22.3,64.0
450453,2026-05-04,16,50,23.0,72,22.3,64.0
450454,2026-05-04,16,51,23.0,72,22.3,64.0
450455,2026-05-04,16,52,23.0,72,22.3,64.0
450456,2026-05-04,16,53,23.0,72,22.3,64.0
450457,2026-05-04,16,54,23.0,72,22.3,64.0
450458,2026-05-04,16,55,23.0,72,22.3,64.0
450459,2026-05-04,16,56,23.0,72,22.3,64.0
450460,2026-05-04,16,57,23.0,72,22.3,64.0
450461,2026-05-04,16,58,23.0,72,22.3,64.0
450462,2026-05-04,16,59,23.0,72,22.2,64.0
450463,2026-05-04,17,00,23.0,72,22.2,64.0
450464,2026-05-04,17,01,23.0,72,22.2,64.0
450465,2026-05-04,17,02,23.0,72,22.2,64.0
450466,2026-05-04,17,03,23.0,71,22.2,64.0
450467,2026-05-04,17,04,23.0,71,22.2,64.0
450468,2026-05-04,17,05,23.0,71,22.2,64.0
450469,2026-05-04,17,06,23.0,71,22.2,64.0
450470,2026-05-04,17,07,23.0,71,22.2,64.0
450471,2026-05-04,17,08,23.0,71,22.2,64.0
450472,2026-05-04,17,09,23.0,71,22.2,64.0
450473,2026-05-04,17,10,23.0,71,22.2,64.0
450474,2026-05-04,17,11,23.0,71,22.1,64.0
450475,2026-05-04,17,12,23.0,71,22.1,64.0
450476,2026-05-04,17,13,23.0,71,22.1,64.0
450477,2026-05-04,17,14,23.0,71,22.1,64.0
450478,2026-05-04,17,15,23.0,71,22.1,64.0
450479,2026-05-04,17,16,23.0,71,22.1,64.0
450480,2026-05-04,17,17,23.0,72,22.1,64.0
450481,2026-05-04,17,18,23.0,72,22.1,64.0
450482,2026-05-04,17,19,23.0,71,22.0,64.0
450483,2026-05-04,17,20,23.0,71,22.0,64.0
450484,2026-05-04,17,21,23.0,71,22.0,64.0
450485,2026-05-04,17,22,23.0,71,22.0,64.0
450486,2026-05-04,17,23,23.0,71,22.0,64.0
450487,2026-05-04,17,24,23.0,71,22.0,64.0
450488,2026-05-04,17,25,23.0,71,22.0,64.0
450489,2026-05-04,17,26,23.0,71,22.0,64.0
450490,2026-05-04,17,27,23.0,71,21.9,65.0
450491,2026-05-04,17,28,23.0,71,21.9,65.0
450492,2026-05-04,17,29,23.0,71,21.9,65.0
450493,2026-05-04,17,30,23.0,71,21.9,65.0
450494,2026-05-04,17,31,23.0,72,21.9,65.0
450495,2026-05-04,17,32,23.0,72,21.9,65.0
450496,2026-05-04,17,33,23.0,72,21.9,65.0
450497,2026-05-04,17,34,23.0,72,21.9,65.0
450498,2026-05-04,17,35,23.0,72,21.9,65.0
450499,2026-05-04,17,36,23.0,72,21.8,65.0
450500,2026-05-04,17,37,23.0,72,21.8,65.0
450501,2026-05-04,17,38,23.0,72,21.8,65.0
450502,2026-05-04,17,39,23.0,72,21.8,65.0
450503,2026-05-04,17,40,23.0,72,21.8,65.0
450504,2026-05-04,17,41,23.0,72,21.8,65.0
450505,2026-05-04,17,42,23.0,72,21.8,65.0
450506,2026-05-04,17,43,23.0,72,21.8,65.0
450507,2026-05-04,17,44,23.0,72,21.7,65.0
450508,2026-05-04,17,45,23.0,72,21.7,65.0
450509,2026-05-04,17,46,23.0,72,21.7,65.0
450510,2026-05-04,17,47,23.0,72,21.7,65.0
450511,2026-05-04,17,48,23.0,72,21.7,66.0
450512,2026-05-04,17,49,23.0,72,21.7,66.0
450513,2026-05-04,17,50,23.0,72,21.6,66.0
450514,2026-05-04,17,51,23.0,72,21.6,66.0
450515,2026-05-04,17,52,23.0,72,21.6,66.0
450516,2026-05-04,17,53,23.0,72,21.6,66.0
450517,2026-05-04,17,54,23.0,72,21.6,66.0
450518,2026-05-04,17,55,23.0,72,21.5,66.0
450519,2026-05-04,17,56,23.0,72,21.5,66.0
450520,2026-05-04,17,57,23.0,72,21.5,66.0
450521,2026-05-04,17,58,23.0,72,21.4,66.0
450522,2026-05-04,17,59,23.0,72,21.4,66.0
450523,2026-05-04,18,00,23.0,72,21.4,66.0
450524,2026-05-04,18,01,23.0,72,21.3,67.0
450525,2026-05-04,18,02,23.0,72,21.3,67.0
450526,2026-05-04,18,03,23.0,72,21.3,67.0
450527,2026-05-04,18,04,23.0,72,21.3,67.0
450528,2026-05-04,18,05,23.0,72,21.2,67.0
450529,2026-05-04,18,06,23.0,72,21.2,67.0
450530,2026-05-04,18,07,23.0,72,21.2,67.0
450531,2026-05-04,18,08,23.0,72,21.2,67.0
450532,2026-05-04,18,09,23.0,72,21.2,67.0
450533,2026-05-04,18,10,23.0,72,21.1,67.0
450534,2026-05-04,18,11,23.0,72,21.2,67.0
450535,2026-05-04,18,12,23.0,72,21.2,67.0
450536,2026-05-04,18,13,23.0,72,21.2,67.0
450537,2026-05-04,18,14,23.0,72,21.2,67.0
450538,2026-05-04,18,15,23.0,72,21.1,67.0
450539,2026-05-04,18,16,23.0,72,21.1,67.0
450540,2026-05-04,18,17,23.0,72,21.1,67.0
450541,2026-05-04,18,18,23.0,72,21.1,67.0
450542,2026-05-04,18,19,23.0,72,21.1,67.0
450543,2026-05-04,18,20,23.0,72,21.1,67.0
450544,2026-05-04,18,21,23.0,72,21.1,67.0
450545,2026-05-04,18,22,23.0,72,21.1,67.0
450546,2026-05-04,18,23,23.0,72,21.1,67.0
450547,2026-05-04,18,24,23.0,72,21.0,67.0
450548,2026-05-04,18,25,23.0,72,21.0,67.0
450549,2026-05-04,18,26,23.0,72,21.0,67.0
450550,2026-05-04,18,27,23.0,72,21.0,67.0
450551,2026-05-04,18,28,23.0,72,21.0,67.0
450552,2026-05-04,18,29,23.0,72,21.0,68.0
450553,2026-05-04,18,30,23.0,72,21.0,68.0
450554,2026-05-04,18,31,23.0,72,21.0,68.0
450555,2026-05-04,18,32,23.0,72,21.0,68.0
450556,2026-05-04,18,33,23.0,72,21.0,68.0
450557,2026-05-04,18,34,23.0,72,21.0,68.0
450558,2026-05-04,18,35,23.0,72,21.0,68.0
450559,2026-05-04,18,36,23.0,72,21.0,68.0
450560,2026-05-04,18,37,23.0,72,21.0,68.0
450561,2026-05-04,18,38,23.0,72,21.0,68.0
450562,2026-05-04,18,39,23.0,72,21.0,68.0
450563,2026-05-04,18,40,23.0,72,21.0,68.0
450564,2026-05-04,18,41,23.0,72,21.0,68.0
450565,2026-05-04,18,42,23.0,72,21.0,68.0
450566,2026-05-04,18,43,23.0,72,21.0,68.0
450567,2026-05-04,18,44,23.0,72,21.0,68.0
450568,2026-05-04,18,45,23.0,72,21.0,68.0
450569,2026-05-04,18,46,23.0,72,21.0,68.0
450570,2026-05-04,18,47,23.0,72,21.0,68.0
450571,2026-05-04,18,48,23.0,72,21.0,68.0
450572,2026-05-04,18,49,23.0,72,21.0,68.0
450573,2026-05-04,18,50,23.0,72,21.0,68.0
450574,2026-05-04,18,51,23.0,72,20.9,68.0
450575,2026-05-04,18,52,23.0,72,21.0,68.0
450576,2026-05-04,18,53,23.0,72,20.9,68.0
450577,2026-05-04,18,54,23.0,72,20.9,68.0
450578,2026-05-04,18,55,23.0,72,20.9,68.0
450579,2026-05-04,18,56,23.0,72,20.9,68.0
450580,2026-05-04,18,57,22.8,72,20.9,68.0
450581,2026-05-04,18,58,22.7,72,20.9,68.0
450582,2026-05-04,18,59,22.7,72,20.9,68.0
450583,2026-05-04,19,00,22.7,72,20.8,68.0
450584,2026-05-04,19,01,22.6,72,20.8,68.0
450585,2026-05-04,19,02,22.6,72,20.8,68.0
450586,2026-05-04,19,03,22.6,72,20.8,68.0
450587,2026-05-04,19,04,22.6,72,20.8,68.0
450588,2026-05-04,19,05,22.6,72,20.8,68.0
450589,2026-05-04,19,06,22.6,72,20.8,68.0
450590,2026-05-04,19,07,22.6,72,20.8,68.0
450591,2026-05-04,19,08,22.6,72,20.7,68.0
450592,2026-05-04,19,09,22.6,72,20.7,68.0
450593,2026-05-04,19,10,22.6,72,20.7,68.0
450594,2026-05-04,19,11,22.6,72,20.7,68.0
450595,2026-05-04,19,13,22.6,72,20.7,69.0
450596,2026-05-04,19,14,22.6,72,20.7,69.0
450597,2026-05-04,19,15,22.6,73,20.7,69.0
450598,2026-05-04,19,16,22.6,73,20.7,69.0
450599,2026-05-04,19,17,22.6,73,20.7,69.0
450600,2026-05-04,19,18,22.6,73,20.7,69.0
450601,2026-05-04,19,19,22.6,73,20.7,69.0
450602,2026-05-04,19,20,22.6,73,20.7,69.0
450603,2026-05-04,19,21,22.6,73,20.6,70.0
450604,2026-05-04,19,22,22.6,73,20.6,70.0
450605,2026-05-04,19,23,22.6,73,20.6,70.0
450606,2026-05-04,19,24,22.6,73,20.6,70.0
450607,2026-05-04,19,25,22.6,73,20.6,70.0
450608,2026-05-04,19,26,22.6,73,20.6,70.0
450609,2026-05-04,19,27,22.6,73,20.6,70.0
450610,2026-05-04,19,28,22.6,73,20.6,70.0
450611,2026-05-04,19,29,22.6,73,20.6,70.0
450612,2026-05-04,19,30,22.6,73,20.5,70.0
450613,2026-05-04,19,31,22.6,73,20.5,70.0
450614,2026-05-04,19,32,22.6,73,20.5,70.0
450615,2026-05-04,19,33,22.6,73,20.5,70.0
450616,2026-05-04,19,34,22.6,73,20.5,70.0
450617,2026-05-04,19,35,22.6,73,20.5,70.0
450618,2026-05-04,19,36,22.6,73,20.5,70.0
450619,2026-05-04,19,37,22.6,73,20.5,71.0
450620,2026-05-04,19,38,22.6,73,20.5,71.0
450621,2026-05-04,19,39,22.6,73,20.5,71.0
450622,2026-05-04,19,40,22.6,73,20.5,71.0
450623,2026-05-04,19,41,22.6,73,20.5,71.0
450624,2026-05-04,19,42,22.6,73,20.4,71.0
450625,2026-05-04,19,43,22.6,73,20.4,71.0
450626,2026-05-04,19,44,22.6,73,20.4,71.0
450627,2026-05-04,19,45,22.6,73,20.4,71.0
450628,2026-05-04,19,46,22.6,73,20.4,71.0
450629,2026-05-04,19,47,22.6,73,20.4,71.0
450630,2026-05-04,19,48,22.6,73,20.4,71.0
450631,2026-05-04,19,49,22.6,73,20.4,71.0
450632,2026-05-04,19,50,22.6,73,20.3,71.0
450633,2026-05-04,19,51,22.6,73,20.3,71.0
450634,2026-05-04,19,52,22.6,73,20.3,71.0
450635,2026-05-04,19,53,22.6,73,20.3,71.0
450636,2026-05-04,19,54,22.6,73,20.3,71.0
450637,2026-05-04,19,55,22.6,73,20.3,71.0
450638,2026-05-04,19,56,22.6,73,20.3,71.0
450639,2026-05-04,19,57,22.6,73,20.3,71.0
450640,2026-05-04,19,58,22.6,73,20.3,71.0
450641,2026-05-04,19,59,22.6,73,20.3,71.0
450642,2026-05-04,20,00,22.6,73,20.2,71.0
450643,2026-05-04,20,01,22.6,73,20.2,71.0
450644,2026-05-04,20,02,22.6,73,20.2,71.0
450645,2026-05-04,20,03,22.6,73,20.2,71.0
450646,2026-05-04,20,04,22.6,73,20.2,71.0
450647,2026-05-04,20,05,22.6,73,20.2,71.0
450648,2026-05-04,20,06,22.6,73,20.2,71.0
450649,2026-05-04,20,07,22.6,73,20.2,71.0
450650,2026-05-04,20,08,22.6,73,20.2,71.0
450651,2026-05-04,20,09,22.6,73,20.2,71.0
450652,2026-05-04,20,10,22.6,73,20.2,71.0
450653,2026-05-04,20,11,22.6,73,20.2,71.0
450654,2026-05-04,20,12,22.6,73,20.2,71.0
450655,2026-05-04,20,13,22.6,73,20.1,71.0
450656,2026-05-04,20,14,22.6,73,20.1,71.0
450657,2026-05-04,20,15,22.6,73,20.1,71.0
450658,2026-05-04,20,16,22.6,73,20.1,71.0
450659,2026-05-04,20,17,22.6,73,20.1,71.0
450660,2026-05-04,20,18,22.6,73,20.1,71.0
450661,2026-05-04,20,19,22.6,73,20.1,71.0
450662,2026-05-04,20,20,22.6,73,20.1,71.0
450663,2026-05-04,20,21,22.3,73,20.1,71.0
450664,2026-05-04,20,22,22.3,73,20.0,71.0
450665,2026-05-04,20,23,22.3,73,20.0,71.0
450666,2026-05-04,20,24,22.3,73,20.0,71.0
450667,2026-05-04,20,25,22.2,73,20.0,71.0
450668,2026-05-04,20,26,22.2,73,20.0,71.0
450669,2026-05-04,20,27,22.2,73,20.0,71.0
450670,2026-05-04,20,28,22.2,73,20.0,71.0
450671,2026-05-04,20,29,22.2,73,20.0,71.0
450672,2026-05-04,20,30,22.2,73,20.0,71.0
450673,2026-05-04,20,31,22.2,73,20.0,71.0
450674,2026-05-04,20,32,22.2,73,20.0,71.0
450675,2026-05-04,20,33,22.2,73,20.0,71.0
450676,2026-05-04,20,34,22.2,73,20.0,71.0
450677,2026-05-04,20,35,22.2,73,19.9,71.0
450678,2026-05-04,20,36,22.2,73,19.9,71.0
450679,2026-05-04,20,37,22.2,73,19.9,71.0
450680,2026-05-04,20,38,22.2,73,19.9,71.0
450681,2026-05-04,20,39,22.2,73,19.9,71.0
450682,2026-05-04,20,40,22.2,73,19.9,71.0
450683,2026-05-04,20,41,22.2,73,19.9,71.0
450684,2026-05-04,20,42,22.2,73,19.9,71.0
450685,2026-05-04,20,43,22.2,73,19.9,71.0
450686,2026-05-04,20,44,22.2,73,19.9,71.0
450687,2026-05-04,20,45,22.2,73,19.9,71.0
450688,2026-05-04,20,46,22.2,73,19.9,71.0
450689,2026-05-04,20,47,22.2,73,19.9,71.0
450690,2026-05-04,20,48,22.2,73,19.9,71.0
450691,2026-05-04,20,49,22.2,73,19.9,71.0
450692,2026-05-04,20,50,22.2,73,19.9,71.0
450693,2026-05-04,20,51,22.2,73,19.8,71.0
450694,2026-05-04,20,52,22.2,73,19.8,71.0
450695,2026-05-04,20,53,22.2,73,19.8,71.0
450696,2026-05-04,20,54,22.2,73,19.8,71.0
450697,2026-05-04,20,55,22.2,73,19.8,71.0
450698,2026-05-04,20,56,22.2,73,19.8,71.0
450699,2026-05-04,20,57,22.2,73,19.8,71.0
450700,2026-05-04,20,58,22.2,73,19.8,71.0
450701,2026-05-04,20,59,22.2,73,19.8,71.0
450702,2026-05-04,21,00,22.2,73,19.8,71.0
450703,2026-05-04,21,01,22.2,73,19.8,71.0
450704,2026-05-04,21,02,22.2,73,19.8,71.0
450705,2026-05-04,21,03,22.2,73,19.8,71.0
450706,2026-05-04,21,04,22.2,73,19.8,71.0
450707,2026-05-04,21,05,22.2,73,19.8,71.0
450708,2026-05-04,21,06,22.2,73,19.8,71.0
450709,2026-05-04,21,07,22.2,73,19.8,71.0
450710,2026-05-04,21,08,22.2,73,19.8,71.0
450711,2026-05-04,21,09,22.2,73,19.8,70.0
450712,2026-05-04,21,10,22.2,73,19.8,70.0
450713,2026-05-04,21,11,22.2,73,19.8,70.0
450714,2026-05-04,21,12,22.2,73,19.8,70.0
450715,2026-05-04,21,13,22.2,73,19.8,70.0
450716,2026-05-04,21,14,22.2,72,19.8,70.0
450717,2026-05-04,21,15,22.2,72,19.8,70.0
450718,2026-05-04,21,16,22.2,72,19.8,70.0
450719,2026-05-04,21,17,22.2,72,19.8,70.0
450720,2026-05-04,21,18,22.2,72,19.8,70.0
450721,2026-05-04,21,19,22.2,72,19.8,70.0
450722,2026-05-04,21,20,22.2,72,19.8,70.0
450723,2026-05-04,21,21,22.2,72,19.8,70.0
450724,2026-05-04,21,22,22.2,72,19.8,70.0
450725,2026-05-04,21,23,22.2,72,19.8,70.0
450726,2026-05-04,21,24,22.2,72,19.8,70.0
450727,2026-05-04,21,25,22.2,72,19.8,70.0
450728,2026-05-04,21,26,22.2,72,19.8,70.0
450729,2026-05-04,21,27,22.2,72,19.8,70.0
450730,2026-05-04,21,28,22.2,72,19.7,70.0
450731,2026-05-04,21,29,22.2,72,19.7,70.0
450732,2026-05-04,21,30,22.2,72,19.7,70.0
450733,2026-05-04,21,31,22.2,72,19.7,70.0
450734,2026-05-04,21,32,22.2,72,19.7,70.0
450735,2026-05-04,21,33,22.2,72,19.7,70.0
450736,2026-05-04,21,34,22.2,72,19.7,70.0
450737,2026-05-04,21,35,22.2,72,19.7,70.0
450738,2026-05-04,21,36,22.2,72,19.7,70.0
450739,2026-05-04,21,37,22.1,72,19.7,70.0
450740,2026-05-04,21,38,21.9,72,19.7,70.0
450741,2026-05-04,21,39,21.9,72,19.7,70.0
450742,2026-05-04,21,40,21.9,72,19.7,70.0
450743,2026-05-04,21,41,21.8,72,19.7,70.0
450744,2026-05-04,21,42,21.8,72,19.7,70.0
450745,2026-05-04,21,43,21.8,72,19.7,70.0
450746,2026-05-04,21,44,21.8,72,19.7,70.0
450747,2026-05-04,21,45,21.8,72,19.7,70.0
450748,2026-05-04,21,46,21.8,72,19.7,70.0
450749,2026-05-04,21,47,21.8,72,19.7,70.0
450750,2026-05-04,21,48,21.8,72,19.7,70.0
450751,2026-05-04,21,49,21.8,72,19.7,70.0
450752,2026-05-04,21,50,21.8,72,19.7,70.0
450753,2026-05-04,21,51,21.8,72,19.7,70.0
450754,2026-05-04,21,52,21.8,72,19.7,70.0
450755,2026-05-04,21,53,21.8,72,19.7,70.0
450756,2026-05-04,21,54,21.8,72,19.7,70.0
450757,2026-05-04,21,55,21.8,72,19.7,70.0
450758,2026-05-04,21,56,21.8,72,19.7,70.0
450759,2026-05-04,21,57,21.8,72,19.7,70.0
450760,2026-05-04,21,58,21.8,72,19.7,70.0
450761,2026-05-04,21,59,21.8,72,19.7,70.0
450762,2026-05-04,22,00,21.8,72,19.7,70.0
450763,2026-05-04,22,01,21.8,72,19.7,70.0
450764,2026-05-04,22,02,21.8,72,19.6,70.0
450765,2026-05-04,22,03,21.8,72,19.7,70.0
450766,2026-05-04,22,04,21.8,72,19.7,70.0
450767,2026-05-04,22,05,21.8,72,19.6,70.0
450768,2026-05-04,22,06,21.8,72,19.6,70.0
450769,2026-05-04,22,07,21.8,72,19.6,70.0
450770,2026-05-04,22,08,21.8,72,19.7,70.0
450771,2026-05-04,22,09,21.8,72,19.6,70.0
450772,2026-05-04,22,10,21.8,72,19.6,70.0
450773,2026-05-04,22,11,21.8,72,19.7,70.0
450774,2026-05-04,22,12,21.8,72,19.6,70.0
450775,2026-05-04,22,13,21.8,72,19.6,70.0
450776,2026-05-04,22,14,21.8,72,19.6,70.0
450777,2026-05-04,22,15,21.8,72,19.6,70.0
450778,2026-05-04,22,16,21.8,72,19.6,70.0
450779,2026-05-04,22,17,21.8,72,19.6,70.0
450780,2026-05-04,22,18,21.8,72,19.6,70.0
450781,2026-05-04,22,19,21.8,72,19.6,70.0
450782,2026-05-04,22,20,21.8,72,19.6,70.0
450783,2026-05-04,22,21,21.8,72,19.6,70.0
450784,2026-05-04,22,22,21.8,72,19.6,70.0
450785,2026-05-04,22,23,21.8,72,19.6,70.0
450786,2026-05-04,22,24,21.8,72,19.6,70.0
450787,2026-05-04,22,25,21.8,72,19.6,70.0
450788,2026-05-04,22,26,21.8,72,19.6,70.0
450789,2026-05-04,22,27,21.8,72,19.6,70.0
450790,2026-05-04,22,28,21.8,72,19.6,70.0
450791,2026-05-04,22,29,21.8,72,19.6,70.0
450792,2026-05-04,22,30,21.8,72,19.6,70.0
450793,2026-05-04,22,31,21.8,72,19.6,70.0
450794,2026-05-04,22,32,21.8,72,19.6,70.0
450795,2026-05-04,22,33,21.8,72,19.6,70.0
450796,2026-05-04,22,34,21.8,72,19.6,70.0
450797,2026-05-04,22,35,21.8,72,19.6,70.0
450798,2026-05-04,22,36,21.8,72,19.6,70.0
450799,2026-05-04,22,37,21.8,72,19.6,70.0
450800,2026-05-04,22,38,21.8,72,19.6,70.0
450801,2026-05-04,22,39,21.8,72,19.6,70.0
450802,2026-05-04,22,40,21.8,72,19.6,70.0
450803,2026-05-04,22,41,21.8,72,19.6,70.0
450804,2026-05-04,22,42,21.8,72,19.6,70.0
450805,2026-05-04,22,43,21.8,72,19.6,70.0
450806,2026-05-04,22,44,21.8,72,19.6,70.0
450807,2026-05-04,22,45,21.8,72,19.6,70.0
450808,2026-05-04,22,46,21.8,72,19.6,70.0
450809,2026-05-04,22,47,21.8,72,19.5,70.0
450810,2026-05-04,22,48,21.8,72,19.5,70.0
450811,2026-05-04,22,49,21.8,72,19.5,70.0
450812,2026-05-04,22,50,21.8,72,19.5,70.0
450813,2026-05-04,22,51,21.8,72,19.5,70.0
450814,2026-05-04,22,52,21.8,72,19.5,70.0
450815,2026-05-04,22,53,21.8,72,19.5,70.0
450816,2026-05-04,22,54,21.8,72,19.5,70.0
450817,2026-05-04,22,55,21.8,72,19.5,70.0
450818,2026-05-04,22,56,21.8,72,19.5,70.0
450819,2026-05-04,22,57,21.8,72,19.5,70.0
450820,2026-05-04,22,58,21.8,72,19.5,70.0
450821,2026-05-04,22,59,21.8,72,19.5,70.0
450822,2026-05-04,23,00,21.7,72,19.5,70.0
450823,2026-05-04,23,01,21.6,72,19.5,70.0
450824,2026-05-04,23,02,21.8,72,19.5,70.0
450825,2026-05-04,23,03,21.5,72,19.5,70.0
450826,2026-05-04,23,04,21.5,72,19.4,70.0
450827,2026-05-04,23,05,21.4,72,19.4,70.0
450828,2026-05-04,23,06,21.4,72,19.4,70.0
450829,2026-05-04,23,07,21.4,72,19.4,70.0
450830,2026-05-04,23,08,21.4,72,19.4,70.0
450831,2026-05-04,23,09,21.4,72,19.4,70.0
450832,2026-05-04,23,10,21.4,72,19.4,70.0
450833,2026-05-04,23,11,21.4,72,19.4,70.0
450834,2026-05-04,23,12,21.4,72,19.4,70.0
450835,2026-05-04,23,13,21.4,72,19.4,70.0
450836,2026-05-04,23,14,21.4,73,19.4,70.0
450837,2026-05-04,23,15,21.4,73,19.4,70.0
450838,2026-05-04,23,16,21.4,73,19.4,70.0
450839,2026-05-04,23,17,21.4,73,19.4,70.0
450840,2026-05-04,23,18,21.4,73,19.4,70.0
450841,2026-05-04,23,19,21.4,73,19.4,70.0
450842,2026-05-04,23,20,21.4,73,19.4,70.0
450843,2026-05-04,23,21,21.4,73,19.4,70.0
450844,2026-05-04,23,22,21.4,73,19.4,70.0
450845,2026-05-04,23,23,21.4,73,19.4,70.0
450846,2026-05-04,23,24,21.4,73,19.4,70.0
450847,2026-05-04,23,25,21.4,73,19.3,70.0
450848,2026-05-04,23,26,21.4,73,19.3,70.0
450849,2026-05-04,23,27,21.4,73,19.3,70.0
450850,2026-05-04,23,28,21.4,73,19.3,70.0
450851,2026-05-04,23,29,21.4,73,19.3,70.0
450852,2026-05-04,23,30,21.4,73,19.3,70.0
450853,2026-05-04,23,31,21.4,73,19.3,70.0
450854,2026-05-04,23,32,21.4,73,19.3,70.0
450855,2026-05-04,23,33,21.4,73,19.3,70.0
450856,2026-05-04,23,34,21.4,73,19.3,70.0
450857,2026-05-04,23,35,21.4,73,19.3,70.0
450858,2026-05-04,23,36,21.4,73,19.3,70.0
450859,2026-05-04,23,37,21.4,73,19.3,70.0
450860,2026-05-04,23,38,21.4,73,19.3,70.0
450861,2026-05-04,23,39,21.4,73,19.3,70.0
450862,2026-05-04,23,40,21.4,73,19.3,71.0
450863,2026-05-04,23,41,21.4,73,19.3,70.0
450864,2026-05-04,23,42,21.4,73,19.3,71.0
450865,2026-05-04,23,43,21.4,73,19.3,70.0
450866,2026-05-04,23,44,21.4,73,19.3,70.0
450867,2026-05-04,23,45,21.4,73,19.3,71.0
450868,2026-05-04,23,46,21.4,73,19.3,71.0
450869,2026-05-04,23,47,21.4,73,19.3,71.0
450870,2026-05-04,23,48,21.4,73,19.3,71.0
450871,2026-05-04,23,49,21.4,73,19.3,71.0
450872,2026-05-04,23,50,21.4,73,19.3,71.0
450873,2026-05-04,23,51,21.4,73,19.3,71.0
450874,2026-05-04,23,52,21.4,73,19.3,71.0
450875,2026-05-04,23,53,21.4,73,19.3,71.0
450876,2026-05-04,23,54,21.4,73,19.3,71.0
450877,2026-05-04,23,55,21.4,73,19.3,71.0
450878,2026-05-04,23,56,21.4,73,19.3,71.0
450879,2026-05-04,23,57,21.4,73,19.3,71.0
450880,2026-05-04,23,58,21.4,73,19.3,71.0
450881,2026-05-04,23,59,21.4,73,19.3,71.0
450882,2026-05-05,00,00,21.4,73,19.3,71.0
450883,2026-05-05,00,01,21.4,73,19.3,71.0
450884,2026-05-05,00,02,21.4,73,19.3,71.0
450885,2026-05-05,00,03,21.4,73,19.3,71.0
450886,2026-05-05,00,04,21.4,73,19.2,71.0
450887,2026-05-05,00,05,21.4,73,19.2,71.0
450888,2026-05-05,00,06,21.4,73,19.2,71.0
450889,2026-05-05,00,07,21.4,73,19.2,71.0
450890,2026-05-05,00,08,21.4,73,19.2,71.0
450891,2026-05-05,00,09,21.4,73,19.2,71.0
450892,2026-05-05,00,10,21.4,73,19.2,71.0
450893,2026-05-05,00,11,21.4,73,19.2,71.0
450894,2026-05-05,00,12,21.4,73,19.2,71.0
450895,2026-05-05,00,13,21.4,73,19.2,71.0
450896,2026-05-05,00,14,21.4,73,19.2,71.0
450897,2026-05-05,00,15,21.4,73,19.2,71.0
450898,2026-05-05,00,16,21.4,73,19.2,71.0
450899,2026-05-05,00,17,21.4,73,19.2,71.0
450900,2026-05-05,00,18,21.4,73,19.2,71.0
450901,2026-05-05,00,19,21.4,73,19.2,71.0
450902,2026-05-05,00,20,21.4,73,19.2,71.0
450903,2026-05-05,00,21,21.4,73,19.2,71.0
450904,2026-05-05,00,22,21.4,73,19.2,71.0
450905,2026-05-05,00,23,21.4,73,19.1,71.0
450906,2026-05-05,00,24,21.4,73,19.2,71.0
450907,2026-05-05,00,25,21.4,73,19.2,71.0
450908,2026-05-05,00,26,21.4,73,19.2,71.0
450909,2026-05-05,00,27,21.4,73,19.2,71.0
450910,2026-05-05,00,28,21.4,73,19.1,71.0
450911,2026-05-05,00,29,21.4,73,19.2,71.0
450912,2026-05-05,00,30,21.4,73,19.1,71.0
450913,2026-05-05,00,31,21.4,73,19.1,71.0
450914,2026-05-05,00,32,21.4,73,19.1,71.0
450915,2026-05-05,00,33,21.4,73,19.1,71.0
450916,2026-05-05,00,34,21.4,73,19.1,71.0
450917,2026-05-05,00,35,21.4,73,19.1,71.0
450918,2026-05-05,00,36,21.3,73,19.1,71.0
450919,2026-05-05,00,37,21.1,73,19.1,71.0
450920,2026-05-05,00,38,21.2,73,19.1,71.0
450921,2026-05-05,00,39,21.1,73,19.1,71.0
450922,2026-05-05,00,40,21.1,73,19.1,71.0
450923,2026-05-05,00,41,21.1,73,19.1,71.0
450924,2026-05-05,00,42,21.1,73,19.1,71.0
450925,2026-05-05,00,43,21.1,73,19.1,71.0
450926,2026-05-05,00,44,21.0,73,19.0,71.0
450927,2026-05-05,00,45,21.0,73,19.0,71.0
450928,2026-05-05,00,46,21.0,73,19.0,71.0
450929,2026-05-05,00,47,21.0,73,19.0,71.0
450930,2026-05-05,00,48,21.0,73,19.0,71.0
450931,2026-05-05,00,49,21.0,73,19.0,71.0
450932,2026-05-05,00,50,21.0,73,19.0,71.0
450933,2026-05-05,00,51,21.0,73,19.0,71.0
450934,2026-05-05,00,52,21.0,73,19.0,71.0
450935,2026-05-05,00,53,21.0,73,19.0,71.0
450936,2026-05-05,00,54,21.0,73,19.0,71.0
450937,2026-05-05,00,55,21.0,73,19.0,71.0
450938,2026-05-05,00,56,21.0,73,18.9,71.0
450939,2026-05-05,00,57,21.0,73,18.9,71.0
450940,2026-05-05,00,58,21.0,73,18.9,71.0
450941,2026-05-05,00,59,21.0,73,18.9,71.0
450942,2026-05-05,01,00,21.0,73,18.9,71.0
450943,2026-05-05,01,01,21.0,73,18.9,71.0
450944,2026-05-05,01,02,21.0,73,18.9,71.0
450945,2026-05-05,01,03,21.0,73,18.9,71.0
450946,2026-05-05,01,04,21.0,73,18.9,71.0
450947,2026-05-05,01,05,21.0,73,18.9,71.0
450948,2026-05-05,01,06,21.0,73,18.9,71.0
450949,2026-05-05,01,07,21.0,73,18.9,71.0
450950,2026-05-05,01,08,21.0,73,18.9,71.0
450951,2026-05-05,01,09,21.0,73,18.8,71.0
450952,2026-05-05,01,10,21.0,73,18.8,71.0
450953,2026-05-05,01,11,21.0,73,18.8,71.0
450954,2026-05-05,01,12,21.0,73,18.8,71.0
450955,2026-05-05,01,13,21.0,73,18.8,71.0
450956,2026-05-05,01,14,21.0,73,18.8,71.0
450957,2026-05-05,01,15,21.0,73,18.8,71.0
450958,2026-05-05,01,16,21.0,73,18.8,71.0
450959,2026-05-05,01,17,21.0,73,18.8,71.0
450960,2026-05-05,01,18,21.0,73,18.8,71.0
450961,2026-05-05,01,19,21.0,73,18.8,71.0
450962,2026-05-05,01,20,21.0,73,18.8,72.0
450963,2026-05-05,01,21,21.0,73,18.8,72.0
450964,2026-05-05,01,22,21.0,73,18.8,72.0
450965,2026-05-05,01,23,21.0,73,18.8,72.0
450966,2026-05-05,01,24,21.0,74,18.8,72.0
450967,2026-05-05,01,25,21.0,74,18.8,72.0
450968,2026-05-05,01,26,21.0,74,18.8,72.0
450969,2026-05-05,01,27,21.0,74,18.8,72.0
450970,2026-05-05,01,28,21.0,74,18.8,72.0
450971,2026-05-05,01,29,21.0,74,18.8,72.0
450972,2026-05-05,01,30,21.0,74,18.7,72.0
450973,2026-05-05,01,31,21.0,74,18.7,72.0
450974,2026-05-05,01,32,21.0,74,18.7,72.0
450975,2026-05-05,01,33,21.0,74,18.7,72.0
450976,2026-05-05,01,34,21.0,74,18.7,72.0
450977,2026-05-05,01,35,21.0,74,18.7,72.0
450978,2026-05-05,01,36,21.0,74,18.7,72.0
450979,2026-05-05,01,37,21.0,74,18.7,72.0
450980,2026-05-05,01,38,21.0,74,18.7,72.0
450981,2026-05-05,01,39,21.0,74,18.7,72.0
450982,2026-05-05,01,40,21.0,74,18.7,72.0
450983,2026-05-05,01,41,21.0,74,18.6,72.0
450984,2026-05-05,01,42,21.0,74,18.7,72.0
450985,2026-05-05,01,43,21.0,74,18.6,72.0
450986,2026-05-05,01,44,21.0,74,18.6,72.0
450987,2026-05-05,01,45,21.0,74,18.6,72.0
450988,2026-05-05,01,46,21.0,74,18.6,72.0
450989,2026-05-05,01,47,21.0,74,18.6,72.0
450990,2026-05-05,01,48,21.0,74,18.6,72.0
450991,2026-05-05,01,49,21.0,74,18.6,72.0
450992,2026-05-05,01,50,21.0,74,18.6,72.0
450993,2026-05-05,01,51,21.0,74,18.5,72.0
450994,2026-05-05,01,52,21.0,74,18.5,72.0
450995,2026-05-05,01,53,21.0,74,18.5,72.0
450996,2026-05-05,01,54,21.0,74,18.5,72.0
450997,2026-05-05,01,55,21.0,74,18.5,72.0
450998,2026-05-05,01,56,21.0,74,18.5,72.0
450999,2026-05-05,01,57,21.0,74,18.5,72.0
451000,2026-05-05,01,58,21.0,74,18.5,72.0
451001,2026-05-05,01,59,21.0,74,18.5,72.0
451002,2026-05-05,02,00,21.0,74,18.5,72.0
451003,2026-05-05,02,01,21.0,74,18.5,72.0
451004,2026-05-05,02,02,21.0,74,18.5,72.0
451005,2026-05-05,02,03,21.0,74,18.5,72.0
451006,2026-05-05,02,04,21.0,74,18.5,72.0
451007,2026-05-05,02,05,21.0,74,18.5,72.0
451008,2026-05-05,02,06,21.0,74,18.5,72.0
451009,2026-05-05,02,07,21.0,74,18.5,72.0
451010,2026-05-05,02,08,21.0,74,18.5,72.0
451011,2026-05-05,02,09,21.0,74,18.4,72.0
451012,2026-05-05,02,10,21.0,74,18.5,72.0
451013,2026-05-05,02,11,20.9,75,18.4,72.0
451014,2026-05-05,02,12,20.7,75,18.5,72.0
451015,2026-05-05,02,13,20.7,75,18.5,72.0
451016,2026-05-05,02,14,20.7,75,18.4,72.0
451017,2026-05-05,02,15,20.7,75,18.4,72.0
451018,2026-05-05,02,16,20.6,75,18.4,72.0
451019,2026-05-05,02,17,20.6,75,18.4,72.0
451020,2026-05-05,02,18,20.6,74,18.4,72.0
451021,2026-05-05,02,19,20.6,74,18.4,72.0
451022,2026-05-05,02,20,20.6,74,18.4,72.0
451023,2026-05-05,02,21,20.6,74,18.4,72.0
451024,2026-05-05,02,22,20.6,74,18.4,72.0
451025,2026-05-05,02,23,20.6,74,18.4,72.0
451026,2026-05-05,02,24,20.6,74,18.4,72.0
451027,2026-05-05,02,25,20.6,74,18.4,72.0
451028,2026-05-05,02,26,20.6,74,18.4,72.0
451029,2026-05-05,02,27,20.6,74,18.3,72.0
451030,2026-05-05,02,28,20.6,74,18.3,72.0
451031,2026-05-05,02,29,20.6,74,18.3,72.0
451032,2026-05-05,02,30,20.6,74,18.3,72.0
451033,2026-05-05,02,31,20.6,74,18.3,72.0
451034,2026-05-05,02,32,20.6,74,18.3,72.0
451035,2026-05-05,02,33,20.6,74,18.3,72.0
451036,2026-05-05,02,34,20.6,74,18.3,72.0
451037,2026-05-05,02,35,20.6,74,18.3,72.0
451038,2026-05-05,02,36,20.6,74,18.3,72.0
451039,2026-05-05,02,37,20.6,74,18.3,72.0
451040,2026-05-05,02,38,20.6,74,18.3,72.0
451041,2026-05-05,02,39,20.6,74,18.3,72.0
451042,2026-05-05,02,40,20.6,74,18.3,72.0
451043,2026-05-05,02,41,20.6,74,18.3,72.0
451044,2026-05-05,02,42,20.6,74,18.3,72.0
451045,2026-05-05,02,43,20.6,74,18.3,72.0
451046,2026-05-05,02,44,20.6,74,18.3,72.0
451047,2026-05-05,02,45,20.6,74,18.3,72.0
451048,2026-05-05,02,46,20.6,74,18.3,72.0
451049,2026-05-05,02,47,20.6,74,18.3,72.0
451050,2026-05-05,02,48,20.6,74,18.3,72.0
451051,2026-05-05,02,49,20.6,74,18.3,72.0
451052,2026-05-05,02,50,20.6,74,18.3,72.0
451053,2026-05-05,02,51,20.6,74,18.3,72.0
451054,2026-05-05,02,52,20.6,74,18.3,72.0
451055,2026-05-05,02,53,20.6,74,18.3,72.0
451056,2026-05-05,02,54,20.6,74,18.3,72.0
451057,2026-05-05,02,55,20.6,74,18.3,72.0
451058,2026-05-05,02,56,20.6,74,18.3,72.0
451059,2026-05-05,02,57,20.6,74,18.3,72.0
451060,2026-05-05,02,58,20.6,74,18.3,72.0
451061,2026-05-05,02,59,20.6,74,18.2,72.0
451062,2026-05-05,03,00,20.6,74,18.3,72.0
451063,2026-05-05,03,01,20.6,74,18.3,72.0
451064,2026-05-05,03,02,20.6,74,18.2,72.0
451065,2026-05-05,03,03,20.6,74,18.2,72.0
451066,2026-05-05,03,04,20.6,74,18.2,72.0
451067,2026-05-05,03,05,20.6,74,18.3,72.0
451068,2026-05-05,03,06,20.6,74,18.3,72.0
451069,2026-05-05,03,07,20.6,74,18.3,72.0
451070,2026-05-05,03,08,20.6,74,18.3,72.0
451071,2026-05-05,03,09,20.6,74,18.3,72.0
451072,2026-05-05,03,10,20.6,74,18.3,72.0
451073,2026-05-05,03,11,20.6,74,18.3,72.0
451074,2026-05-05,03,12,20.6,74,18.3,72.0
451075,2026-05-05,03,13,20.6,74,18.3,72.0
451076,2026-05-05,03,14,20.6,74,18.3,72.0
451077,2026-05-05,03,15,20.6,74,18.3,72.0
451078,2026-05-05,03,16,20.6,74,18.3,72.0
451079,2026-05-05,03,17,20.6,74,18.3,72.0
451080,2026-05-05,03,18,20.6,74,18.3,72.0
451081,2026-05-05,03,19,20.6,74,18.3,72.0
451082,2026-05-05,03,20,20.6,74,18.3,72.0
451083,2026-05-05,03,21,20.6,74,18.3,72.0
451084,2026-05-05,03,22,20.6,74,18.3,72.0
451085,2026-05-05,03,23,20.6,74,18.3,72.0
451086,2026-05-05,03,24,20.6,74,18.3,72.0
451087,2026-05-05,03,25,20.6,74,18.3,72.0
451088,2026-05-05,03,26,20.6,74,18.3,72.0
451089,2026-05-05,03,27,20.6,74,18.3,72.0
451090,2026-05-05,03,28,20.6,74,18.3,72.0
451091,2026-05-05,03,29,20.6,74,18.3,72.0
451092,2026-05-05,03,30,20.6,74,18.2,72.0
451093,2026-05-05,03,31,20.6,74,18.2,72.0
451094,2026-05-05,03,32,20.6,74,18.2,72.0
451095,2026-05-05,03,33,20.6,74,18.2,72.0
451096,2026-05-05,03,34,20.6,74,18.2,72.0
451097,2026-05-05,03,35,20.6,74,18.2,72.0
451098,2026-05-05,03,36,20.6,74,18.2,72.0
451099,2026-05-05,03,37,20.6,74,18.2,72.0
451100,2026-05-05,03,38,20.6,74,18.2,72.0
451101,2026-05-05,03,39,20.6,74,18.2,72.0
451102,2026-05-05,03,40,20.6,74,18.2,72.0
451103,2026-05-05,03,41,20.6,74,18.2,72.0
451104,2026-05-05,03,42,20.6,74,18.2,72.0
451105,2026-05-05,03,43,20.6,74,18.2,72.0
451106,2026-05-05,03,44,20.6,74,18.1,72.0
451107,2026-05-05,03,45,20.6,74,18.1,72.0
451108,2026-05-05,03,46,20.6,74,18.1,72.0
451109,2026-05-05,03,47,20.6,74,18.1,72.0
451110,2026-05-05,03,48,20.6,74,18.1,72.0
451111,2026-05-05,03,49,20.6,74,18.1,72.0
451112,2026-05-05,03,50,20.6,74,18.1,72.0
451113,2026-05-05,03,51,20.6,74,18.1,72.0
451114,2026-05-05,03,52,20.6,74,18.1,72.0
451115,2026-05-05,03,53,20.3,74,18.1,72.0
451116,2026-05-05,03,54,20.2,74,18.1,72.0
451117,2026-05-05,03,55,20.2,74,18.1,72.0
451118,2026-05-05,03,56,20.2,74,18.1,72.0
451119,2026-05-05,03,57,20.2,74,18.1,72.0
451120,2026-05-05,03,58,20.2,74,18.1,72.0
451121,2026-05-05,03,59,20.2,74,18.0,72.0
451122,2026-05-05,04,00,20.2,74,18.0,72.0
451123,2026-05-05,04,01,20.2,74,18.1,72.0
451124,2026-05-05,04,02,20.2,74,18.0,72.0
451125,2026-05-05,04,03,20.2,74,18.0,72.0
451126,2026-05-05,04,04,20.2,74,18.0,72.0
451127,2026-05-05,04,05,20.2,74,18.0,72.0
451128,2026-05-05,04,06,20.2,74,18.0,72.0
451129,2026-05-05,04,07,20.2,74,18.0,72.0
451130,2026-05-05,04,08,20.2,74,18.0,72.0
451131,2026-05-05,04,09,20.2,74,18.0,72.0
451132,2026-05-05,04,10,20.2,74,18.0,72.0
451133,2026-05-05,04,11,20.2,74,18.0,72.0
451134,2026-05-05,04,12,20.2,74,17.9,72.0
451135,2026-05-05,04,13,20.2,74,18.0,72.0
451136,2026-05-05,04,14,20.2,74,17.9,72.0
451137,2026-05-05,04,15,20.2,74,17.9,72.0
451138,2026-05-05,04,16,20.2,74,17.9,72.0
451139,2026-05-05,04,17,20.2,74,17.9,72.0
451140,2026-05-05,04,18,20.2,74,17.9,72.0
451141,2026-05-05,04,19,20.2,74,17.9,72.0
451142,2026-05-05,04,20,20.2,74,17.9,72.0
451143,2026-05-05,04,21,20.2,74,17.9,72.0
451144,2026-05-05,04,22,20.2,74,17.9,72.0
451145,2026-05-05,04,23,20.2,74,17.9,72.0
451146,2026-05-05,04,24,20.2,74,17.9,72.0
451147,2026-05-05,04,25,20.2,74,17.9,72.0
451148,2026-05-05,04,26,20.2,74,17.9,72.0
451149,2026-05-05,04,27,20.2,74,17.9,72.0
451150,2026-05-05,04,28,20.2,74,17.9,72.0
451151,2026-05-05,04,29,20.2,74,17.9,72.0
451152,2026-05-05,04,30,20.2,74,17.8,72.0
451153,2026-05-05,04,31,20.2,74,17.8,72.0
451154,2026-05-05,04,32,20.2,74,17.8,72.0
451155,2026-05-05,04,33,20.2,74,17.8,72.0
451156,2026-05-05,04,34,20.2,74,17.8,72.0
451157,2026-05-05,04,35,20.2,74,17.8,72.0
451158,2026-05-05,04,36,20.2,74,17.8,72.0
451159,2026-05-05,04,37,20.2,74,17.8,72.0
451160,2026-05-05,04,38,20.2,74,17.8,72.0
451161,2026-05-05,04,39,20.2,74,17.8,72.0
451162,2026-05-05,04,40,20.2,74,17.8,72.0
451163,2026-05-05,04,41,20.2,74,17.8,72.0
451164,2026-05-05,04,42,20.2,74,17.8,72.0
451165,2026-05-05,04,43,20.2,74,17.7,72.0
451166,2026-05-05,04,44,20.2,74,17.7,72.0
451167,2026-05-05,04,47,20.2,74,17.7,72.0
451168,2026-05-05,04,48,20.2,74,17.7,72.0
451169,2026-05-05,04,49,20.2,74,17.7,72.0
451170,2026-05-05,04,50,20.2,74,17.7,72.0
451171,2026-05-05,04,51,20.2,74,17.7,72.0
451172,2026-05-05,04,52,20.2,74,17.7,72.0
451173,2026-05-05,04,53,20.2,74,17.7,72.0
451174,2026-05-05,04,54,20.2,74,17.7,72.0
451175,2026-05-05,04,55,20.2,74,17.7,72.0
451176,2026-05-05,04,56,20.2,74,17.6,72.0
451177,2026-05-05,04,57,20.2,74,17.6,72.0
451178,2026-05-05,04,58,20.2,74,17.6,72.0
451179,2026-05-05,04,59,20.2,74,17.6,72.0
451180,2026-05-05,05,00,20.2,74,17.6,72.0
451181,2026-05-05,05,01,20.2,74,17.6,72.0
451182,2026-05-05,05,02,20.2,74,17.6,72.0
451183,2026-05-05,05,03,20.2,74,17.6,72.0
451184,2026-05-05,05,04,20.2,74,17.6,72.0
451185,2026-05-05,05,05,20.2,74,17.6,72.0
451186,2026-05-05,05,06,20.2,74,17.6,72.0
451187,2026-05-05,05,07,20.2,74,17.6,72.0
451188,2026-05-05,05,08,20.2,74,17.6,72.0
451189,2026-05-05,05,09,20.2,74,17.6,72.0
451190,2026-05-05,05,10,20.2,74,17.6,72.0
451191,2026-05-05,05,11,20.2,74,17.6,72.0
451192,2026-05-05,05,12,20.2,74,17.6,72.0
451193,2026-05-05,05,13,20.2,74,17.6,72.0
451194,2026-05-05,05,14,20.1,74,17.6,72.0
451195,2026-05-05,05,15,19.9,74,17.6,72.0
451196,2026-05-05,05,16,20.0,74,17.6,72.0
451197,2026-05-05,05,17,20.1,74,17.6,72.0
451198,2026-05-05,05,18,20.1,74,17.6,72.0
451199,2026-05-05,05,19,20.2,74,17.6,72.0
451200,2026-05-05,05,20,20.2,74,17.6,72.0
451201,2026-05-05,05,21,20.1,74,17.6,72.0
451202,2026-05-05,05,22,20.1,74,17.7,72.0
451203,2026-05-05,05,23,20.2,74,17.6,72.0
451204,2026-05-05,05,24,20.0,74,17.7,72.0
451205,2026-05-05,05,25,19.8,74,17.7,72.0
451206,2026-05-05,05,26,19.8,74,17.7,72.0
451207,2026-05-05,05,27,19.8,74,17.7,72.0
451208,2026-05-05,05,28,19.8,74,17.6,72.0
451209,2026-05-05,05,29,19.8,74,17.7,72.0
451210,2026-05-05,05,30,19.9,74,17.6,72.0
451211,2026-05-05,05,31,19.9,74,17.6,72.0
451212,2026-05-05,05,32,19.8,74,17.6,72.0
451213,2026-05-05,05,33,19.8,74,17.6,72.0
451214,2026-05-05,05,34,19.8,74,17.6,72.0
451215,2026-05-05,05,35,19.8,74,17.6,72.0
451216,2026-05-05,05,36,19.8,74,17.6,72.0
451217,2026-05-05,05,37,19.8,74,17.6,72.0
451218,2026-05-05,05,38,19.8,74,17.6,72.0
451219,2026-05-05,05,39,19.8,74,17.6,72.0
451220,2026-05-05,05,40,19.8,74,17.6,72.0
451221,2026-05-05,05,41,19.8,74,17.6,72.0
451222,2026-05-05,05,42,19.8,74,17.6,72.0
451223,2026-05-05,05,43,19.8,74,17.6,72.0
451224,2026-05-05,05,44,19.8,74,17.6,72.0
451225,2026-05-05,05,45,19.8,74,17.6,72.0
451226,2026-05-05,05,46,19.8,74,17.6,72.0
451227,2026-05-05,05,47,19.8,74,17.6,72.0
451228,2026-05-05,05,48,19.8,74,17.6,72.0
451229,2026-05-05,05,49,19.8,74,17.6,72.0
451230,2026-05-05,05,50,19.8,74,17.6,72.0
451231,2026-05-05,05,51,19.8,74,17.6,72.0
451232,2026-05-05,05,52,19.8,74,17.6,72.0
451233,2026-05-05,05,53,19.8,74,17.6,72.0
451234,2026-05-05,05,54,19.8,74,17.6,72.0
451235,2026-05-05,05,55,19.8,74,17.5,72.0
451236,2026-05-05,05,56,19.8,74,17.6,72.0
451237,2026-05-05,05,57,19.8,74,17.6,72.0
451238,2026-05-05,05,58,19.8,74,17.6,72.0
451239,2026-05-05,05,59,19.8,74,17.5,72.0
451240,2026-05-05,06,00,19.8,74,17.6,72.0
451241,2026-05-05,06,01,19.8,74,17.5,72.0
451242,2026-05-05,06,02,19.8,74,17.5,72.0
451243,2026-05-05,06,03,19.8,74,17.6,72.0
451244,2026-05-05,06,04,19.8,74,17.6,72.0
451245,2026-05-05,06,05,19.8,74,17.6,72.0
451246,2026-05-05,06,06,19.8,74,17.6,72.0
451247,2026-05-05,06,07,19.8,74,17.6,72.0
451248,2026-05-05,06,08,19.8,74,17.6,72.0
451249,2026-05-05,06,09,19.8,74,17.6,72.0
451250,2026-05-05,06,10,19.8,74,17.6,72.0
451251,2026-05-05,06,11,19.8,74,17.6,71.0
451252,2026-05-05,06,12,19.8,74,17.6,71.0
451253,2026-05-05,06,13,19.8,74,17.6,71.0
451254,2026-05-05,06,14,19.8,74,17.7,71.0
451255,2026-05-05,06,15,19.8,74,17.7,71.0
451256,2026-05-05,06,16,19.8,74,17.7,72.0
451257,2026-05-05,06,17,19.8,74,17.7,71.0
451258,2026-05-05,06,18,19.8,74,17.7,71.0
451259,2026-05-05,06,19,19.8,74,17.8,71.0
451260,2026-05-05,06,20,19.8,74,17.8,71.0
451261,2026-05-05,06,21,19.8,74,17.8,71.0
451262,2026-05-05,06,22,19.8,74,17.8,71.0
451263,2026-05-05,06,23,19.8,74,17.9,71.0
451264,2026-05-05,06,24,19.8,74,17.8,71.0
451265,2026-05-05,06,25,19.8,74,17.9,71.0
451266,2026-05-05,06,26,19.8,74,17.9,71.0
451267,2026-05-05,06,27,19.8,74,17.9,71.0
451268,2026-05-05,06,28,19.8,74,17.9,71.0
451269,2026-05-05,06,29,19.8,74,18.0,71.0
451270,2026-05-05,06,30,19.8,74,18.0,71.0
451271,2026-05-05,06,31,19.8,74,18.0,70.0
451272,2026-05-05,06,32,19.8,74,18.0,70.0
451273,2026-05-05,06,33,19.8,74,18.1,70.0
451274,2026-05-05,06,34,19.8,74,18.1,70.0
451275,2026-05-05,06,35,19.8,74,18.1,70.0
451276,2026-05-05,06,36,19.8,74,18.1,70.0
451277,2026-05-05,06,37,19.8,74,18.1,70.0
451278,2026-05-05,06,38,19.8,74,18.1,70.0
451279,2026-05-05,06,39,19.8,74,18.2,70.0
451280,2026-05-05,06,40,19.8,74,18.2,70.0
451281,2026-05-05,06,41,19.8,74,18.2,70.0
451282,2026-05-05,06,42,19.8,74,18.3,70.0
451283,2026-05-05,06,43,19.8,74,18.3,70.0
451284,2026-05-05,06,44,19.8,74,18.3,69.0
451285,2026-05-05,06,45,19.8,74,18.4,69.0
451286,2026-05-05,06,46,19.8,74,18.4,69.0
451287,2026-05-05,06,47,19.8,74,18.5,69.0
451288,2026-05-05,06,48,19.8,74,18.5,69.0
451289,2026-05-05,06,49,19.8,74,18.6,69.0
451290,2026-05-05,06,50,19.8,74,18.6,69.0
451291,2026-05-05,06,51,19.8,74,18.7,69.0
451292,2026-05-05,06,52,19.8,74,18.7,68.0
451293,2026-05-05,06,53,19.8,74,18.8,68.0
451294,2026-05-05,06,54,19.8,74,18.8,68.0
451295,2026-05-05,06,55,19.8,74,18.9,68.0
451296,2026-05-05,06,56,19.8,74,18.9,68.0
451297,2026-05-05,06,57,19.8,74,18.9,68.0
451298,2026-05-05,06,58,19.8,74,19.0,68.0
451299,2026-05-05,06,59,19.8,74,19.0,68.0
451300,2026-05-05,07,00,19.8,74,19.0,67.0
451301,2026-05-05,07,01,19.8,74,19.1,67.0
451302,2026-05-05,07,02,19.8,74,19.1,67.0
451303,2026-05-05,07,03,19.8,74,19.1,67.0
451304,2026-05-05,07,04,19.8,74,19.2,67.0
451305,2026-05-05,07,05,19.8,74,19.2,67.0
451306,2026-05-05,07,06,19.8,74,19.3,67.0
451307,2026-05-05,07,07,19.8,74,19.3,67.0
451308,2026-05-05,07,08,19.8,74,19.3,67.0
451309,2026-05-05,07,09,19.8,74,19.4,66.0
451310,2026-05-05,07,10,19.8,74,19.4,66.0
451311,2026-05-05,07,11,19.8,74,19.5,66.0
451312,2026-05-05,07,12,19.8,74,19.5,66.0
451313,2026-05-05,07,13,19.8,74,19.5,66.0
451314,2026-05-05,07,14,19.8,74,19.6,66.0
451315,2026-05-05,07,15,19.8,74,19.6,66.0
451316,2026-05-05,07,16,19.8,74,19.6,66.0
451317,2026-05-05,07,17,19.8,74,19.7,66.0
451318,2026-05-05,07,18,19.8,74,19.7,66.0
451319,2026-05-05,07,19,19.8,74,19.7,65.0
451320,2026-05-05,07,20,19.8,74,19.8,65.0
451321,2026-05-05,07,21,19.8,74,19.8,65.0
451322,2026-05-05,07,22,20.1,74,19.9,65.0
451323,2026-05-05,07,23,20.2,74,19.9,65.0
451324,2026-05-05,07,24,20.2,74,20.0,65.0
451325,2026-05-05,07,25,20.2,74,20.0,65.0
451326,2026-05-05,07,26,20.2,74,20.0,65.0
451327,2026-05-05,07,27,20.2,74,20.1,65.0
451328,2026-05-05,07,28,20.2,74,20.2,65.0
451329,2026-05-05,07,29,20.2,74,20.2,65.0
451330,2026-05-05,07,30,20.2,75,20.3,65.0
451331,2026-05-05,07,31,20.2,75,20.3,65.0
451332,2026-05-05,07,32,20.2,75,20.4,65.0
451333,2026-05-05,07,33,20.2,75,20.5,65.0
451334,2026-05-05,07,34,20.2,76,20.6,65.0
451335,2026-05-05,07,35,20.2,76,20.7,65.0
451336,2026-05-05,07,36,20.2,76,20.8,65.0
451337,2026-05-05,07,37,20.2,76,20.9,65.0
451338,2026-05-05,07,38,20.2,77,20.9,65.0
451339,2026-05-05,07,39,20.2,77,21.0,64.0
451340,2026-05-05,07,40,20.2,77,21.0,64.0
451341,2026-05-05,07,41,20.2,77,21.1,64.0
451342,2026-05-05,07,42,20.2,77,21.2,64.0
451343,2026-05-05,07,43,20.2,77,21.2,64.0
451344,2026-05-05,07,44,20.2,77,21.3,64.0
451345,2026-05-05,07,45,20.2,77,21.4,64.0
451346,2026-05-05,07,46,20.2,77,21.4,63.0
451347,2026-05-05,07,47,20.2,77,21.5,63.0
451348,2026-05-05,07,48,20.2,77,21.5,63.0
451349,2026-05-05,07,49,20.2,77,21.5,63.0
451350,2026-05-05,07,50,20.2,77,21.6,63.0
451351,2026-05-05,07,51,20.2,77,21.6,63.0
451352,2026-05-05,07,52,20.2,77,21.7,63.0
451353,2026-05-05,07,53,20.6,77,21.8,63.0
451354,2026-05-05,07,54,20.6,77,21.9,63.0
451355,2026-05-05,07,55,20.6,77,22.1,62.0
451356,2026-05-05,07,56,20.6,77,22.2,62.0
451357,2026-05-05,07,57,20.6,77,22.3,62.0
451358,2026-05-05,07,58,20.6,77,22.4,62.0
451359,2026-05-05,07,59,20.6,78,22.5,62.0
451360,2026-05-05,08,00,20.6,78,22.6,62.0
451361,2026-05-05,08,01,20.6,78,22.7,62.0
451362,2026-05-05,08,02,20.6,78,22.8,61.0
451363,2026-05-05,08,03,20.6,78,22.9,61.0
451364,2026-05-05,08,04,20.6,78,23.1,61.0
451365,2026-05-05,08,05,20.6,78,23.2,60.0
451366,2026-05-05,08,06,20.6,78,23.3,60.0
451367,2026-05-05,08,07,20.6,78,23.4,60.0
451368,2026-05-05,08,08,20.6,78,23.5,59.0
451369,2026-05-05,08,09,20.6,78,23.7,59.0
451370,2026-05-05,08,10,20.6,78,23.9,59.0
451371,2026-05-05,08,11,20.6,78,24.0,58.0
451372,2026-05-05,08,12,20.8,78,24.2,58.0
451373,2026-05-05,08,13,21.0,77,24.4,58.0
451374,2026-05-05,08,14,21.0,77,24.5,57.0
451375,2026-05-05,08,15,21.0,77,24.6,57.0
451376,2026-05-05,08,16,21.0,77,24.8,56.0
451377,2026-05-05,08,17,21.0,77,25.0,56.0
451378,2026-05-05,08,18,21.0,77,25.1,56.0
451379,2026-05-05,08,19,21.0,77,25.3,55.0
451380,2026-05-05,08,20,21.0,77,25.5,55.0
451381,2026-05-05,08,21,21.0,77,25.6,54.0
451382,2026-05-05,08,22,21.0,77,25.6,54.0
451383,2026-05-05,08,23,21.0,77,25.8,54.0
451384,2026-05-05,08,24,21.0,77,26.0,54.0
451385,2026-05-05,08,25,21.0,77,26.2,53.0
451386,2026-05-05,08,26,21.0,77,26.4,53.0
451387,2026-05-05,08,27,21.0,77,26.6,52.0
451388,2026-05-05,08,28,21.0,77,26.8,52.0
451389,2026-05-05,08,29,21.0,77,27.0,51.0
451390,2026-05-05,08,30,21.0,77,27.1,51.0
451391,2026-05-05,08,31,21.0,77,26.9,51.0
451392,2026-05-05,08,32,21.4,77,27.1,51.0
451393,2026-05-05,08,33,21.4,77,27.5,50.0
451394,2026-05-05,08,34,21.4,77,27.9,49.0
451395,2026-05-05,08,35,21.4,77,28.4,49.0
451396,2026-05-05,08,36,21.4,77,28.6,48.0
451397,2026-05-05,08,37,21.4,77,29.1,47.0
451398,2026-05-05,08,38,21.4,77,29.5,46.0
451399,2026-05-05,08,39,21.4,77,29.4,46.0
451400,2026-05-05,08,40,21.4,77,29.4,46.0
451401,2026-05-05,08,41,21.4,77,29.3,46.0
451402,2026-05-05,08,42,21.4,77,29.9,46.0
451403,2026-05-05,08,43,21.4,77,31.0,44.0
451404,2026-05-05,08,44,21.4,77,31.9,42.0
451405,2026-05-05,08,45,21.4,77,32.3,42.0
451406,2026-05-05,08,46,21.4,77,32.6,41.0
451407,2026-05-05,08,47,21.4,77,32.9,41.0
451408,2026-05-05,08,48,21.4,77,33.1,40.0
451409,2026-05-05,08,49,21.4,77,33.6,40.0
451410,2026-05-05,08,50,21.4,77,34.1,39.0
451411,2026-05-05,08,51,21.4,77,34.5,39.0
451412,2026-05-05,08,52,21.4,77,34.8,38.0
451413,2026-05-05,08,53,21.4,77,35.1,37.0
451414,2026-05-05,08,54,21.4,77,35.3,37.0
451415,2026-05-05,08,55,21.4,77,35.3,37.0
451416,2026-05-05,08,56,21.4,77,35.2,37.0
451417,2026-05-05,08,57,21.5,77,35.1,37.0
451418,2026-05-05,08,58,21.8,77,35.3,37.0
451419,2026-05-05,08,59,21.8,77,35.6,37.0
451420,2026-05-05,09,00,21.8,77,35.8,37.0
451421,2026-05-05,09,01,21.8,77,36.1,36.0
451422,2026-05-05,09,02,21.8,77,36.4,36.0
451423,2026-05-05,09,03,21.8,77,36.6,36.0
451424,2026-05-05,09,04,21.8,77,36.8,35.0
451425,2026-05-05,09,05,21.8,77,37.0,35.0
451426,2026-05-05,09,06,21.8,77,37.2,35.0
451427,2026-05-05,09,07,21.8,77,37.3,35.0
451428,2026-05-05,09,08,21.8,77,37.3,35.0
451429,2026-05-05,09,09,21.8,76,36.8,35.0
451430,2026-05-05,09,10,21.8,76,34.6,37.0
451431,2026-05-05,09,11,21.8,76,32.7,39.0
451432,2026-05-05,09,12,21.8,76,32.4,41.0
451433,2026-05-05,09,13,21.8,76,33.7,40.0
451434,2026-05-05,09,14,21.8,76,34.8,38.0
451435,2026-05-05,09,15,21.8,77,35.6,37.0
451436,2026-05-05,09,16,21.8,77,36.2,36.0
451437,2026-05-05,09,17,21.8,77,36.6,36.0
451438,2026-05-05,09,18,21.8,77,36.9,35.0
451439,2026-05-05,09,19,21.8,77,37.1,35.0
451440,2026-05-05,09,20,21.8,77,37.3,35.0
451441,2026-05-05,09,21,21.8,77,37.4,35.0
451442,2026-05-05,09,22,21.8,77,37.5,34.0
451443,2026-05-05,09,23,21.8,77,37.6,34.0
451444,2026-05-05,09,24,21.8,76,37.7,34.0
451445,2026-05-05,09,25,21.8,76,37.8,34.0
451446,2026-05-05,09,26,21.8,76,38.0,34.0
451447,2026-05-05,09,27,21.9,76,38.1,34.0
451448,2026-05-05,09,28,22.2,76,38.1,33.0
451449,2026-05-05,09,29,22.2,76,38.2,33.0
451450,2026-05-05,09,30,22.2,76,38.2,33.0
451451,2026-05-05,09,31,22.2,76,38.3,33.0
451452,2026-05-05,09,32,22.2,76,38.4,33.0
451453,2026-05-05,09,33,22.2,76,38.6,33.0
451454,2026-05-05,09,34,22.2,76,38.6,33.0
451455,2026-05-05,09,35,22.2,76,38.7,33.0
451456,2026-05-05,09,36,22.2,75,38.8,32.0
451457,2026-05-05,09,37,22.2,75,38.8,32.0
451458,2026-05-05,09,38,22.2,75,38.8,32.0
451459,2026-05-05,09,39,22.2,75,38.8,32.0
451460,2026-05-05,09,40,22.2,75,38.9,32.0
451461,2026-05-05,09,41,22.2,75,38.9,32.0
451462,2026-05-05,09,42,22.2,75,38.3,33.0
451463,2026-05-05,09,43,22.2,75,38.2,33.0
451464,2026-05-05,09,44,22.2,75,38.1,33.0
451465,2026-05-05,09,45,22.2,75,37.7,33.0
451466,2026-05-05,09,46,22.2,75,36.9,34.0
451467,2026-05-05,09,47,22.2,76,36.0,35.0
451468,2026-05-05,09,48,22.2,76,34.6,37.0
451469,2026-05-05,09,49,22.2,76,33.6,38.0
451470,2026-05-05,09,50,22.2,76,32.5,40.0
451471,2026-05-05,09,51,22.2,76,31.6,41.0
451472,2026-05-05,09,52,22.2,76,31.0,42.0
451473,2026-05-05,09,53,22.2,76,30.5,43.0
451474,2026-05-05,09,54,22.2,76,29.9,44.0
451475,2026-05-05,09,55,22.2,76,29.4,45.0
451476,2026-05-05,09,56,22.2,76,28.9,46.0
451477,2026-05-05,09,57,22.2,76,28.6,47.0
451478,2026-05-05,09,58,22.2,76,28.5,47.0
451479,2026-05-05,09,59,22.2,76,28.2,47.0
451480,2026-05-05,10,00,22.2,76,27.9,48.0
451481,2026-05-05,10,01,22.2,76,27.7,48.0
451482,2026-05-05,10,02,22.2,76,27.8,48.0
451483,2026-05-05,10,03,22.2,76,27.9,48.0
451484,2026-05-05,10,04,22.2,76,28.0,48.0
451485,2026-05-05,10,05,22.2,76,28.4,47.0
451486,2026-05-05,10,06,22.2,76,29.3,46.0
451487,2026-05-05,10,07,22.2,76,30.6,44.0
451488,2026-05-05,10,08,22.2,76,31.5,42.0
451489,2026-05-05,10,09,22.2,76,31.8,42.0
451490,2026-05-05,10,10,22.2,76,31.6,42.0
451491,2026-05-05,10,11,22.2,76,30.8,43.0
451492,2026-05-05,10,12,22.2,76,30.1,44.0
451493,2026-05-05,10,13,22.2,76,29.5,45.0
451494,2026-05-05,10,14,22.2,76,28.9,46.0
451495,2026-05-05,10,15,22.2,76,28.6,47.0
451496,2026-05-05,10,16,22.2,75,28.3,47.0
451497,2026-05-05,10,17,22.2,75,28.2,48.0
451498,2026-05-05,10,18,22.2,75,28.3,47.0
451499,2026-05-05,10,19,22.2,75,28.5,47.0
451500,2026-05-05,10,20,22.2,75,28.6,47.0
451501,2026-05-05,10,21,22.2,75,28.6,47.0
451502,2026-05-05,10,22,22.2,75,28.5,47.0
451503,2026-05-05,10,23,22.2,75,28.4,47.0
451504,2026-05-05,10,24,22.2,75,28.3,47.0
451505,2026-05-05,10,25,22.2,75,28.3,47.0
451506,2026-05-05,10,26,22.2,75,28.3,47.0
451507,2026-05-05,10,27,22.2,75,28.4,47.0
451508,2026-05-05,10,28,22.2,74,28.4,47.0
451509,2026-05-05,10,29,22.2,74,28.3,47.0
451510,2026-05-05,10,30,22.3,74,28.3,47.0
451511,2026-05-05,10,31,22.3,74,28.4,47.0
451512,2026-05-05,10,32,22.3,74,28.5,47.0
451513,2026-05-05,10,33,22.6,74,28.6,47.0
451514,2026-05-05,10,34,22.6,74,28.6,47.0
451515,2026-05-05,10,35,22.6,74,28.7,47.0
451516,2026-05-05,10,36,22.6,74,28.7,47.0
451517,2026-05-05,10,37,22.6,74,28.8,47.0
451518,2026-05-05,10,38,22.6,74,28.7,47.0
451519,2026-05-05,10,39,22.6,74,28.7,47.0
451520,2026-05-05,10,40,22.6,74,28.7,47.0
451521,2026-05-05,10,41,22.6,73,28.7,47.0
451522,2026-05-05,10,42,22.6,73,28.7,47.0
451523,2026-05-05,10,43,22.6,73,28.7,47.0
451524,2026-05-05,10,44,22.6,73,28.7,47.0
451525,2026-05-05,10,45,23.0,73,28.7,47.0
451526,2026-05-05,10,46,23.0,73,28.6,47.0
451527,2026-05-05,10,47,23.0,73,28.6,47.0
451528,2026-05-05,10,48,23.0,73,28.5,47.0
451529,2026-05-05,10,49,23.0,73,28.4,47.0
451530,2026-05-05,10,50,22.7,73,28.3,47.0
451531,2026-05-05,10,51,22.6,73,28.3,48.0
451532,2026-05-05,10,52,22.7,73,28.3,48.0
451533,2026-05-05,10,53,23.0,73,28.2,48.0
451534,2026-05-05,10,54,23.0,73,28.2,48.0
451535,2026-05-05,10,55,23.0,73,28.3,48.0
451536,2026-05-05,10,56,23.0,73,28.3,48.0
451537,2026-05-05,10,57,23.0,73,28.3,48.0
451538,2026-05-05,10,58,23.0,73,28.2,48.0
451539,2026-05-05,10,59,23.0,73,28.2,48.0
451540,2026-05-05,11,00,23.0,73,28.2,48.0
451541,2026-05-05,11,01,23.0,73,28.3,48.0
451542,2026-05-05,11,02,23.0,73,28.3,48.0
451543,2026-05-05,11,03,23.0,73,28.4,48.0
451544,2026-05-05,11,04,23.0,73,28.4,48.0
451545,2026-05-05,11,05,23.0,73,28.4,48.0
451546,2026-05-05,11,06,23.0,73,28.4,48.0
451547,2026-05-05,11,07,23.0,73,28.3,48.0
451548,2026-05-05,11,08,23.0,73,28.4,48.0
451549,2026-05-05,11,09,23.0,73,28.5,48.0
451550,2026-05-05,11,10,23.0,73,28.6,48.0
451551,2026-05-05,11,11,23.0,73,28.6,48.0
451552,2026-05-05,11,12,23.0,73,28.7,48.0
451553,2026-05-05,11,13,23.0,73,28.8,47.0
451554,2026-05-05,11,14,23.0,73,28.9,47.0
451555,2026-05-05,11,15,23.4,73,28.9,47.0
451556,2026-05-05,11,16,23.4,73,28.8,47.0
451557,2026-05-05,11,17,23.4,73,28.8,47.0
451558,2026-05-05,11,18,23.4,73,28.8,47.0
451559,2026-05-05,11,19,23.4,73,28.6,48.0
451560,2026-05-05,11,20,23.4,73,28.6,48.0
451561,2026-05-05,11,21,23.4,73,28.5,48.0
451562,2026-05-05,11,22,23.4,73,28.4,48.0
451563,2026-05-05,11,23,23.4,73,28.4,48.0
451564,2026-05-05,11,24,23.4,73,28.4,48.0
451565,2026-05-05,11,25,23.4,73,28.3,48.0
451566,2026-05-05,11,26,23.4,73,28.3,49.0
451567,2026-05-05,11,27,23.4,73,28.2,49.0
451568,2026-05-05,11,28,23.4,73,28.0,49.0
451569,2026-05-05,11,29,23.4,73,27.9,49.0
451570,2026-05-05,11,30,23.4,73,27.8,49.0
451571,2026-05-05,11,31,23.4,73,27.8,50.0
451572,2026-05-05,11,32,23.4,73,27.8,50.0
451573,2026-05-05,11,33,23.4,73,27.9,50.0
451574,2026-05-05,11,34,23.4,73,27.9,50.0
451575,2026-05-05,11,35,23.4,73,27.9,49.0
451576,2026-05-05,11,36,23.4,73,27.9,49.0
451577,2026-05-05,11,37,23.4,73,27.9,50.0
451578,2026-05-05,11,38,23.4,73,27.7,50.0
451579,2026-05-05,11,39,23.4,73,27.6,50.0
451580,2026-05-05,11,40,23.4,73,27.5,50.0
451581,2026-05-05,11,41,23.4,73,27.4,50.0
451582,2026-05-05,11,42,23.4,73,27.3,51.0
451583,2026-05-05,11,43,23.4,73,27.3,51.0
451584,2026-05-05,11,44,23.4,73,27.2,51.0
451585,2026-05-05,11,45,23.4,73,27.1,51.0
451586,2026-05-05,11,46,23.4,73,27.1,51.0
451587,2026-05-05,11,47,23.4,73,27.0,51.0
451588,2026-05-05,11,48,23.4,73,26.9,52.0
451589,2026-05-05,11,49,23.4,73,26.9,52.0
451590,2026-05-05,11,50,23.4,73,26.9,52.0
451591,2026-05-05,11,51,23.4,73,26.9,52.0
451592,2026-05-05,11,52,23.4,73,26.9,52.0
451593,2026-05-05,11,53,23.4,73,26.8,52.0
451594,2026-05-05,11,54,23.4,73,26.8,52.0
451595,2026-05-05,11,55,23.4,73,26.8,52.0
451596,2026-05-05,11,56,23.4,73,26.8,52.0
451597,2026-05-05,11,57,23.4,73,26.8,52.0
451598,2026-05-05,11,58,23.4,73,26.9,52.0
451599,2026-05-05,11,59,23.4,73,27.0,51.0
451600,2026-05-05,12,00,23.4,73,27.1,51.0
451601,2026-05-05,12,01,23.4,73,27.1,51.0
451602,2026-05-05,12,02,23.4,73,27.1,51.0
451603,2026-05-05,12,03,23.4,73,27.1,51.0
451604,2026-05-05,12,04,23.4,73,27.0,51.0
451605,2026-05-05,12,05,23.4,73,26.9,51.0
451606,2026-05-05,12,06,23.4,73,26.8,52.0
451607,2026-05-05,12,07,23.4,72,26.7,52.0
451608,2026-05-05,12,08,23.4,73,26.6,52.0
451609,2026-05-05,12,09,23.4,72,26.6,52.0
451610,2026-05-05,12,10,23.4,72,26.5,52.0
451611,2026-05-05,12,11,23.4,72,26.5,52.0
451612,2026-05-05,12,12,23.4,72,26.5,52.0
451613,2026-05-05,12,13,23.4,72,26.5,52.0
451614,2026-05-05,12,14,23.4,72,26.6,52.0
451615,2026-05-05,12,15,23.4,73,26.7,52.0
451616,2026-05-05,12,16,23.4,73,26.8,51.0
451617,2026-05-05,12,17,23.4,73,27.0,51.0
451618,2026-05-05,12,18,23.4,73,27.1,51.0
451619,2026-05-05,12,19,23.4,73,27.2,51.0
451620,2026-05-05,12,20,23.4,72,27.3,51.0
451621,2026-05-05,12,21,23.4,72,27.4,50.0
451622,2026-05-05,12,22,23.4,72,27.5,50.0
451623,2026-05-05,12,23,23.4,72,27.6,50.0
451624,2026-05-05,12,24,23.8,72,27.7,50.0
451625,2026-05-05,12,25,23.8,72,27.8,50.0
451626,2026-05-05,12,26,23.8,72,27.8,50.0
451627,2026-05-05,12,27,23.8,72,27.7,50.0
451628,2026-05-05,12,28,23.8,72,27.6,50.0
451629,2026-05-05,12,29,23.8,72,27.5,50.0
451630,2026-05-05,12,30,23.8,72,27.5,50.0
451631,2026-05-05,12,31,23.8,72,27.5,50.0
451632,2026-05-05,12,32,23.8,72,27.5,50.0
451633,2026-05-05,12,33,23.8,72,27.5,50.0
451634,2026-05-05,12,34,23.8,72,27.5,50.0
451635,2026-05-05,12,35,24.1,72,27.5,51.0
451636,2026-05-05,12,36,24.1,72,27.4,51.0
451637,2026-05-05,12,37,24.1,72,27.4,51.0
451638,2026-05-05,12,38,24.1,72,27.4,51.0
451639,2026-05-05,12,39,24.1,73,27.4,51.0
451640,2026-05-05,12,40,24.1,73,27.3,51.0
451641,2026-05-05,12,41,24.1,73,27.3,52.0
451642,2026-05-05,12,42,24.1,73,27.2,52.0
451643,2026-05-05,12,43,24.1,73,27.2,52.0
451644,2026-05-05,12,44,24.1,73,27.1,52.0
451645,2026-05-05,12,45,24.1,73,27.1,53.0
451646,2026-05-05,12,46,24.1,74,27.0,53.0
451647,2026-05-05,12,47,24.1,74,26.9,53.0
451648,2026-05-05,12,48,24.1,74,26.8,53.0
451649,2026-05-05,12,49,24.1,75,26.8,52.0
451650,2026-05-05,12,50,24.1,75,26.7,52.0
451651,2026-05-05,12,51,24.1,75,26.7,53.0
451652,2026-05-05,12,52,24.1,75,26.6,53.0
451653,2026-05-05,12,53,24.1,76,26.6,54.0
451654,2026-05-05,12,54,24.1,76,26.5,54.0
451655,2026-05-05,12,55,24.1,76,26.4,55.0
451656,2026-05-05,12,56,24.1,77,26.4,56.0
451657,2026-05-05,12,57,24.1,77,26.3,56.0
451658,2026-05-05,12,58,24.1,77,26.3,56.0
451659,2026-05-05,12,59,24.1,77,26.2,56.0
451660,2026-05-05,13,00,24.1,77,26.1,56.0
451661,2026-05-05,13,01,24.1,77,26.0,56.0
451662,2026-05-05,13,02,24.1,77,25.9,57.0
451663,2026-05-05,13,03,24.1,77,25.9,57.0
451664,2026-05-05,13,04,24.1,78,25.9,58.0
451665,2026-05-05,13,05,24.1,78,25.9,58.0
451666,2026-05-05,13,06,24.1,78,26.0,58.0
451667,2026-05-05,13,07,24.1,78,26.1,59.0
451668,2026-05-05,13,08,24.1,78,26.2,58.0
451669,2026-05-05,13,09,24.1,79,26.4,58.0
451670,2026-05-05,13,10,24.1,79,26.5,58.0
451671,2026-05-05,13,11,24.1,79,26.5,58.0
451672,2026-05-05,13,12,24.1,79,26.6,57.0
451673,2026-05-05,13,13,24.1,79,26.6,57.0
451674,2026-05-05,13,14,24.1,79,26.7,57.0
451675,2026-05-05,13,15,24.1,79,26.7,56.0
451676,2026-05-05,13,16,24.1,79,26.7,56.0
451677,2026-05-05,13,17,24.1,80,26.7,57.0
451678,2026-05-05,13,18,24.1,80,26.7,58.0
451679,2026-05-05,13,19,24.1,80,26.8,58.0
451680,2026-05-05,13,20,24.1,80,26.8,58.0
451681,2026-05-05,13,21,24.1,80,26.9,57.0
451682,2026-05-05,13,22,24.1,81,26.9,57.0
451683,2026-05-05,13,23,24.1,81,26.9,57.0
451684,2026-05-05,13,24,24.1,81,26.9,57.0
451685,2026-05-05,13,25,24.1,81,26.9,58.0
451686,2026-05-05,13,26,24.1,81,26.8,57.0
451687,2026-05-05,13,27,24.1,81,26.7,58.0
451688,2026-05-05,13,28,24.1,81,26.6,59.0
451689,2026-05-05,13,29,24.1,81,26.6,59.0
451690,2026-05-05,13,30,24.1,81,26.5,59.0
451691,2026-05-05,13,31,24.1,81,26.5,58.0
451692,2026-05-05,13,32,24.1,81,26.4,58.0
451693,2026-05-05,13,33,24.1,81,26.3,59.0
451694,2026-05-05,13,34,24.1,81,26.3,59.0
451695,2026-05-05,13,35,24.1,81,26.3,60.0
451696,2026-05-05,13,36,24.1,81,26.3,60.0
451697,2026-05-05,13,37,24.1,81,26.3,59.0
451698,2026-05-05,13,38,24.1,81,26.3,59.0
451699,2026-05-05,13,39,24.1,81,26.3,60.0
451700,2026-05-05,13,40,24.1,81,26.3,58.0
451701,2026-05-05,13,41,24.1,82,26.3,59.0
451702,2026-05-05,13,42,24.1,82,26.3,58.0
451703,2026-05-05,13,43,24.1,81,26.3,59.0
451704,2026-05-05,13,44,24.1,81,26.3,59.0
451705,2026-05-05,13,45,24.1,81,26.3,59.0
451706,2026-05-05,13,46,24.1,81,26.3,59.0
451707,2026-05-05,13,47,24.1,81,26.3,60.0
451708,2026-05-05,13,48,24.1,81,26.3,59.0
451709,2026-05-05,13,49,24.1,81,26.3,59.0
451710,2026-05-05,13,50,24.1,81,26.3,60.0
451711,2026-05-05,13,51,24.1,81,26.3,60.0
451712,2026-05-05,13,52,24.1,81,26.3,60.0
451713,2026-05-05,13,53,24.1,81,26.3,59.0
451714,2026-05-05,13,54,24.1,81,26.3,59.0
451715,2026-05-05,13,55,24.1,81,26.3,59.0
451716,2026-05-05,13,56,24.1,81,26.3,59.0
451717,2026-05-05,13,57,24.1,81,26.4,59.0
451718,2026-05-05,13,58,24.1,81,26.4,59.0
451719,2026-05-05,13,59,24.1,81,26.5,59.0
451720,2026-05-05,14,00,24.1,81,26.5,59.0
451721,2026-05-05,14,01,24.1,81,26.6,58.0
451722,2026-05-05,14,02,24.1,81,26.7,58.0
451723,2026-05-05,14,03,24.1,81,26.8,58.0
451724,2026-05-05,14,04,24.1,81,26.9,58.0
451725,2026-05-05,14,05,24.1,81,27.0,58.0
451726,2026-05-05,14,06,24.1,81,27.0,58.0
451727,2026-05-05,14,07,24.1,80,27.0,57.0
451728,2026-05-05,14,08,24.1,80,27.1,57.0
451729,2026-05-05,14,09,24.1,80,27.1,57.0
451730,2026-05-05,14,10,24.1,80,27.1,56.0
451731,2026-05-05,14,11,24.1,80,27.1,56.0
451732,2026-05-05,14,12,24.1,80,27.2,56.0
451733,2026-05-05,14,13,24.1,80,27.3,55.0
451734,2026-05-05,14,14,24.1,79,27.4,55.0
451735,2026-05-05,14,15,24.1,79,27.4,55.0
451736,2026-05-05,14,16,24.1,79,27.5,55.0
451737,2026-05-05,14,17,24.1,79,27.5,55.0
451738,2026-05-05,14,18,24.1,78,27.6,55.0
451739,2026-05-05,14,19,24.1,78,27.6,55.0
451740,2026-05-05,14,20,24.1,78,27.5,55.0
451741,2026-05-05,14,21,24.1,77,27.4,55.0
451742,2026-05-05,14,22,24.1,77,27.3,55.0
451743,2026-05-05,14,23,24.1,77,27.2,55.0
451744,2026-05-05,14,24,24.1,77,27.2,55.0
451745,2026-05-05,14,25,24.1,77,27.1,55.0
451746,2026-05-05,14,26,24.1,77,27.0,56.0
451747,2026-05-05,14,27,24.1,77,26.9,56.0
451748,2026-05-05,14,28,24.1,77,26.8,56.0
451749,2026-05-05,14,29,24.1,77,26.6,56.0
451750,2026-05-05,14,30,24.1,77,26.5,56.0
451751,2026-05-05,14,31,24.1,77,26.4,56.0
451752,2026-05-05,14,32,24.1,77,26.2,56.0
451753,2026-05-05,14,33,24.1,77,26.1,57.0
451754,2026-05-05,14,34,24.1,77,25.9,56.0
451755,2026-05-05,14,37,24.1,77,25.7,57.0
451756,2026-05-05,14,38,24.1,76,25.6,57.0
451757,2026-05-05,14,39,24.1,76,25.6,57.0
451758,2026-05-05,14,40,24.1,76,25.6,57.0
451759,2026-05-05,14,41,24.1,77,25.5,58.0
451760,2026-05-05,14,42,24.1,76,25.4,58.0
451761,2026-05-05,14,43,24.1,76,25.3,58.0
451762,2026-05-05,14,44,24.1,76,25.2,58.0
451763,2026-05-05,14,45,24.1,76,25.2,59.0
451764,2026-05-05,14,46,24.1,76,25.1,59.0
451765,2026-05-05,14,47,24.1,76,25.1,59.0
451766,2026-05-05,14,48,24.1,76,25.0,59.0
451767,2026-05-05,14,49,24.1,76,24.9,59.0
451768,2026-05-05,14,50,24.1,76,24.9,59.0
451769,2026-05-05,14,51,24.1,76,24.8,59.0
451770,2026-05-05,14,52,24.1,76,24.7,59.0
451771,2026-05-05,14,53,24.1,76,24.7,59.0
451772,2026-05-05,14,54,24.1,75,24.7,59.0
451773,2026-05-05,14,55,24.1,75,24.7,59.0
451774,2026-05-05,14,56,24.1,75,24.6,59.0
451775,2026-05-05,14,57,24.1,75,24.6,59.0
451776,2026-05-05,14,58,24.1,75,24.6,59.0
451777,2026-05-05,14,59,24.1,75,24.5,59.0
451778,2026-05-05,15,00,24.1,75,24.5,59.0
451779,2026-05-05,15,01,24.1,75,24.5,59.0
451780,2026-05-05,15,02,24.1,75,24.5,59.0
451781,2026-05-05,15,03,24.1,75,24.5,59.0
451782,2026-05-05,15,04,24.1,75,24.5,59.0
451783,2026-05-05,15,05,24.1,75,24.5,59.0
451784,2026-05-05,15,06,24.1,75,24.5,59.0
451785,2026-05-05,15,07,24.1,74,24.4,59.0
451786,2026-05-05,15,08,24.1,74,24.4,60.0
451787,2026-05-05,15,09,24.1,74,24.4,60.0
451788,2026-05-05,15,10,24.1,74,24.4,60.0
451789,2026-05-05,15,11,24.1,74,24.3,60.0
451790,2026-05-05,15,12,24.1,74,24.3,60.0
451791,2026-05-05,15,13,24.1,74,24.3,60.0
451792,2026-05-05,15,14,24.1,74,24.3,60.0
451793,2026-05-05,15,15,24.1,74,24.3,60.0
451794,2026-05-05,15,16,24.1,74,24.2,60.0
451795,2026-05-05,15,17,24.1,74,24.2,60.0
451796,2026-05-05,15,18,24.1,74,24.2,60.0
451797,2026-05-05,15,19,24.1,74,24.1,60.0
451798,2026-05-05,15,20,24.1,73,24.1,60.0
451799,2026-05-05,15,21,24.1,73,24.1,60.0
451800,2026-05-05,15,22,24.1,73,24.1,60.0
451801,2026-05-05,15,23,24.1,73,24.1,60.0
451802,2026-05-05,15,24,24.1,73,24.1,60.0
451803,2026-05-05,15,25,24.1,73,24.1,60.0
451804,2026-05-05,15,26,24.1,73,24.1,59.0
451805,2026-05-05,15,27,24.1,73,24.1,59.0
451806,2026-05-05,15,28,24.1,73,24.2,59.0
451807,2026-05-05,15,29,24.1,73,24.2,59.0
451808,2026-05-05,15,30,24.1,73,24.3,59.0
451809,2026-05-05,15,31,23.9,73,24.2,59.0
451810,2026-05-05,15,32,23.8,73,24.2,59.0
451811,2026-05-05,15,33,23.8,73,24.3,59.0
451812,2026-05-05,15,34,23.8,73,24.3,59.0
451813,2026-05-05,15,35,23.8,73,24.3,58.0
451814,2026-05-05,15,36,23.8,73,24.3,58.0
451815,2026-05-05,15,37,23.8,73,24.2,58.0
451816,2026-05-05,15,38,23.8,73,24.2,58.0
451817,2026-05-05,15,39,23.8,73,24.2,58.0
451818,2026-05-05,15,40,23.8,73,24.2,58.0
451819,2026-05-05,15,41,23.8,73,24.2,58.0
451820,2026-05-05,15,42,23.8,73,24.1,59.0
451821,2026-05-05,15,43,23.8,73,24.1,59.0
451822,2026-05-05,15,44,23.8,73,24.1,59.0
451823,2026-05-05,15,45,23.8,73,24.1,59.0
451824,2026-05-05,15,46,23.8,73,24.1,59.0
451825,2026-05-05,15,47,23.8,73,24.1,59.0
451826,2026-05-05,15,48,23.8,73,24.1,59.0
451827,2026-05-05,15,49,23.8,73,24.1,59.0
451828,2026-05-05,15,50,23.8,73,24.0,59.0
451829,2026-05-05,15,51,23.8,73,24.0,59.0
451830,2026-05-05,15,52,23.8,73,24.0,59.0
451831,2026-05-05,15,53,23.8,73,24.0,59.0
451832,2026-05-05,15,54,23.8,73,24.0,59.0
451833,2026-05-05,15,55,23.8,73,23.9,59.0
451834,2026-05-05,15,56,23.8,73,23.9,59.0
451835,2026-05-05,15,57,23.8,73,23.9,59.0
451836,2026-05-05,15,58,23.8,73,23.9,59.0
451837,2026-05-05,15,59,23.8,73,23.9,59.0
451838,2026-05-05,16,00,23.8,73,23.9,59.0
451839,2026-05-05,16,01,23.8,73,23.9,59.0
451840,2026-05-05,16,02,23.8,73,23.8,59.0
451841,2026-05-05,16,03,23.8,72,23.8,59.0
451842,2026-05-05,16,04,23.8,72,23.8,59.0
451843,2026-05-05,16,05,23.8,72,23.9,59.0
451844,2026-05-05,16,06,23.8,72,23.9,59.0
451845,2026-05-05,16,07,23.8,72,23.9,59.0
451846,2026-05-05,16,08,23.8,72,23.9,59.0
451847,2026-05-05,16,09,23.8,72,24.0,59.0
451848,2026-05-05,16,10,23.8,72,24.0,59.0
451849,2026-05-05,16,11,23.8,72,24.0,59.0
451850,2026-05-05,16,12,23.8,72,24.0,59.0
451851,2026-05-05,16,13,23.8,72,24.1,59.0
451852,2026-05-05,16,14,23.8,72,24.1,59.0
451853,2026-05-05,16,15,23.8,72,24.1,59.0
451854,2026-05-05,16,16,23.8,72,24.2,59.0
451855,2026-05-05,16,17,23.8,72,24.2,59.0
451856,2026-05-05,16,18,23.8,72,24.2,59.0
451857,2026-05-05,16,19,23.8,72,24.3,59.0
451858,2026-05-05,16,20,23.8,72,24.3,59.0
451859,2026-05-05,16,21,23.8,72,24.3,59.0
451860,2026-05-05,16,22,23.8,72,24.4,59.0
451861,2026-05-05,16,23,23.8,72,24.4,59.0
451862,2026-05-05,16,24,23.8,72,24.4,59.0
451863,2026-05-05,16,25,23.8,72,24.5,59.0
451864,2026-05-05,16,26,23.8,72,24.5,58.0
451865,2026-05-05,16,27,23.8,72,24.5,58.0
451866,2026-05-05,16,28,23.8,72,24.5,58.0
451867,2026-05-05,16,29,23.8,72,24.6,58.0
451868,2026-05-05,16,30,23.9,72,24.6,58.0
451869,2026-05-05,16,31,24.0,71,24.6,58.0
451870,2026-05-05,16,32,24.1,71,24.6,58.0
451871,2026-05-05,16,33,24.1,71,24.6,58.0
451872,2026-05-05,16,34,24.1,72,24.6,58.0
451873,2026-05-05,16,35,24.1,72,24.5,59.0
451874,2026-05-05,16,36,24.1,72,24.5,59.0
451875,2026-05-05,16,37,24.1,72,24.5,59.0
451876,2026-05-05,16,38,24.1,72,24.5,59.0
451877,2026-05-05,16,39,24.1,72,24.5,59.0
451878,2026-05-05,16,40,24.1,72,24.4,59.0
451879,2026-05-05,16,41,24.1,72,24.3,59.0
451880,2026-05-05,16,42,24.1,72,24.3,59.0
451881,2026-05-05,16,44,24.1,72,24.2,59.0
451882,2026-05-05,16,45,24.1,72,24.2,59.0
451883,2026-05-05,16,46,24.1,72,24.2,60.0
451884,2026-05-05,16,47,24.1,72,24.2,60.0
451885,2026-05-05,16,48,24.1,72,24.2,60.0
451886,2026-05-05,16,49,24.1,72,24.2,59.0
451887,2026-05-05,16,50,24.1,72,24.2,59.0
451888,2026-05-05,16,51,24.1,72,24.2,59.0
451889,2026-05-05,16,52,24.1,72,24.2,59.0
451890,2026-05-05,16,53,24.1,72,24.3,59.0
451891,2026-05-05,16,54,24.1,72,24.3,59.0
451892,2026-05-05,16,55,24.1,72,24.3,59.0
451893,2026-05-05,16,56,24.1,72,24.3,59.0
451894,2026-05-05,16,57,24.1,72,24.3,59.0
451895,2026-05-05,16,58,24.1,72,24.3,59.0
451896,2026-05-05,16,59,24.1,72,24.4,59.0
451897,2026-05-05,17,00,24.1,72,24.4,59.0
451898,2026-05-05,17,01,24.1,72,24.4,59.0
451899,2026-05-05,17,02,24.1,72,24.4,59.0
451900,2026-05-05,17,03,24.1,72,24.4,59.0
451901,2026-05-05,17,04,24.1,72,24.4,59.0
451902,2026-05-05,17,05,24.1,72,24.3,59.0
451903,2026-05-05,17,06,24.1,72,24.4,59.0
451904,2026-05-05,17,07,24.1,72,24.4,59.0
451905,2026-05-05,17,08,24.1,72,24.3,59.0
451906,2026-05-05,17,09,24.1,72,24.3,59.0
451907,2026-05-05,17,10,24.1,72,24.3,59.0
451908,2026-05-05,17,11,24.1,72,24.3,59.0
451909,2026-05-05,17,12,24.1,72,24.3,59.0
451910,2026-05-05,17,13,24.1,72,24.3,59.0
451911,2026-05-05,17,14,24.1,72,24.3,59.0
451912,2026-05-05,17,15,24.1,72,24.3,60.0
451913,2026-05-05,17,16,24.1,72,24.3,60.0
451914,2026-05-05,17,17,24.1,72,24.3,60.0
451915,2026-05-05,17,18,24.1,72,24.3,60.0
451916,2026-05-05,17,19,24.1,72,24.3,60.0
451917,2026-05-05,17,20,24.1,72,24.2,60.0
451918,2026-05-05,17,21,24.1,72,24.2,60.0
451919,2026-05-05,17,22,24.1,72,24.2,60.0
451920,2026-05-05,17,23,24.1,72,24.2,60.0
451921,2026-05-05,17,24,24.1,72,24.2,60.0
451922,2026-05-05,17,25,24.1,72,24.1,60.0
451923,2026-05-05,17,26,24.1,72,24.1,60.0
451924,2026-05-05,17,27,24.1,72,24.1,60.0
451925,2026-05-05,17,28,24.1,72,24.1,60.0
451926,2026-05-05,17,29,24.1,72,24.0,60.0
451927,2026-05-05,17,30,24.1,72,24.0,60.0
451928,2026-05-05,17,31,24.1,72,24.0,60.0
451929,2026-05-05,17,32,24.1,72,24.0,60.0
451930,2026-05-05,17,33,24.1,72,23.9,60.0
451931,2026-05-05,17,34,24.1,72,23.9,60.0
451932,2026-05-05,17,35,24.1,72,23.9,61.0
451933,2026-05-05,17,36,24.1,72,23.8,61.0
451934,2026-05-05,17,37,24.1,72,23.8,61.0
451935,2026-05-05,17,38,24.1,72,23.8,61.0
451936,2026-05-05,17,39,24.1,72,23.7,61.0
451937,2026-05-05,17,40,24.1,72,23.7,61.0
451938,2026-05-05,17,41,24.1,72,23.6,61.0
451939,2026-05-05,17,42,24.1,72,23.6,61.0
451940,2026-05-05,17,43,24.1,72,23.6,61.0
451941,2026-05-05,17,44,24.1,72,23.5,61.0
451942,2026-05-05,17,45,24.1,72,23.5,61.0
451943,2026-05-05,17,46,24.0,72,23.4,61.0
451944,2026-05-05,17,47,23.8,72,23.4,62.0
451945,2026-05-05,17,48,23.8,72,23.3,62.0
451946,2026-05-05,17,49,23.8,72,23.3,62.0
451947,2026-05-05,17,50,23.8,72,23.2,62.0
451948,2026-05-05,17,51,23.8,72,23.2,62.0
451949,2026-05-05,17,52,23.8,72,23.1,62.0
451950,2026-05-05,17,53,23.8,72,23.1,62.0
451951,2026-05-05,17,54,23.8,72,23.0,62.0
451952,2026-05-05,17,55,23.8,72,23.0,62.0
451953,2026-05-05,17,56,23.8,72,22.9,63.0
451954,2026-05-05,17,57,23.8,72,22.9,63.0
451955,2026-05-05,17,58,23.8,72,22.9,63.0
451956,2026-05-05,17,59,23.8,72,22.8,63.0
451957,2026-05-05,18,00,23.8,72,22.8,63.0
451958,2026-05-05,18,01,23.8,72,22.8,63.0
451959,2026-05-05,18,02,23.8,72,22.7,63.0
451960,2026-05-05,18,03,23.8,72,22.7,63.0
451961,2026-05-05,18,04,23.8,72,22.7,63.0
451962,2026-05-05,18,05,23.8,72,22.6,63.0
451963,2026-05-05,18,06,23.8,72,22.6,63.0
451964,2026-05-05,18,07,23.8,72,22.6,63.0
451965,2026-05-05,18,08,23.8,72,22.6,63.0
451966,2026-05-05,18,09,23.8,72,22.6,64.0
451967,2026-05-05,18,10,23.8,72,22.6,64.0
451968,2026-05-05,18,11,23.8,72,22.6,64.0
451969,2026-05-05,18,12,23.8,72,22.5,64.0
451970,2026-05-05,18,13,23.8,72,22.5,64.0
451971,2026-05-05,18,14,23.8,72,22.5,64.0
451972,2026-05-05,18,15,23.8,72,22.5,64.0
451973,2026-05-05,18,16,23.8,72,22.5,64.0
451974,2026-05-05,18,17,23.8,72,22.4,64.0
451975,2026-05-05,18,18,23.8,72,22.4,64.0
451976,2026-05-05,18,19,23.8,72,22.4,64.0
451977,2026-05-05,18,20,23.8,72,22.4,64.0
451978,2026-05-05,18,21,23.8,72,22.4,65.0
451979,2026-05-05,18,22,23.8,72,22.3,65.0
451980,2026-05-05,18,23,23.8,72,22.3,65.0
451981,2026-05-05,18,24,23.8,72,22.3,65.0
451982,2026-05-05,18,25,23.8,72,22.3,65.0
451983,2026-05-05,18,26,23.8,72,22.3,65.0
451984,2026-05-05,18,27,23.8,72,22.3,65.0
451985,2026-05-05,18,28,23.8,72,22.2,65.0
451986,2026-05-05,18,29,23.8,72,22.2,65.0
451987,2026-05-05,18,30,23.8,71,22.2,65.0
451988,2026-05-05,18,31,23.8,72,22.2,65.0
451989,2026-05-05,18,32,23.8,72,22.2,65.0
451990,2026-05-05,18,33,23.8,72,22.1,65.0
451991,2026-05-05,18,34,23.8,72,22.1,65.0
451992,2026-05-05,18,35,23.8,72,22.1,65.0
451993,2026-05-05,18,36,23.8,72,22.1,65.0
451994,2026-05-05,18,37,23.8,72,22.1,65.0
451995,2026-05-05,18,38,23.8,72,22.1,65.0
451996,2026-05-05,18,39,23.8,72,22.0,65.0
451997,2026-05-05,18,40,23.8,72,22.0,65.0
451998,2026-05-05,18,41,23.8,72,22.0,65.0
451999,2026-05-05,18,42,23.8,72,22.0,65.0
452000,2026-05-05,18,43,23.8,72,22.0,65.0
452001,2026-05-05,18,44,23.8,72,21.9,65.0
452002,2026-05-05,18,45,23.8,72,21.9,65.0
452003,2026-05-05,18,46,23.8,72,21.9,65.0
452004,2026-05-05,18,47,23.8,72,21.9,65.0
452005,2026-05-05,18,48,23.8,72,21.9,65.0
452006,2026-05-05,18,49,23.8,72,21.8,65.0
452007,2026-05-05,18,50,23.8,72,21.8,65.0
452008,2026-05-05,18,51,23.8,72,21.8,65.0
452009,2026-05-05,18,52,23.8,72,21.8,65.0
452010,2026-05-05,18,53,23.8,72,21.8,66.0
452011,2026-05-05,18,54,23.8,72,21.8,66.0
452012,2026-05-05,18,55,23.8,72,21.8,66.0
452013,2026-05-05,18,56,23.8,72,21.8,67.0
452014,2026-05-05,18,57,23.8,72,21.7,66.0
452015,2026-05-05,18,58,23.8,72,21.7,67.0
452016,2026-05-05,18,59,23.8,72,21.7,67.0
452017,2026-05-05,19,00,23.8,72,21.7,67.0
452018,2026-05-05,19,01,23.8,72,21.7,67.0
452019,2026-05-05,19,02,23.8,72,21.7,67.0
452020,2026-05-05,19,03,23.8,72,21.7,67.0
452021,2026-05-05,19,04,23.8,72,21.7,67.0
452022,2026-05-05,19,05,23.7,72,21.7,68.0
452023,2026-05-05,19,06,23.6,72,21.6,68.0
452024,2026-05-05,19,07,23.5,72,21.6,68.0
452025,2026-05-05,19,08,23.5,72,21.6,68.0
452026,2026-05-05,19,09,23.4,72,21.6,68.0
452027,2026-05-05,19,10,23.4,72,21.6,68.0
452028,2026-05-05,19,11,23.4,72,21.6,68.0
452029,2026-05-05,19,12,23.4,72,21.6,68.0
452030,2026-05-05,19,13,23.4,72,21.6,68.0
452031,2026-05-05,19,14,23.4,72,21.5,68.0
452032,2026-05-05,19,15,23.4,72,21.5,68.0
452033,2026-05-05,19,16,23.4,72,21.5,68.0
452034,2026-05-05,19,17,23.4,72,21.5,68.0
452035,2026-05-05,19,18,23.4,72,21.5,68.0
452036,2026-05-05,19,19,23.4,72,21.5,69.0
452037,2026-05-05,19,20,23.4,73,21.5,69.0
452038,2026-05-05,19,21,23.4,73,21.5,69.0
452039,2026-05-05,19,22,23.4,73,21.5,69.0
452040,2026-05-05,19,24,23.4,73,21.5,69.0
452041,2026-05-05,19,25,23.4,73,21.4,69.0
452042,2026-05-05,19,26,23.4,73,21.4,69.0
452043,2026-05-05,19,27,23.4,73,21.4,69.0
452044,2026-05-05,19,28,23.4,73,21.4,69.0
452045,2026-05-05,19,29,23.4,73,21.4,69.0
452046,2026-05-05,19,30,23.4,73,21.4,69.0
452047,2026-05-05,19,31,23.4,73,21.4,69.0
452048,2026-05-05,19,32,23.4,73,21.4,69.0
452049,2026-05-05,19,33,23.4,73,21.3,69.0
452050,2026-05-05,19,34,23.4,73,21.3,69.0
452051,2026-05-05,19,35,23.4,73,21.3,69.0
452052,2026-05-05,19,36,23.4,73,21.3,69.0
452053,2026-05-05,19,37,23.4,73,21.3,69.0
452054,2026-05-05,19,38,23.4,73,21.3,69.0
452055,2026-05-05,19,39,23.4,73,21.2,69.0
452056,2026-05-05,19,40,23.4,73,21.2,69.0
452057,2026-05-05,19,41,23.4,73,21.2,69.0
452058,2026-05-05,19,42,23.4,73,21.2,69.0
452059,2026-05-05,19,43,23.4,73,21.2,69.0
452060,2026-05-05,19,44,23.4,73,21.2,69.0
452061,2026-05-05,19,45,23.4,73,21.2,69.0
452062,2026-05-05,19,46,23.4,73,21.2,69.0
452063,2026-05-05,19,47,23.4,73,21.1,69.0
452064,2026-05-05,19,48,23.4,73,21.1,69.0
452065,2026-05-05,19,49,23.4,73,21.1,69.0
452066,2026-05-05,19,50,23.4,73,21.1,69.0
452067,2026-05-05,19,51,23.4,73,21.1,69.0
452068,2026-05-05,19,52,23.4,73,21.1,69.0
452069,2026-05-05,19,53,23.4,73,21.0,69.0
452070,2026-05-05,19,54,23.4,73,21.0,69.0
452071,2026-05-05,19,55,23.4,73,21.0,69.0
452072,2026-05-05,19,56,23.4,73,21.0,69.0
452073,2026-05-05,19,57,23.4,73,21.0,69.0
452074,2026-05-05,19,58,23.4,73,21.0,69.0
452075,2026-05-05,19,59,23.4,73,21.0,69.0
452076,2026-05-05,20,00,23.4,73,21.0,70.0
452077,2026-05-05,20,01,23.4,73,21.0,70.0
452078,2026-05-05,20,02,23.4,73,21.0,70.0
452079,2026-05-05,20,03,23.4,73,21.0,70.0
452080,2026-05-05,20,04,23.4,73,20.9,70.0
452081,2026-05-05,20,05,23.4,73,20.9,70.0
452082,2026-05-05,20,06,23.4,73,20.9,70.0
452083,2026-05-05,20,07,23.4,73,20.9,70.0
452084,2026-05-05,20,08,23.4,73,20.9,70.0
452085,2026-05-05,20,09,23.4,73,20.9,70.0
452086,2026-05-05,20,10,23.4,73,20.9,70.0
452087,2026-05-05,20,11,23.4,73,20.9,70.0
452088,2026-05-05,20,12,23.4,73,20.9,70.0
452089,2026-05-05,20,13,23.4,73,20.9,70.0
452090,2026-05-05,20,14,23.4,73,20.9,70.0
452091,2026-05-05,20,15,23.4,73,20.9,70.0
452092,2026-05-05,20,16,23.4,73,20.8,70.0
452093,2026-05-05,20,17,23.4,73,20.8,70.0
452094,2026-05-05,20,18,23.4,73,20.8,70.0
452095,2026-05-05,20,19,23.4,73,20.8,70.0
452096,2026-05-05,20,20,23.4,73,20.8,70.0
452097,2026-05-05,20,21,23.1,73,20.8,70.0
452098,2026-05-05,20,22,23.1,73,20.8,70.0
452099,2026-05-05,20,23,23.0,73,20.8,70.0
452100,2026-05-05,20,24,23.0,73,20.8,70.0
452101,2026-05-05,20,25,23.0,73,20.8,70.0
452102,2026-05-05,20,26,23.0,73,20.8,70.0
452103,2026-05-05,20,27,23.0,73,20.8,70.0
452104,2026-05-05,20,28,23.0,73,20.7,70.0
452105,2026-05-05,20,29,23.0,73,20.7,70.0
452106,2026-05-05,20,30,23.0,73,20.7,70.0
452107,2026-05-05,20,31,23.0,73,20.7,70.0
452108,2026-05-05,20,32,23.0,73,20.7,70.0
452109,2026-05-05,20,33,23.0,73,20.7,70.0
452110,2026-05-05,20,34,23.0,73,20.7,70.0
452111,2026-05-05,20,35,23.0,73,20.7,70.0
452112,2026-05-05,20,36,23.0,73,20.7,70.0
452113,2026-05-05,20,37,23.0,73,20.7,70.0
452114,2026-05-05,20,38,23.0,73,20.6,70.0
452115,2026-05-05,20,39,23.0,73,20.6,70.0
452116,2026-05-05,20,40,23.0,73,20.6,70.0
452117,2026-05-05,20,41,23.0,73,20.6,70.0
452118,2026-05-05,20,42,23.0,73,20.6,70.0
452119,2026-05-05,20,43,23.0,73,20.6,70.0
452120,2026-05-05,20,44,23.0,73,20.6,70.0
452121,2026-05-05,20,45,23.0,73,20.6,70.0
452122,2026-05-05,20,46,23.0,73,20.6,70.0
452123,2026-05-05,20,47,23.0,73,20.6,70.0
452124,2026-05-05,20,48,23.0,73,20.5,70.0
452125,2026-05-05,20,49,23.0,73,20.5,70.0
452126,2026-05-05,20,50,23.0,73,20.5,70.0
452127,2026-05-05,20,51,23.0,73,20.5,70.0
452128,2026-05-05,20,52,23.0,73,20.5,70.0
452129,2026-05-05,20,53,23.0,73,20.5,70.0
452130,2026-05-05,20,54,23.0,73,20.5,70.0
452131,2026-05-05,20,55,23.0,73,20.5,70.0
452132,2026-05-05,20,56,23.0,73,20.5,70.0
452133,2026-05-05,20,57,23.0,73,20.5,70.0
452134,2026-05-05,20,58,23.0,73,20.5,70.0
452135,2026-05-05,20,59,23.0,73,20.5,70.0
452136,2026-05-05,21,00,23.0,73,20.4,70.0
452137,2026-05-05,21,01,23.0,73,20.4,70.0
452138,2026-05-05,21,02,23.0,73,20.4,70.0
452139,2026-05-05,21,03,23.0,73,20.4,70.0
452140,2026-05-05,21,04,23.0,73,20.4,70.0
452141,2026-05-05,21,05,23.0,73,20.4,70.0
452142,2026-05-05,21,06,23.0,73,20.4,70.0
452143,2026-05-05,21,07,23.0,73,20.4,70.0
452144,2026-05-05,21,08,23.0,73,20.4,70.0
452145,2026-05-05,21,09,23.0,73,20.4,70.0
452146,2026-05-05,21,10,23.0,73,20.3,70.0
452147,2026-05-05,21,11,23.0,73,20.3,70.0
452148,2026-05-05,21,12,23.0,73,20.3,70.0
452149,2026-05-05,21,13,23.0,73,20.3,70.0
452150,2026-05-05,21,14,23.0,73,20.3,70.0
452151,2026-05-05,21,15,23.0,73,20.3,70.0
452152,2026-05-05,21,16,23.0,73,20.3,70.0
452153,2026-05-05,21,17,23.0,73,20.3,70.0
452154,2026-05-05,21,18,23.0,73,20.2,70.0
452155,2026-05-05,21,19,23.0,73,20.2,70.0
452156,2026-05-05,21,20,23.0,73,20.2,70.0
452157,2026-05-05,21,21,23.0,73,20.2,70.0
452158,2026-05-05,21,22,23.0,73,20.2,70.0
452159,2026-05-05,21,23,23.0,73,20.2,70.0
452160,2026-05-05,21,24,23.0,73,20.2,70.0
452161,2026-05-05,21,25,22.8,73,20.2,70.0
452162,2026-05-05,21,26,22.7,73,20.2,70.0
452163,2026-05-05,21,27,22.7,73,20.2,70.0
452164,2026-05-05,21,28,22.6,73,20.2,70.0
452165,2026-05-05,21,29,22.6,73,20.2,70.0
452166,2026-05-05,21,30,22.6,73,20.2,70.0
452167,2026-05-05,21,31,22.6,73,20.1,70.0
452168,2026-05-05,21,32,22.6,73,20.1,70.0
452169,2026-05-05,21,33,22.6,73,20.1,70.0
452170,2026-05-05,21,34,22.6,73,20.1,70.0
452171,2026-05-05,21,35,22.6,73,20.1,70.0
452172,2026-05-05,21,36,22.6,73,20.1,70.0
452173,2026-05-05,21,37,22.6,73,20.1,70.0
452174,2026-05-05,21,38,22.6,72,20.1,70.0
452175,2026-05-05,21,39,22.6,72,20.1,70.0
452176,2026-05-05,21,40,22.6,72,20.0,70.0
452177,2026-05-05,21,41,22.6,72,20.0,70.0
452178,2026-05-05,21,42,22.6,72,20.0,70.0
452179,2026-05-05,21,43,22.6,72,20.0,70.0
452180,2026-05-05,21,44,22.6,72,20.0,70.0
452181,2026-05-05,21,45,22.6,72,20.0,70.0
452182,2026-05-05,21,46,22.6,72,20.0,70.0
452183,2026-05-05,21,47,22.6,72,20.0,70.0
452184,2026-05-05,21,48,22.6,72,20.0,70.0
452185,2026-05-05,21,49,22.6,72,19.9,70.0
452186,2026-05-05,21,50,22.6,72,19.9,70.0
452187,2026-05-05,21,51,22.6,72,19.9,70.0
452188,2026-05-05,21,52,22.6,72,19.9,70.0
452189,2026-05-05,21,53,22.6,72,19.9,70.0
452190,2026-05-05,21,54,22.6,72,19.9,70.0
452191,2026-05-05,21,55,22.6,72,19.9,70.0
452192,2026-05-05,21,56,22.6,72,19.9,70.0
452193,2026-05-05,21,57,22.6,72,19.8,70.0
452194,2026-05-05,21,58,22.6,72,19.8,70.0
452195,2026-05-05,21,59,22.6,72,19.8,70.0
452196,2026-05-05,22,00,22.6,72,19.8,70.0
452197,2026-05-05,22,01,22.6,72,19.8,70.0
452198,2026-05-05,22,02,22.6,72,19.8,70.0
452199,2026-05-05,22,03,22.6,72,19.8,70.0
452200,2026-05-05,22,04,22.6,72,19.8,70.0
452201,2026-05-05,22,05,22.6,72,19.8,70.0
452202,2026-05-05,22,06,22.6,72,19.8,70.0
452203,2026-05-05,22,07,22.6,72,19.8,70.0
452204,2026-05-05,22,08,22.6,72,19.8,70.0
452205,2026-05-05,22,09,22.6,72,19.7,70.0
452206,2026-05-05,22,10,22.6,72,19.7,70.0
452207,2026-05-05,22,11,22.6,72,19.7,70.0
452208,2026-05-05,22,12,22.6,72,19.7,70.0
452209,2026-05-05,22,13,22.6,72,19.7,70.0
452210,2026-05-05,22,14,22.6,72,19.7,70.0
452211,2026-05-05,22,15,22.6,72,19.7,70.0
452212,2026-05-05,22,16,22.6,72,19.7,70.0
452213,2026-05-05,22,17,22.6,72,19.7,70.0
452214,2026-05-05,22,18,22.6,72,19.7,70.0
452215,2026-05-05,22,19,22.6,72,19.7,70.0
452216,2026-05-05,22,20,22.4,72,19.7,70.0
452217,2026-05-05,22,21,22.3,72,19.7,70.0
452218,2026-05-05,22,22,22.3,72,19.7,70.0
452219,2026-05-05,22,23,22.2,72,19.6,70.0
452220,2026-05-05,22,24,22.2,72,19.6,70.0
452221,2026-05-05,22,25,22.2,72,19.6,70.0
452222,2026-05-05,22,26,22.2,72,19.6,70.0
452223,2026-05-05,22,27,22.2,72,19.6,70.0
452224,2026-05-05,22,28,22.2,72,19.6,70.0
452225,2026-05-05,22,29,22.2,72,19.6,70.0
452226,2026-05-05,22,30,22.2,72,19.6,70.0
452227,2026-05-05,22,31,22.2,72,19.6,70.0
452228,2026-05-05,22,32,22.2,72,19.6,70.0
452229,2026-05-05,22,33,22.2,72,19.6,70.0
452230,2026-05-05,22,34,22.2,72,19.6,70.0
452231,2026-05-05,22,35,22.2,72,19.6,70.0
452232,2026-05-05,22,36,22.2,72,19.6,70.0
452233,2026-05-05,22,37,22.2,72,19.6,70.0
452234,2026-05-05,22,38,22.2,72,19.6,70.0
452235,2026-05-05,22,39,22.2,72,19.6,70.0
452236,2026-05-05,22,40,22.2,72,19.6,70.0
452237,2026-05-05,22,41,22.2,72,19.6,70.0
452238,2026-05-05,22,42,22.2,72,19.6,70.0
452239,2026-05-05,22,43,22.2,72,19.6,70.0
452240,2026-05-05,22,44,22.2,72,19.6,70.0
452241,2026-05-05,22,45,22.2,72,19.6,70.0
452242,2026-05-05,22,46,22.2,72,19.6,70.0
452243,2026-05-05,22,47,22.2,72,19.5,70.0
452244,2026-05-05,22,48,22.2,72,19.5,70.0
452245,2026-05-05,22,49,22.2,71,19.5,70.0
452246,2026-05-05,22,50,22.2,71,19.5,70.0
452247,2026-05-05,22,51,22.2,71,19.5,70.0
452248,2026-05-05,22,52,22.2,71,19.5,70.0
452249,2026-05-05,22,53,22.2,71,19.5,70.0
452250,2026-05-05,22,54,22.2,71,19.5,70.0
452251,2026-05-05,22,55,22.2,71,19.5,70.0
452252,2026-05-05,22,56,22.2,71,19.5,70.0
452253,2026-05-05,22,57,22.2,71,19.4,70.0
452254,2026-05-05,22,58,22.2,71,19.4,70.0
452255,2026-05-05,22,59,22.2,71,19.4,70.0
452256,2026-05-05,23,00,22.2,71,19.4,70.0
452257,2026-05-05,23,01,22.2,71,19.4,70.0
452258,2026-05-05,23,02,22.2,71,19.4,70.0
452259,2026-05-05,23,03,22.2,71,19.4,70.0
452260,2026-05-05,23,04,22.2,71,19.4,70.0
452261,2026-05-05,23,05,22.2,71,19.4,70.0
452262,2026-05-05,23,06,22.2,71,19.4,70.0
452263,2026-05-05,23,07,22.2,71,19.4,70.0
452264,2026-05-05,23,08,22.2,71,19.4,70.0
452265,2026-05-05,23,09,22.2,71,19.4,70.0
452266,2026-05-05,23,10,22.2,71,19.3,70.0
452267,2026-05-05,23,11,22.2,71,19.3,70.0
452268,2026-05-05,23,12,22.2,71,19.3,70.0
452269,2026-05-05,23,13,22.2,71,19.3,70.0
452270,2026-05-05,23,14,22.2,71,19.3,70.0
452271,2026-05-05,23,15,22.2,71,19.3,70.0
452272,2026-05-05,23,16,22.2,71,19.3,70.0
452273,2026-05-05,23,17,22.2,71,19.3,70.0
452274,2026-05-05,23,18,22.2,71,19.3,70.0
452275,2026-05-05,23,19,22.2,71,19.3,70.0
452276,2026-05-05,23,20,22.2,71,19.3,70.0
452277,2026-05-05,23,21,22.0,71,19.3,70.0
452278,2026-05-05,23,22,21.9,71,19.3,70.0
452279,2026-05-05,23,23,21.8,71,19.3,70.0
452280,2026-05-05,23,24,21.8,71,19.3,70.0
452281,2026-05-05,23,25,21.8,71,19.2,71.0
452282,2026-05-05,23,26,21.8,71,19.3,71.0
452283,2026-05-05,23,27,21.8,72,19.2,71.0
452284,2026-05-05,23,28,21.8,72,19.2,71.0
452285,2026-05-05,23,29,21.8,72,19.2,71.0
452286,2026-05-05,23,30,21.8,72,19.2,71.0
452287,2026-05-05,23,31,21.8,72,19.2,71.0
452288,2026-05-05,23,32,21.8,72,19.2,71.0
452289,2026-05-05,23,33,21.8,72,19.2,71.0
452290,2026-05-05,23,34,21.8,72,19.2,71.0
452291,2026-05-05,23,35,21.8,72,19.2,71.0
452292,2026-05-05,23,36,21.8,72,19.2,71.0
452293,2026-05-05,23,37,21.8,72,19.2,71.0
452294,2026-05-05,23,38,21.8,72,19.2,71.0
452295,2026-05-05,23,39,21.8,72,19.2,71.0
452296,2026-05-05,23,40,21.8,72,19.2,71.0
452297,2026-05-05,23,41,21.8,72,19.2,71.0
452298,2026-05-05,23,42,21.8,72,19.2,71.0
452299,2026-05-05,23,43,21.8,72,19.1,71.0
452300,2026-05-05,23,44,21.8,72,19.1,71.0
452301,2026-05-05,23,45,21.8,72,19.1,71.0
452302,2026-05-05,23,46,21.8,72,19.1,71.0
452303,2026-05-05,23,47,21.8,72,19.1,71.0
452304,2026-05-05,23,48,21.8,72,19.1,71.0
452305,2026-05-05,23,49,21.8,72,19.1,71.0
452306,2026-05-05,23,50,21.8,72,19.1,71.0
452307,2026-05-05,23,51,21.8,72,19.1,71.0
452308,2026-05-05,23,52,21.8,72,19.1,71.0
452309,2026-05-05,23,53,21.8,72,19.1,71.0
452310,2026-05-05,23,54,21.8,72,19.1,71.0
452311,2026-05-05,23,55,21.8,72,19.0,71.0
452312,2026-05-05,23,56,21.8,72,19.0,71.0
452313,2026-05-05,23,57,21.8,72,19.0,71.0
452314,2026-05-05,23,58,21.8,72,19.0,71.0
452315,2026-05-05,23,59,21.8,72,19.0,71.0
452316,2026-05-06,00,00,21.8,72,19.0,71.0
452317,2026-05-06,00,01,21.8,72,19.0,71.0
452318,2026-05-06,00,02,21.8,72,19.0,71.0
452319,2026-05-06,00,03,21.8,72,19.0,71.0
452320,2026-05-06,00,04,21.8,72,19.0,71.0
452321,2026-05-06,00,05,21.8,72,19.0,71.0
452322,2026-05-06,00,06,21.8,72,19.0,71.0
452323,2026-05-06,00,07,21.8,72,19.0,71.0
452324,2026-05-06,00,08,21.8,72,19.0,71.0
452325,2026-05-06,00,09,21.8,72,19.0,71.0
452326,2026-05-06,00,10,21.8,72,19.0,71.0
452327,2026-05-06,00,11,21.8,72,19.0,71.0
452328,2026-05-06,00,12,21.8,72,19.1,71.0
452329,2026-05-06,00,13,21.8,72,19.1,71.0
452330,2026-05-06,00,14,21.8,73,19.0,71.0
452331,2026-05-06,00,15,21.8,73,19.1,71.0
452332,2026-05-06,00,16,21.8,73,19.1,71.0
452333,2026-05-06,00,17,21.8,73,19.1,71.0
452334,2026-05-06,00,18,21.8,73,19.1,71.0
452335,2026-05-06,00,19,21.8,73,19.1,71.0
452336,2026-05-06,00,20,21.8,73,19.1,71.0
452337,2026-05-06,00,21,21.8,73,19.1,71.0
452338,2026-05-06,00,22,21.8,73,19.1,71.0
452339,2026-05-06,00,23,21.8,73,19.1,71.0
452340,2026-05-06,00,24,21.8,73,19.1,71.0
452341,2026-05-06,00,25,21.8,73,19.1,71.0
452342,2026-05-06,00,26,21.6,73,19.0,71.0
452343,2026-05-06,00,27,21.5,73,19.0,71.0
452344,2026-05-06,00,28,21.5,73,19.0,71.0
452345,2026-05-06,00,29,21.5,73,19.0,71.0
452346,2026-05-06,00,30,21.4,73,19.0,71.0
452347,2026-05-06,00,31,21.4,73,19.0,71.0
452348,2026-05-06,00,33,21.4,73,19.0,71.0
452349,2026-05-06,00,34,21.4,73,19.0,71.0
452350,2026-05-06,00,35,21.4,73,18.9,71.0
452351,2026-05-06,00,36,21.4,73,18.9,71.0
452352,2026-05-06,00,37,21.4,73,19.0,71.0
452353,2026-05-06,00,38,21.4,73,19.0,71.0
452354,2026-05-06,00,39,21.4,73,19.0,71.0
452355,2026-05-06,00,40,21.4,73,19.0,71.0
452356,2026-05-06,00,41,21.4,73,19.0,71.0
452357,2026-05-06,00,42,21.4,73,19.0,71.0
452358,2026-05-06,00,43,21.4,73,19.0,71.0
452359,2026-05-06,00,44,21.4,73,19.0,71.0
452360,2026-05-06,00,45,21.4,73,19.0,71.0
452361,2026-05-06,00,46,21.4,73,19.0,71.0
452362,2026-05-06,00,47,21.4,73,19.0,71.0
452363,2026-05-06,00,48,21.4,73,19.0,71.0
452364,2026-05-06,00,49,21.4,73,19.0,71.0
452365,2026-05-06,00,50,21.4,73,19.0,71.0
452366,2026-05-06,00,51,21.4,73,19.0,71.0
452367,2026-05-06,00,52,21.4,73,19.0,71.0
452368,2026-05-06,00,53,21.4,73,19.0,71.0
452369,2026-05-06,00,54,21.4,73,19.0,71.0
452370,2026-05-06,00,55,21.4,73,19.0,71.0
452371,2026-05-06,00,56,21.4,73,18.9,71.0
452372,2026-05-06,00,57,21.4,73,19.0,71.0
452373,2026-05-06,00,58,21.4,73,19.0,71.0
452374,2026-05-06,00,59,21.4,73,18.9,71.0
452375,2026-05-06,01,00,21.4,73,18.9,71.0
452376,2026-05-06,01,01,21.4,73,18.9,71.0
452377,2026-05-06,01,02,21.4,73,18.9,71.0
452378,2026-05-06,01,03,21.4,73,18.9,71.0
452379,2026-05-06,01,04,21.4,73,18.9,71.0
452380,2026-05-06,01,05,21.4,73,18.9,71.0
452381,2026-05-06,01,06,21.4,73,18.9,71.0
452382,2026-05-06,01,07,21.4,73,18.9,71.0
452383,2026-05-06,01,08,21.4,73,18.9,71.0
452384,2026-05-06,01,09,21.4,73,18.9,71.0
452385,2026-05-06,01,10,21.4,73,19.0,71.0
452386,2026-05-06,01,11,21.4,73,19.0,71.0
452387,2026-05-06,01,12,21.4,73,19.0,71.0
452388,2026-05-06,01,13,21.4,73,19.0,70.0
452389,2026-05-06,01,14,21.4,73,19.0,70.0
452390,2026-05-06,01,15,21.4,73,19.0,70.0
452391,2026-05-06,01,16,21.4,73,19.0,70.0
452392,2026-05-06,01,17,21.4,73,19.0,70.0
452393,2026-05-06,01,18,21.4,73,19.0,70.0
452394,2026-05-06,01,19,21.4,73,19.0,70.0
452395,2026-05-06,01,20,21.4,73,19.0,70.0
452396,2026-05-06,01,21,21.4,73,19.0,70.0
452397,2026-05-06,01,22,21.4,73,19.0,70.0
452398,2026-05-06,01,23,21.4,73,19.0,70.0
452399,2026-05-06,01,24,21.4,73,19.0,70.0
452400,2026-05-06,01,25,21.4,73,19.0,70.0
452401,2026-05-06,01,26,21.4,73,19.0,70.0
452402,2026-05-06,01,27,21.4,73,19.0,70.0
452403,2026-05-06,01,28,21.4,73,19.1,70.0
452404,2026-05-06,01,29,21.4,73,19.1,70.0
452405,2026-05-06,01,30,21.4,73,19.1,70.0
452406,2026-05-06,01,31,21.4,73,19.1,70.0
452407,2026-05-06,01,32,21.4,73,19.1,70.0
452408,2026-05-06,01,33,21.4,73,19.1,70.0
452409,2026-05-06,01,34,21.4,73,19.1,70.0
452410,2026-05-06,01,35,21.4,73,19.1,70.0
452411,2026-05-06,01,36,21.4,73,19.1,70.0
452412,2026-05-06,01,37,21.4,73,19.1,70.0
452413,2026-05-06,01,38,21.4,73,19.1,70.0
452414,2026-05-06,01,39,21.4,73,19.1,70.0
452415,2026-05-06,01,40,21.4,73,19.1,70.0
452416,2026-05-06,01,41,21.4,73,19.1,70.0
452417,2026-05-06,01,42,21.4,73,19.1,70.0
452418,2026-05-06,01,43,21.4,73,19.1,70.0
452419,2026-05-06,01,44,21.4,73,19.1,70.0
452420,2026-05-06,01,45,21.4,73,19.1,70.0
452421,2026-05-06,01,46,21.4,73,19.0,70.0
452422,2026-05-06,01,47,21.4,73,19.0,70.0
452423,2026-05-06,01,48,21.4,73,19.0,70.0
452424,2026-05-06,01,49,21.4,73,19.0,70.0
452425,2026-05-06,01,50,21.4,73,19.0,70.0
452426,2026-05-06,01,51,21.4,73,19.0,70.0
452427,2026-05-06,01,52,21.4,73,19.0,70.0
452428,2026-05-06,01,53,21.4,73,19.0,70.0
452429,2026-05-06,01,54,21.4,73,19.0,70.0
452430,2026-05-06,01,55,21.4,73,19.0,70.0
452431,2026-05-06,01,56,21.4,73,19.0,70.0
452432,2026-05-06,01,57,21.4,73,19.0,70.0
452433,2026-05-06,01,58,21.4,73,19.0,70.0
452434,2026-05-06,01,59,21.4,73,19.0,70.0
452435,2026-05-06,02,00,21.4,73,19.0,70.0
452436,2026-05-06,02,01,21.4,73,19.0,70.0
452437,2026-05-06,02,02,21.4,73,19.0,70.0
452438,2026-05-06,02,03,21.4,73,19.0,71.0
452439,2026-05-06,02,04,21.4,73,19.0,70.0
452440,2026-05-06,02,05,21.4,73,19.0,70.0
452441,2026-05-06,02,06,21.4,73,19.0,70.0
452442,2026-05-06,02,07,21.4,73,19.0,70.0
452443,2026-05-06,02,08,21.4,73,19.0,70.0
452444,2026-05-06,02,09,21.4,73,19.0,70.0
452445,2026-05-06,02,10,21.4,73,19.0,70.0
452446,2026-05-06,02,11,21.2,73,19.0,70.0
452447,2026-05-06,02,12,21.1,73,19.0,70.0
452448,2026-05-06,02,13,21.1,73,19.0,70.0
452449,2026-05-06,02,14,21.1,73,19.0,70.0
452450,2026-05-06,02,15,21.1,73,19.0,70.0
452451,2026-05-06,02,16,21.0,73,19.0,70.0
452452,2026-05-06,02,17,21.0,73,19.0,70.0
452453,2026-05-06,02,18,21.0,73,19.0,70.0
452454,2026-05-06,02,19,21.0,73,19.0,70.0
452455,2026-05-06,02,20,21.0,73,19.0,70.0
452456,2026-05-06,02,21,21.0,73,19.0,70.0
452457,2026-05-06,02,22,21.0,73,19.0,70.0
452458,2026-05-06,02,23,21.0,73,19.0,70.0
452459,2026-05-06,02,24,21.0,73,19.0,70.0
452460,2026-05-06,02,25,21.0,73,19.0,70.0
452461,2026-05-06,02,26,21.0,73,19.0,70.0
452462,2026-05-06,02,27,21.0,73,19.0,70.0
452463,2026-05-06,02,28,21.0,73,19.0,70.0
452464,2026-05-06,02,29,21.0,73,19.0,70.0
452465,2026-05-06,02,30,21.0,73,19.0,70.0
452466,2026-05-06,02,31,21.0,73,18.9,70.0
452467,2026-05-06,02,32,21.0,73,18.9,70.0
452468,2026-05-06,02,33,21.0,73,18.9,70.0
452469,2026-05-06,02,34,21.0,73,18.9,70.0
452470,2026-05-06,02,35,21.0,73,18.9,70.0
452471,2026-05-06,02,36,21.0,73,18.9,70.0
452472,2026-05-06,02,37,21.0,73,18.8,71.0
452473,2026-05-06,02,38,21.0,73,18.8,70.0
452474,2026-05-06,02,39,21.0,73,18.8,71.0
452475,2026-05-06,02,40,21.0,73,18.8,71.0
452476,2026-05-06,02,41,21.0,73,18.8,71.0
452477,2026-05-06,02,42,21.0,73,18.8,71.0
452478,2026-05-06,02,43,21.0,73,18.8,71.0
452479,2026-05-06,02,44,21.0,73,18.8,71.0
452480,2026-05-06,02,45,21.0,73,18.8,71.0
452481,2026-05-06,02,46,21.0,73,18.7,71.0
452482,2026-05-06,02,47,21.0,73,18.7,71.0
452483,2026-05-06,02,48,21.0,73,18.7,71.0
452484,2026-05-06,02,49,21.0,73,18.7,71.0
452485,2026-05-06,02,50,21.0,73,18.7,71.0
452486,2026-05-06,02,51,21.0,73,18.7,71.0
452487,2026-05-06,02,52,21.0,73,18.7,71.0
452488,2026-05-06,02,53,21.0,73,18.7,71.0
452489,2026-05-06,02,54,21.0,73,18.7,71.0
452490,2026-05-06,02,55,21.0,73,18.6,71.0
452491,2026-05-06,02,56,21.0,73,18.6,71.0
452492,2026-05-06,02,57,21.0,73,18.6,71.0
452493,2026-05-06,02,58,21.0,73,18.6,71.0
452494,2026-05-06,02,59,21.0,73,18.6,71.0
452495,2026-05-06,03,00,21.0,73,18.6,71.0
452496,2026-05-06,03,01,21.0,73,18.6,71.0
452497,2026-05-06,03,02,21.0,73,18.6,71.0
452498,2026-05-06,03,03,21.0,73,18.6,71.0
452499,2026-05-06,03,04,21.0,73,18.6,71.0
452500,2026-05-06,03,05,21.0,73,18.5,71.0
452501,2026-05-06,03,06,21.0,73,18.5,71.0
452502,2026-05-06,03,07,21.0,73,18.5,71.0
452503,2026-05-06,03,08,21.0,73,18.5,71.0
452504,2026-05-06,03,09,21.0,73,18.5,71.0
452505,2026-05-06,03,10,21.0,73,18.5,71.0
452506,2026-05-06,03,11,21.0,73,18.5,71.0
452507,2026-05-06,03,12,21.0,73,18.5,71.0
452508,2026-05-06,03,13,21.0,73,18.5,71.0
452509,2026-05-06,03,14,21.0,73,18.5,71.0
452510,2026-05-06,03,15,21.0,73,18.5,71.0
452511,2026-05-06,03,16,21.0,73,18.5,71.0
452512,2026-05-06,03,17,21.0,73,18.4,71.0
452513,2026-05-06,03,18,21.0,73,18.4,71.0
452514,2026-05-06,03,19,21.0,73,18.5,71.0
452515,2026-05-06,03,20,21.0,73,18.4,71.0
452516,2026-05-06,03,21,21.0,73,18.5,71.0
452517,2026-05-06,03,22,21.0,73,18.4,71.0
452518,2026-05-06,03,23,21.0,73,18.4,71.0
452519,2026-05-06,03,24,21.0,73,18.4,71.0
452520,2026-05-06,03,25,21.0,73,18.4,71.0
452521,2026-05-06,03,26,21.0,73,18.4,71.0
452522,2026-05-06,03,27,21.0,73,18.4,71.0
452523,2026-05-06,03,28,21.0,73,18.4,71.0
452524,2026-05-06,03,29,21.0,73,18.4,71.0
452525,2026-05-06,03,30,21.0,73,18.4,71.0
452526,2026-05-06,03,31,21.0,73,18.4,71.0
452527,2026-05-06,03,32,21.0,73,18.4,71.0
452528,2026-05-06,03,33,21.0,73,18.4,71.0
452529,2026-05-06,03,34,21.0,73,18.5,71.0
452530,2026-05-06,03,35,21.0,73,18.5,71.0
452531,2026-05-06,03,36,21.0,73,18.5,71.0
452532,2026-05-06,03,37,21.0,73,18.5,71.0
452533,2026-05-06,03,38,21.0,73,18.5,71.0
452534,2026-05-06,03,39,21.0,73,18.4,71.0
452535,2026-05-06,03,40,21.0,73,18.5,71.0
452536,2026-05-06,03,41,21.0,73,18.4,71.0
452537,2026-05-06,03,42,21.0,73,18.4,71.0
452538,2026-05-06,03,43,21.0,73,18.4,71.0
452539,2026-05-06,03,44,20.7,74,18.4,71.0
452540,2026-05-06,03,45,20.6,74,18.4,71.0
452541,2026-05-06,03,46,20.6,74,18.4,71.0
452542,2026-05-06,03,47,20.6,74,18.4,71.0
452543,2026-05-06,03,48,20.6,74,18.4,71.0
452544,2026-05-06,03,49,20.6,74,18.4,71.0
452545,2026-05-06,03,50,20.6,74,18.4,71.0
452546,2026-05-06,03,51,20.6,74,18.4,71.0
452547,2026-05-06,03,52,20.6,74,18.4,71.0
452548,2026-05-06,03,53,20.6,74,18.4,71.0
452549,2026-05-06,03,54,20.6,74,18.4,71.0
452550,2026-05-06,03,55,20.6,74,18.4,71.0
452551,2026-05-06,03,56,20.6,74,18.4,71.0
452552,2026-05-06,03,57,20.6,74,18.4,71.0
452553,2026-05-06,03,58,20.6,74,18.4,71.0
452554,2026-05-06,03,59,20.6,74,18.4,71.0
452555,2026-05-06,04,00,20.6,74,18.5,71.0
452556,2026-05-06,04,01,20.6,74,18.5,71.0
452557,2026-05-06,04,02,20.6,74,18.5,71.0
452558,2026-05-06,04,03,20.6,74,18.5,71.0
452559,2026-05-06,04,04,20.6,74,18.5,71.0
452560,2026-05-06,04,05,20.6,74,18.5,71.0
452561,2026-05-06,04,06,20.6,74,18.5,71.0
452562,2026-05-06,04,07,20.6,74,18.5,71.0
452563,2026-05-06,04,09,20.6,74,18.5,71.0
452564,2026-05-06,04,10,20.6,74,18.5,71.0
452565,2026-05-06,04,11,20.6,74,18.5,71.0
452566,2026-05-06,04,12,20.6,74,18.5,71.0
452567,2026-05-06,04,13,20.6,74,18.5,71.0
452568,2026-05-06,04,14,20.6,74,18.5,71.0
452569,2026-05-06,04,15,20.6,74,18.5,71.0
452570,2026-05-06,04,16,20.6,74,18.5,71.0
452571,2026-05-06,04,17,20.6,74,18.5,71.0
452572,2026-05-06,04,18,20.6,74,18.5,71.0
452573,2026-05-06,04,19,20.6,74,18.5,71.0
452574,2026-05-06,04,20,20.6,74,18.5,71.0
452575,2026-05-06,04,21,20.6,74,18.5,71.0
452576,2026-05-06,04,22,20.6,74,18.5,71.0
452577,2026-05-06,04,23,20.6,74,18.5,71.0
452578,2026-05-06,04,24,20.6,74,18.5,71.0
452579,2026-05-06,04,25,20.6,74,18.5,71.0
452580,2026-05-06,04,26,20.6,74,18.5,71.0
452581,2026-05-06,04,27,20.6,74,18.4,71.0
452582,2026-05-06,04,28,20.6,74,18.4,71.0
452583,2026-05-06,04,29,20.6,74,18.4,71.0
452584,2026-05-06,04,30,20.6,74,18.4,71.0
452585,2026-05-06,04,31,20.6,74,18.4,71.0
452586,2026-05-06,04,32,20.6,74,18.4,71.0
452587,2026-05-06,04,33,20.6,74,18.4,71.0
452588,2026-05-06,04,34,20.6,74,18.4,71.0
452589,2026-05-06,04,35,20.6,74,18.3,71.0
452590,2026-05-06,04,37,20.6,74,18.3,71.0
452591,2026-05-06,04,38,20.6,74,18.3,71.0
452592,2026-05-06,04,39,20.6,74,18.3,71.0
452593,2026-05-06,04,40,20.6,74,18.3,71.0
452594,2026-05-06,04,41,20.6,74,18.2,71.0
452595,2026-05-06,04,42,20.6,74,18.2,71.0
452596,2026-05-06,04,43,20.6,74,18.2,71.0
452597,2026-05-06,04,44,20.6,74,18.2,71.0
452598,2026-05-06,04,45,20.6,74,18.2,71.0
452599,2026-05-06,04,46,20.6,74,18.2,71.0
452600,2026-05-06,04,47,20.6,74,18.2,71.0
452601,2026-05-06,04,48,20.6,74,18.2,71.0
452602,2026-05-06,04,49,20.6,74,18.2,71.0
452603,2026-05-06,04,50,20.6,74,18.2,71.0
452604,2026-05-06,04,51,20.6,74,18.2,71.0
452605,2026-05-06,04,52,20.6,74,18.2,71.0
452606,2026-05-06,04,53,20.6,74,18.2,71.0
452607,2026-05-06,04,54,20.6,74,18.2,71.0
452608,2026-05-06,04,55,20.6,74,18.2,71.0
452609,2026-05-06,04,56,20.6,74,18.1,71.0
452610,2026-05-06,04,57,20.6,74,18.1,71.0
452611,2026-05-06,04,58,20.6,74,18.2,71.0
452612,2026-05-06,04,59,20.6,74,18.2,71.0
452613,2026-05-06,05,00,20.6,74,18.2,71.0
452614,2026-05-06,05,01,20.6,74,18.2,71.0
452615,2026-05-06,05,02,20.6,74,18.2,71.0
452616,2026-05-06,05,03,20.6,74,18.2,71.0
452617,2026-05-06,05,04,20.6,74,18.2,71.0
452618,2026-05-06,05,05,20.6,74,18.2,71.0
452619,2026-05-06,05,06,20.6,74,18.2,71.0
452620,2026-05-06,05,07,20.6,74,18.2,71.0
452621,2026-05-06,05,08,20.6,74,18.2,71.0
452622,2026-05-06,05,09,20.6,74,18.2,71.0
452623,2026-05-06,05,10,20.6,74,18.2,71.0
452624,2026-05-06,05,11,20.6,74,18.3,71.0
452625,2026-05-06,05,12,20.6,74,18.3,71.0
452626,2026-05-06,05,13,20.6,74,18.3,71.0
452627,2026-05-06,05,14,20.6,74,18.3,71.0
452628,2026-05-06,05,15,20.6,74,18.3,71.0
452629,2026-05-06,05,16,20.6,74,18.3,71.0
452630,2026-05-06,05,17,20.6,74,18.3,71.0
452631,2026-05-06,05,18,20.6,74,18.3,71.0
452632,2026-05-06,05,19,20.6,74,18.3,71.0
452633,2026-05-06,05,20,20.6,74,18.4,71.0
452634,2026-05-06,05,21,20.6,74,18.3,71.0
452635,2026-05-06,05,22,20.6,74,18.3,71.0
452636,2026-05-06,05,23,20.6,74,18.3,71.0
452637,2026-05-06,05,24,20.6,74,18.3,71.0
452638,2026-05-06,05,25,20.6,74,18.3,71.0
452639,2026-05-06,05,26,20.6,74,18.3,71.0
452640,2026-05-06,05,27,20.6,74,18.3,71.0
452641,2026-05-06,05,28,20.6,74,18.4,71.0
452642,2026-05-06,05,29,20.6,74,18.4,71.0
452643,2026-05-06,05,30,20.6,74,18.4,71.0
452644,2026-05-06,05,31,20.6,74,18.3,71.0
452645,2026-05-06,05,32,20.6,74,18.4,71.0
452646,2026-05-06,05,33,20.6,74,18.4,71.0
452647,2026-05-06,05,34,20.6,74,18.4,71.0
452648,2026-05-06,05,35,20.6,74,18.4,71.0
452649,2026-05-06,05,36,20.6,74,18.4,71.0
452650,2026-05-06,05,37,20.6,74,18.4,71.0
452651,2026-05-06,05,38,20.6,74,18.4,70.0
452652,2026-05-06,05,39,20.6,74,18.4,70.0
452653,2026-05-06,05,40,20.6,74,18.4,70.0
452654,2026-05-06,05,41,20.6,74,18.4,70.0
452655,2026-05-06,05,42,20.6,74,18.4,70.0
452656,2026-05-06,05,43,20.6,74,18.4,70.0
452657,2026-05-06,05,44,20.6,74,18.4,70.0
452658,2026-05-06,05,45,20.6,74,18.4,70.0
452659,2026-05-06,05,46,20.6,74,18.4,70.0
452660,2026-05-06,05,47,20.6,74,18.4,70.0
452661,2026-05-06,05,48,20.6,74,18.4,70.0
452662,2026-05-06,05,49,20.6,74,18.4,70.0
452663,2026-05-06,05,50,20.6,74,18.4,70.0
452664,2026-05-06,05,51,20.6,74,18.4,70.0
452665,2026-05-06,05,52,20.6,74,18.5,70.0
452666,2026-05-06,05,53,20.6,74,18.5,70.0
452667,2026-05-06,05,54,20.6,74,18.5,70.0
452668,2026-05-06,05,55,20.6,74,18.4,70.0
452669,2026-05-06,05,56,20.6,74,18.4,70.0
452670,2026-05-06,05,57,20.6,74,18.4,70.0
452671,2026-05-06,05,58,20.6,74,18.4,70.0
452672,2026-05-06,05,59,20.6,74,18.4,70.0
452673,2026-05-06,06,00,20.6,74,18.4,70.0
452674,2026-05-06,06,01,20.6,74,18.4,70.0
452675,2026-05-06,06,02,20.6,74,18.4,70.0
452676,2026-05-06,06,03,20.6,74,18.4,70.0
452677,2026-05-06,06,04,20.6,74,18.4,70.0
452678,2026-05-06,06,05,20.6,74,18.4,70.0
452679,2026-05-06,06,06,20.6,74,18.3,70.0
452680,2026-05-06,06,07,20.6,74,18.4,70.0
452681,2026-05-06,06,08,20.6,74,18.3,70.0
452682,2026-05-06,06,09,20.6,74,18.4,71.0
452683,2026-05-06,06,10,20.6,74,18.3,71.0
452684,2026-05-06,06,11,20.6,74,18.3,71.0
452685,2026-05-06,06,12,20.6,74,18.3,70.0
452686,2026-05-06,06,13,20.6,74,18.3,71.0
452687,2026-05-06,06,14,20.6,74,18.3,71.0
452688,2026-05-06,06,15,20.6,74,18.3,71.0
452689,2026-05-06,06,16,20.6,74,18.3,70.0
452690,2026-05-06,06,17,20.6,74,18.3,71.0
452691,2026-05-06,06,18,20.6,74,18.3,70.0
452692,2026-05-06,06,19,20.6,74,18.3,70.0
452693,2026-05-06,06,20,20.6,74,18.3,70.0
452694,2026-05-06,06,21,20.6,74,18.3,70.0
452695,2026-05-06,06,22,20.6,74,18.3,70.0
452696,2026-05-06,06,23,20.6,74,18.3,70.0
452697,2026-05-06,06,24,20.6,74,18.3,70.0
452698,2026-05-06,06,25,20.6,74,18.3,70.0
452699,2026-05-06,06,26,20.6,74,18.3,70.0
452700,2026-05-06,06,27,20.2,74,18.4,70.0
452701,2026-05-06,06,28,20.2,74,18.4,70.0
452702,2026-05-06,06,29,20.2,74,18.4,70.0
452703,2026-05-06,06,30,20.2,74,18.4,70.0
452704,2026-05-06,06,31,20.2,74,18.4,70.0
452705,2026-05-06,06,32,20.2,74,18.4,70.0
452706,2026-05-06,06,33,20.2,74,18.4,70.0
452707,2026-05-06,06,34,20.2,74,18.4,70.0
452708,2026-05-06,06,35,20.2,74,18.4,70.0
452709,2026-05-06,06,36,20.2,74,18.4,70.0
452710,2026-05-06,06,37,20.2,74,18.5,70.0
452711,2026-05-06,06,38,20.2,74,18.5,70.0
452712,2026-05-06,06,39,20.2,74,18.5,70.0
452713,2026-05-06,06,40,20.2,74,18.5,70.0
452714,2026-05-06,06,41,20.2,74,18.5,70.0
452715,2026-05-06,06,42,20.2,74,18.5,70.0
452716,2026-05-06,06,43,20.2,74,18.5,70.0
452717,2026-05-06,06,44,20.2,74,18.5,70.0
452718,2026-05-06,06,45,20.2,74,18.5,70.0
452719,2026-05-06,06,46,20.2,74,18.6,70.0
452720,2026-05-06,06,47,20.2,74,18.6,70.0
452721,2026-05-06,06,48,20.2,74,18.6,69.0
452722,2026-05-06,06,49,20.2,74,18.7,69.0
452723,2026-05-06,06,50,20.2,74,18.7,69.0
452724,2026-05-06,06,51,20.2,74,18.7,69.0
452725,2026-05-06,06,52,20.2,74,18.7,69.0
452726,2026-05-06,06,53,20.3,74,18.8,69.0
452727,2026-05-06,06,54,20.4,74,18.8,69.0
452728,2026-05-06,06,55,20.6,74,18.8,69.0
452729,2026-05-06,06,56,20.4,74,18.8,69.0
452730,2026-05-06,06,57,20.3,74,18.9,69.0
452731,2026-05-06,06,58,20.2,74,18.9,69.0
452732,2026-05-06,06,59,20.2,74,18.9,68.0
452733,2026-05-06,07,00,20.2,74,19.0,68.0
452734,2026-05-06,07,01,20.2,74,19.0,68.0
452735,2026-05-06,07,02,20.2,74,19.0,68.0
452736,2026-05-06,07,03,20.2,74,19.1,68.0
452737,2026-05-06,07,04,20.2,74,19.1,68.0
452738,2026-05-06,07,05,20.2,74,19.1,68.0
452739,2026-05-06,07,06,20.2,74,19.1,68.0
452740,2026-05-06,07,07,20.2,74,19.1,68.0
452741,2026-05-06,07,08,20.2,74,19.2,68.0
452742,2026-05-06,07,09,20.2,74,19.2,68.0
452743,2026-05-06,07,10,20.2,74,19.2,68.0
452744,2026-05-06,07,11,20.2,74,19.2,68.0
452745,2026-05-06,07,12,20.2,74,19.3,68.0
452746,2026-05-06,07,13,20.2,74,19.3,68.0
452747,2026-05-06,07,14,20.3,74,19.3,68.0
452748,2026-05-06,07,15,20.4,74,19.3,68.0
452749,2026-05-06,07,16,20.6,74,19.3,68.0
452750,2026-05-06,07,17,20.6,74,19.4,68.0
452751,2026-05-06,07,18,20.6,74,19.4,68.0
452752,2026-05-06,07,19,20.6,74,19.4,68.0
452753,2026-05-06,07,20,20.6,74,19.4,69.0
452754,2026-05-06,07,21,20.6,74,19.4,69.0
452755,2026-05-06,07,22,20.6,75,19.4,69.0
452756,2026-05-06,07,23,20.6,75,19.4,69.0
452757,2026-05-06,07,24,20.6,75,19.4,69.0
452758,2026-05-06,07,25,20.6,75,19.4,69.0
452759,2026-05-06,07,26,20.6,76,19.4,69.0
452760,2026-05-06,07,27,20.6,76,19.4,69.0
452761,2026-05-06,07,28,20.6,76,19.5,69.0
452762,2026-05-06,07,29,20.6,76,19.5,69.0
452763,2026-05-06,07,30,20.6,76,19.5,69.0
452764,2026-05-06,07,31,20.6,77,19.6,69.0
452765,2026-05-06,07,32,20.6,77,19.6,69.0
452766,2026-05-06,07,33,20.6,77,19.6,69.0
452767,2026-05-06,07,34,20.6,77,19.6,70.0
452768,2026-05-06,07,35,20.6,77,19.6,70.0
452769,2026-05-06,07,36,20.6,77,19.6,70.0
452770,2026-05-06,07,37,20.6,78,19.6,70.0
452771,2026-05-06,07,38,20.6,78,19.6,70.0
452772,2026-05-06,07,39,20.6,78,19.6,70.0
452773,2026-05-06,07,40,20.6,78,19.6,70.0
452774,2026-05-06,07,41,20.6,78,19.6,70.0
452775,2026-05-06,07,42,20.6,78,19.6,70.0
452776,2026-05-06,07,43,20.6,78,19.6,70.0
452777,2026-05-06,07,44,20.6,78,19.6,69.0
452778,2026-05-06,07,45,20.6,78,19.6,69.0
452779,2026-05-06,07,46,20.6,78,19.6,69.0
452780,2026-05-06,07,47,20.6,78,19.6,69.0
452781,2026-05-06,07,48,20.6,78,19.6,69.0
452782,2026-05-06,07,49,20.6,78,19.6,69.0
452783,2026-05-06,07,50,20.6,78,19.7,69.0
452784,2026-05-06,07,51,20.6,78,19.7,69.0
452785,2026-05-06,07,52,20.6,78,19.6,69.0
452786,2026-05-06,07,53,20.6,78,19.7,69.0
452787,2026-05-06,07,54,20.6,77,19.7,69.0
452788,2026-05-06,07,55,20.6,78,19.7,69.0
452789,2026-05-06,07,56,20.6,78,19.7,69.0
452790,2026-05-06,07,57,20.6,78,19.7,69.0
452791,2026-05-06,07,58,20.6,77,19.7,69.0
452792,2026-05-06,07,59,20.6,77,19.7,69.0
452793,2026-05-06,08,00,20.6,77,19.7,69.0
452794,2026-05-06,08,01,20.6,77,19.8,69.0
452795,2026-05-06,08,02,20.6,77,19.8,69.0
452796,2026-05-06,08,03,20.6,77,19.8,69.0
452797,2026-05-06,08,04,20.6,77,19.8,68.0
452798,2026-05-06,08,05,20.6,77,19.9,68.0
452799,2026-05-06,08,06,20.6,77,19.9,68.0
452800,2026-05-06,08,07,20.6,77,19.9,68.0
452801,2026-05-06,08,08,20.6,77,20.0,68.0
452802,2026-05-06,08,09,20.6,77,20.0,68.0
452803,2026-05-06,08,10,20.6,77,20.0,68.0
452804,2026-05-06,08,11,20.6,77,20.1,68.0
452805,2026-05-06,08,12,20.6,77,20.1,68.0
452806,2026-05-06,08,13,20.6,77,20.1,68.0
452807,2026-05-06,08,14,20.6,77,20.1,67.0
452808,2026-05-06,08,15,20.6,77,20.2,67.0
452809,2026-05-06,08,16,20.6,77,20.2,67.0
452810,2026-05-06,08,17,20.6,77,20.3,67.0
452811,2026-05-06,08,18,20.6,77,20.3,67.0
452812,2026-05-06,08,19,20.6,77,20.4,67.0
452813,2026-05-06,08,20,20.6,77,20.5,66.0
452814,2026-05-06,08,21,20.6,77,20.6,66.0
452815,2026-05-06,08,22,20.6,77,20.7,66.0
452816,2026-05-06,08,23,20.6,77,20.8,66.0
452817,2026-05-06,08,24,20.6,77,20.8,66.0
452818,2026-05-06,08,25,20.6,77,20.9,65.0
452819,2026-05-06,08,26,20.6,77,20.9,65.0
452820,2026-05-06,08,27,20.6,77,20.9,65.0
452821,2026-05-06,08,28,20.6,77,20.9,65.0
452822,2026-05-06,08,29,20.6,77,20.9,65.0
452823,2026-05-06,08,30,20.6,77,21.0,65.0
452824,2026-05-06,08,31,20.6,77,21.1,65.0
452825,2026-05-06,08,32,20.6,77,21.2,65.0
452826,2026-05-06,08,33,20.6,77,21.4,64.0
452827,2026-05-06,08,34,20.6,77,21.7,64.0
452828,2026-05-06,08,35,20.6,77,22.0,63.0
452829,2026-05-06,08,36,20.6,77,22.5,62.0
452830,2026-05-06,08,37,20.6,77,22.7,61.0
452831,2026-05-06,08,38,20.6,77,22.9,60.0
452832,2026-05-06,08,39,20.6,77,23.2,60.0
452833,2026-05-06,08,40,20.6,77,23.2,59.0
452834,2026-05-06,08,41,20.6,77,23.3,59.0
452835,2026-05-06,08,42,20.6,77,24.3,58.0
452836,2026-05-06,08,43,20.6,78,24.8,56.0
452837,2026-05-06,08,44,20.6,78,24.6,56.0
452838,2026-05-06,08,45,20.6,78,24.3,57.0
452839,2026-05-06,08,46,20.6,78,24.0,57.0
452840,2026-05-06,08,47,20.6,78,23.8,58.0
452841,2026-05-06,08,48,20.6,78,23.7,58.0
452842,2026-05-06,08,49,20.6,78,23.5,58.0
452843,2026-05-06,08,50,20.6,78,23.4,59.0
452844,2026-05-06,08,51,20.6,78,23.3,59.0
452845,2026-05-06,08,52,20.6,78,23.3,59.0
452846,2026-05-06,08,53,20.6,78,23.3,59.0
452847,2026-05-06,08,54,20.6,78,23.3,59.0
452848,2026-05-06,08,55,20.6,77,23.3,59.0
452849,2026-05-06,08,56,20.6,77,23.2,59.0
452850,2026-05-06,08,57,20.6,77,23.1,59.0
452851,2026-05-06,08,58,20.6,77,23.1,59.0
452852,2026-05-06,08,59,20.6,77,23.0,59.0
452853,2026-05-06,09,00,20.6,77,23.1,59.0
452854,2026-05-06,09,01,20.6,77,23.3,59.0
452855,2026-05-06,09,02,20.7,77,23.5,58.0
452856,2026-05-06,09,03,20.7,77,25.0,56.0
452857,2026-05-06,09,04,21.0,76,25.8,54.0
452858,2026-05-06,09,05,21.0,76,26.2,53.0
452859,2026-05-06,09,06,21.0,76,26.1,53.0
452860,2026-05-06,09,07,21.0,76,25.6,53.0
452861,2026-05-06,09,08,21.0,76,25.1,54.0
452862,2026-05-06,09,09,21.0,76,24.6,55.0
452863,2026-05-06,09,10,21.0,76,24.1,56.0
452864,2026-05-06,09,11,21.0,76,23.7,57.0
452865,2026-05-06,09,12,21.0,76,23.4,58.0
452866,2026-05-06,09,13,21.0,76,23.2,58.0
452867,2026-05-06,09,14,21.0,76,23.1,59.0
452868,2026-05-06,09,15,21.0,76,23.0,59.0
452869,2026-05-06,09,16,21.0,76,23.1,59.0
452870,2026-05-06,09,17,21.0,76,23.2,58.0
452871,2026-05-06,09,18,21.0,76,23.3,58.0
452872,2026-05-06,09,19,21.0,76,23.4,58.0
452873,2026-05-06,09,20,21.0,76,23.6,58.0
452874,2026-05-06,09,21,21.0,76,23.9,57.0
452875,2026-05-06,09,22,21.0,76,24.0,57.0
452876,2026-05-06,09,23,21.0,76,24.0,57.0
452877,2026-05-06,09,24,21.0,76,23.9,57.0
452878,2026-05-06,09,25,21.0,76,24.0,57.0
452879,2026-05-06,09,26,21.0,75,24.4,56.0
452880,2026-05-06,09,27,21.0,75,24.9,55.0
452881,2026-05-06,09,28,21.0,75,25.5,54.0
452882,2026-05-06,09,29,21.0,75,25.9,53.0
452883,2026-05-06,09,30,21.0,75,26.2,52.0
452884,2026-05-06,09,31,21.0,75,26.2,52.0
452885,2026-05-06,09,32,21.0,75,26.4,52.0
452886,2026-05-06,09,33,21.0,75,27.0,51.0
452887,2026-05-06,09,34,21.0,75,27.2,50.0
452888,2026-05-06,09,35,21.0,75,27.1,50.0
452889,2026-05-06,09,36,21.0,75,26.6,51.0
452890,2026-05-06,09,37,21.0,75,26.0,52.0
452891,2026-05-06,09,38,21.0,75,25.5,53.0
452892,2026-05-06,09,39,21.0,75,25.1,54.0
452893,2026-05-06,09,40,21.0,75,24.7,54.0
452894,2026-05-06,09,41,21.0,75,24.5,55.0
452895,2026-05-06,09,42,21.0,75,24.3,55.0
452896,2026-05-06,09,43,21.0,75,24.1,56.0
452897,2026-05-06,09,44,21.0,75,24.0,56.0
452898,2026-05-06,09,45,21.0,75,23.9,56.0
452899,2026-05-06,09,46,21.0,75,23.8,57.0
452900,2026-05-06,09,47,21.0,75,23.8,57.0
452901,2026-05-06,09,48,21.0,74,23.7,57.0
452902,2026-05-06,09,49,21.0,74,23.7,57.0
452903,2026-05-06,09,50,21.0,74,23.6,57.0
452904,2026-05-06,09,51,21.0,74,23.6,57.0
452905,2026-05-06,09,52,21.0,74,23.5,57.0
452906,2026-05-06,09,53,21.0,74,23.5,57.0
452907,2026-05-06,09,54,21.0,74,23.4,57.0
452908,2026-05-06,09,55,21.0,74,23.4,57.0
452909,2026-05-06,09,56,21.0,74,23.4,58.0
452910,2026-05-06,09,57,21.0,74,23.5,57.0
452911,2026-05-06,09,58,21.0,74,23.5,57.0
452912,2026-05-06,09,59,21.1,74,23.5,57.0
452913,2026-05-06,10,00,21.1,74,23.6,57.0
452914,2026-05-06,10,01,21.1,74,23.6,57.0
452915,2026-05-06,10,02,21.1,74,23.7,57.0
452916,2026-05-06,10,03,21.4,74,23.7,57.0
452917,2026-05-06,10,04,21.4,74,23.8,57.0
452918,2026-05-06,10,05,21.1,74,23.8,57.0
452919,2026-05-06,10,08,21.0,74,23.9,57.0
452920,2026-05-06,10,09,21.1,74,23.9,57.0
452921,2026-05-06,10,10,21.2,74,23.9,56.0
452922,2026-05-06,10,11,21.1,74,24.0,56.0
452923,2026-05-06,10,12,21.3,74,24.0,56.0
452924,2026-05-06,10,13,21.4,74,24.1,56.0
452925,2026-05-06,10,14,21.4,74,24.1,56.0
452926,2026-05-06,10,15,21.4,74,24.1,56.0
452927,2026-05-06,10,16,21.4,74,24.1,56.0
452928,2026-05-06,10,17,21.4,74,24.1,56.0
452929,2026-05-06,10,18,21.4,74,24.0,56.0
452930,2026-05-06,10,19,21.4,74,23.9,56.0
452931,2026-05-06,10,20,21.4,74,23.9,56.0
452932,2026-05-06,10,21,21.4,74,23.8,56.0
452933,2026-05-06,10,22,21.4,74,23.8,56.0
452934,2026-05-06,10,23,21.4,74,23.8,57.0
452935,2026-05-06,10,24,21.4,74,23.7,57.0
452936,2026-05-06,10,25,21.4,74,23.8,57.0
452937,2026-05-06,10,26,21.4,74,23.8,57.0
452938,2026-05-06,10,27,21.4,74,23.8,57.0
452939,2026-05-06,10,28,21.4,74,23.9,57.0
452940,2026-05-06,10,29,21.4,74,23.9,56.0
452941,2026-05-06,10,30,21.4,74,23.9,56.0
452942,2026-05-06,10,31,21.4,74,24.0,56.0
452943,2026-05-06,10,32,21.4,74,24.0,56.0
452944,2026-05-06,10,33,21.4,74,24.0,56.0
452945,2026-05-06,10,34,21.4,74,24.0,56.0
452946,2026-05-06,10,35,21.4,74,24.0,56.0
452947,2026-05-06,10,36,21.4,74,24.0,56.0
452948,2026-05-06,10,37,21.4,74,24.0,56.0
452949,2026-05-06,10,38,21.4,74,24.0,56.0
452950,2026-05-06,10,39,21.4,74,24.0,56.0
452951,2026-05-06,10,40,21.4,74,23.9,56.0
452952,2026-05-06,10,41,21.4,74,23.9,56.0
452953,2026-05-06,10,42,21.4,74,23.9,57.0
452954,2026-05-06,10,43,21.4,74,23.9,57.0
452955,2026-05-06,10,44,21.4,74,23.9,56.0
452956,2026-05-06,10,45,21.4,74,23.9,56.0
452957,2026-05-06,10,46,21.4,74,23.8,56.0
452958,2026-05-06,10,47,21.4,74,23.8,56.0
452959,2026-05-06,10,48,21.4,74,23.8,56.0
452960,2026-05-06,10,49,21.4,74,23.8,56.0
452961,2026-05-06,10,50,21.4,74,23.8,56.0
452962,2026-05-06,10,51,21.4,73,23.8,56.0
452963,2026-05-06,10,52,21.4,73,23.8,56.0
452964,2026-05-06,10,53,21.4,73,23.9,56.0
452965,2026-05-06,10,54,21.4,73,23.9,56.0
452966,2026-05-06,10,55,21.4,73,23.9,56.0
452967,2026-05-06,10,56,21.4,73,23.9,56.0
452968,2026-05-06,10,57,21.4,73,24.0,56.0
452969,2026-05-06,10,58,21.4,73,24.0,56.0
452970,2026-05-06,10,59,21.4,73,24.0,56.0
452971,2026-05-06,11,00,21.4,73,24.0,56.0
452972,2026-05-06,11,01,21.4,73,24.0,56.0
452973,2026-05-06,11,02,21.4,73,24.0,56.0
452974,2026-05-06,11,03,21.4,73,24.1,56.0
452975,2026-05-06,11,04,21.4,73,24.1,56.0
452976,2026-05-06,11,05,21.4,73,24.1,56.0
452977,2026-05-06,11,06,21.4,73,24.0,56.0
452978,2026-05-06,11,07,21.4,73,24.0,56.0
452979,2026-05-06,11,08,21.4,73,24.0,56.0
452980,2026-05-06,11,09,21.4,73,24.0,56.0
452981,2026-05-06,11,10,21.4,73,24.0,56.0
452982,2026-05-06,11,11,21.4,73,23.9,57.0
452983,2026-05-06,11,12,21.4,73,23.9,57.0
452984,2026-05-06,11,13,21.4,73,23.8,57.0
452985,2026-05-06,11,14,21.4,73,23.8,57.0
452986,2026-05-06,11,15,21.4,73,23.8,57.0
452987,2026-05-06,11,16,21.4,73,23.8,57.0
452988,2026-05-06,11,17,21.4,73,23.7,57.0
452989,2026-05-06,11,18,21.4,73,23.7,57.0
452990,2026-05-06,11,19,21.4,73,23.6,57.0
452991,2026-05-06,11,20,21.4,73,23.5,57.0
452992,2026-05-06,11,21,21.4,73,23.5,57.0
452993,2026-05-06,11,22,21.4,73,23.5,57.0
452994,2026-05-06,11,23,21.4,73,23.4,58.0
452995,2026-05-06,11,24,21.4,73,23.4,58.0
452996,2026-05-06,11,25,21.4,73,23.4,58.0
452997,2026-05-06,11,26,21.4,73,23.3,58.0
452998,2026-05-06,11,27,21.4,73,23.3,58.0
452999,2026-05-06,11,28,21.4,73,23.3,58.0
453000,2026-05-06,11,29,21.4,73,23.3,58.0
453001,2026-05-06,11,30,21.4,73,23.3,58.0
453002,2026-05-06,11,31,21.4,73,23.3,58.0
453003,2026-05-06,11,32,21.4,73,23.3,58.0
453004,2026-05-06,11,33,21.4,73,23.4,58.0
453005,2026-05-06,11,34,21.4,73,23.5,58.0
453006,2026-05-06,11,35,21.4,73,23.5,57.0
453007,2026-05-06,11,36,21.5,73,23.6,57.0
453008,2026-05-06,11,37,21.5,73,23.7,57.0
453009,2026-05-06,11,38,21.5,73,23.8,57.0
453010,2026-05-06,11,39,21.8,73,23.9,57.0
453011,2026-05-06,11,40,21.8,73,24.0,57.0
453012,2026-05-06,11,41,21.8,73,24.1,56.0
453013,2026-05-06,11,42,21.8,73,24.2,56.0
453014,2026-05-06,11,43,21.8,73,24.2,56.0
453015,2026-05-06,11,44,21.8,73,24.3,56.0
453016,2026-05-06,11,45,21.8,73,24.3,56.0
453017,2026-05-06,11,46,21.8,73,24.3,56.0
453018,2026-05-06,11,47,21.8,73,24.3,56.0
453019,2026-05-06,11,48,21.8,73,24.3,56.0
453020,2026-05-06,11,49,21.8,73,24.4,56.0
453021,2026-05-06,11,50,21.8,73,24.4,56.0
453022,2026-05-06,11,51,21.8,73,24.4,56.0
453023,2026-05-06,11,52,21.8,73,24.5,56.0
453024,2026-05-06,11,53,21.8,73,24.5,55.0
453025,2026-05-06,11,54,21.8,73,24.5,55.0
453026,2026-05-06,11,55,21.8,73,24.5,55.0
453027,2026-05-06,11,56,21.8,73,24.5,55.0
453028,2026-05-06,11,57,21.8,73,24.6,55.0
453029,2026-05-06,11,58,21.8,73,24.7,54.0
453030,2026-05-06,11,59,21.8,73,24.8,54.0
453031,2026-05-06,12,00,21.8,73,24.9,54.0
453032,2026-05-06,12,01,21.8,73,25.0,54.0
453033,2026-05-06,12,02,21.8,73,25.1,54.0
453034,2026-05-06,12,03,21.8,73,25.1,54.0
453035,2026-05-06,12,04,21.9,73,25.1,54.0
453036,2026-05-06,12,05,22.2,73,25.2,54.0
453037,2026-05-06,12,06,22.2,73,25.2,54.0
453038,2026-05-06,12,07,22.2,73,25.3,54.0
453039,2026-05-06,12,08,22.2,73,25.4,54.0
453040,2026-05-06,12,09,22.2,73,25.5,54.0
453041,2026-05-06,12,10,22.2,74,25.6,54.0
453042,2026-05-06,12,11,22.2,74,25.6,54.0
453043,2026-05-06,12,12,22.2,75,25.8,53.0
453044,2026-05-06,12,13,22.2,75,25.9,53.0
453045,2026-05-06,12,14,22.2,75,26.0,53.0
453046,2026-05-06,12,15,22.2,76,26.0,53.0
453047,2026-05-06,12,16,22.2,76,26.0,53.0
453048,2026-05-06,12,17,22.2,77,26.1,53.0
453049,2026-05-06,12,18,22.2,77,26.0,53.0
453050,2026-05-06,12,19,22.5,77,26.0,53.0
453051,2026-05-06,12,20,22.6,77,26.0,53.0
453052,2026-05-06,12,21,22.6,77,26.0,53.0
453053,2026-05-06,12,22,22.6,78,26.0,54.0
453054,2026-05-06,12,23,22.6,78,26.0,54.0
453055,2026-05-06,12,24,22.6,78,26.0,55.0
453056,2026-05-06,12,25,22.6,79,26.0,55.0
453057,2026-05-06,12,26,22.6,79,26.0,55.0
453058,2026-05-06,12,27,22.6,79,26.0,54.0
453059,2026-05-06,12,28,22.6,79,25.9,54.0
453060,2026-05-06,12,29,22.6,80,25.9,54.0
453061,2026-05-06,12,30,22.6,80,25.9,55.0
453062,2026-05-06,12,31,22.6,80,25.9,56.0
453063,2026-05-06,12,32,22.6,80,25.9,56.0
453064,2026-05-06,12,33,22.6,81,25.8,56.0
453065,2026-05-06,12,34,22.6,81,25.8,56.0
453066,2026-05-06,12,35,22.6,81,25.9,56.0
453067,2026-05-06,12,36,22.6,81,25.9,56.0
453068,2026-05-06,12,37,22.6,81,26.0,55.0
453069,2026-05-06,12,38,22.6,81,26.0,55.0
453070,2026-05-06,12,39,22.6,81,26.1,56.0
453071,2026-05-06,12,40,22.6,81,26.1,56.0
453072,2026-05-06,12,41,22.6,81,26.2,54.0
453073,2026-05-06,12,42,22.6,81,26.2,54.0
453074,2026-05-06,12,43,22.6,81,26.2,54.0
453075,2026-05-06,12,44,22.7,81,26.3,55.0
453076,2026-05-06,12,45,23.0,81,26.3,55.0
453077,2026-05-06,12,46,23.0,81,26.3,56.0
453078,2026-05-06,12,47,23.0,81,26.3,56.0
453079,2026-05-06,12,48,23.0,82,26.3,56.0
453080,2026-05-06,12,49,23.0,82,26.4,56.0
453081,2026-05-06,12,50,23.0,82,26.4,56.0
453082,2026-05-06,12,51,23.0,82,26.4,56.0
453083,2026-05-06,12,52,23.0,82,26.5,55.0
453084,2026-05-06,12,53,23.0,82,26.6,55.0
453085,2026-05-06,12,54,23.0,83,26.7,55.0
453086,2026-05-06,12,55,23.0,83,26.7,55.0
453087,2026-05-06,12,56,23.0,83,26.7,55.0
453088,2026-05-06,12,57,23.0,83,26.8,56.0
453089,2026-05-06,12,58,23.0,83,26.9,56.0
453090,2026-05-06,12,59,23.0,83,26.9,56.0
453091,2026-05-06,13,00,23.0,83,27.0,56.0
453092,2026-05-06,13,01,23.0,83,27.0,56.0
453093,2026-05-06,13,02,23.0,83,26.9,56.0
453094,2026-05-06,13,03,23.0,83,26.8,56.0
453095,2026-05-06,13,04,23.0,83,26.8,56.0
453096,2026-05-06,13,05,23.0,83,26.7,56.0
453097,2026-05-06,13,06,23.0,82,26.7,56.0
453098,2026-05-06,13,07,23.0,82,26.7,56.0
453099,2026-05-06,13,08,23.0,82,26.7,55.0
453100,2026-05-06,13,09,23.0,82,26.7,55.0
453101,2026-05-06,13,10,23.4,82,26.6,56.0
453102,2026-05-06,13,11,23.4,82,26.7,56.0
453103,2026-05-06,13,12,23.4,82,26.8,56.0
453104,2026-05-06,13,13,23.4,82,26.8,56.0
453105,2026-05-06,13,14,23.4,82,26.8,56.0
453106,2026-05-06,13,15,23.4,82,26.9,56.0
453107,2026-05-06,13,16,23.4,82,27.0,56.0
453108,2026-05-06,13,17,23.4,82,27.0,56.0
453109,2026-05-06,13,18,23.4,82,27.1,56.0
453110,2026-05-06,13,19,23.4,82,27.1,56.0
453111,2026-05-06,13,20,23.4,81,27.0,56.0
453112,2026-05-06,13,21,23.4,81,27.0,56.0
453113,2026-05-06,13,22,23.4,81,27.1,56.0
453114,2026-05-06,13,23,23.4,81,27.2,55.0
453115,2026-05-06,13,24,23.4,81,27.2,55.0
453116,2026-05-06,13,25,23.4,81,27.4,55.0
453117,2026-05-06,13,26,23.4,81,27.4,55.0
453118,2026-05-06,13,27,23.4,81,27.5,54.0
453119,2026-05-06,13,28,23.4,81,27.6,54.0
453120,2026-05-06,13,29,23.4,80,27.7,54.0
453121,2026-05-06,13,30,23.4,80,27.8,54.0
453122,2026-05-06,13,31,23.4,80,27.8,54.0
453123,2026-05-06,13,32,23.4,80,27.8,54.0
453124,2026-05-06,13,33,23.4,79,27.9,53.0
453125,2026-05-06,13,34,23.4,79,28.0,53.0
453126,2026-05-06,13,35,23.4,79,27.9,53.0
453127,2026-05-06,13,36,23.4,79,28.0,53.0
453128,2026-05-06,13,37,23.4,79,28.1,53.0
453129,2026-05-06,13,38,23.4,78,28.0,53.0
453130,2026-05-06,13,39,23.4,78,27.9,53.0
453131,2026-05-06,13,40,23.6,78,27.9,53.0
453132,2026-05-06,13,41,23.8,78,27.8,53.0
453133,2026-05-06,13,42,23.8,77,27.8,53.0
453134,2026-05-06,13,43,23.8,77,27.8,53.0
453135,2026-05-06,13,44,23.8,77,27.7,53.0
453136,2026-05-06,13,45,23.8,77,27.7,53.0
453137,2026-05-06,13,46,23.8,77,27.7,53.0
453138,2026-05-06,13,47,23.8,77,27.7,53.0
453139,2026-05-06,13,48,23.8,77,27.7,53.0
453140,2026-05-06,13,49,23.6,77,27.6,53.0
453141,2026-05-06,13,50,23.7,76,27.6,53.0
453142,2026-05-06,13,51,23.5,76,27.5,53.0
453143,2026-05-06,13,52,23.4,76,27.5,53.0
453144,2026-05-06,13,53,23.4,75,27.5,53.0
453145,2026-05-06,13,54,23.8,74,27.5,52.0
453146,2026-05-06,13,55,23.8,74,27.5,52.0
453147,2026-05-06,13,56,23.8,74,27.5,52.0
453148,2026-05-06,13,57,23.8,74,27.5,52.0
453149,2026-05-06,13,58,23.8,74,27.5,52.0
453150,2026-05-06,13,59,23.8,73,27.5,52.0
453151,2026-05-06,14,00,23.8,73,27.6,52.0
453152,2026-05-06,14,01,23.8,73,27.6,52.0
453153,2026-05-06,14,02,23.7,73,27.7,52.0
453154,2026-05-06,14,03,23.8,73,27.8,52.0
453155,2026-05-06,14,04,23.8,73,27.8,51.0
453156,2026-05-06,14,05,23.8,73,27.8,51.0
453157,2026-05-06,14,06,23.8,72,27.7,51.0
453158,2026-05-06,14,07,23.8,72,27.7,51.0
453159,2026-05-06,14,08,23.8,72,27.7,51.0
453160,2026-05-06,14,09,23.8,72,27.7,51.0
453161,2026-05-06,14,10,23.8,72,27.7,51.0
453162,2026-05-06,14,11,23.8,72,27.6,51.0
453163,2026-05-06,14,12,23.8,72,27.6,51.0
453164,2026-05-06,14,13,23.8,72,27.6,51.0
453165,2026-05-06,14,14,23.8,71,27.6,51.0
453166,2026-05-06,14,15,23.8,71,27.5,51.0
453167,2026-05-06,14,16,23.8,71,27.5,51.0
453168,2026-05-06,14,17,23.8,70,27.5,51.0
453169,2026-05-06,14,18,23.8,70,27.5,51.0
453170,2026-05-06,14,19,23.8,70,27.5,51.0
453171,2026-05-06,14,20,23.8,69,27.6,51.0
453172,2026-05-06,14,21,23.8,69,27.5,50.0
453173,2026-05-06,14,22,23.8,69,27.5,50.0
453174,2026-05-06,14,23,23.8,69,27.5,50.0
453175,2026-05-06,14,24,23.8,69,27.6,50.0
453176,2026-05-06,14,25,23.8,69,27.6,50.0
453177,2026-05-06,14,26,23.8,69,27.6,50.0
453178,2026-05-06,14,27,23.8,69,27.6,50.0
453179,2026-05-06,14,28,23.8,69,27.6,50.0
453180,2026-05-06,14,29,23.8,69,27.6,50.0
453181,2026-05-06,14,30,23.8,69,27.7,50.0
453182,2026-05-06,14,31,23.8,69,27.7,50.0
453183,2026-05-06,14,32,23.8,69,27.6,50.0
453184,2026-05-06,14,33,23.8,69,27.6,50.0
453185,2026-05-06,14,34,23.8,68,27.7,49.0
453186,2026-05-06,14,35,23.8,67,27.7,49.0
453187,2026-05-06,14,36,23.8,65,27.7,49.0
453188,2026-05-06,14,37,23.8,64,27.7,49.0
453189,2026-05-06,14,38,23.8,64,27.8,49.0
453190,2026-05-06,14,39,23.8,65,27.8,49.0
453191,2026-05-06,14,40,23.8,65,27.9,49.0
453192,2026-05-06,14,41,23.8,64,28.0,48.0
453193,2026-05-06,14,42,23.8,64,28.0,48.0
453194,2026-05-06,14,43,23.8,64,28.0,48.0
453195,2026-05-06,14,44,23.8,63,27.9,48.0
453196,2026-05-06,14,45,23.8,63,27.9,48.0
453197,2026-05-06,14,46,23.8,64,28.0,48.0
453198,2026-05-06,14,47,23.8,64,28.0,48.0
453199,2026-05-06,14,48,23.8,64,27.9,48.0
453200,2026-05-06,14,49,23.8,65,27.7,48.0
453201,2026-05-06,14,50,23.8,65,27.6,48.0
453202,2026-05-06,14,51,23.8,65,27.4,49.0
453203,2026-05-06,14,52,24.1,64,27.3,49.0
453204,2026-05-06,14,53,24.1,64,27.2,49.0
453205,2026-05-06,14,54,24.1,64,27.1,49.0
453206,2026-05-06,14,55,24.1,64,27.0,49.0
453207,2026-05-06,14,56,24.1,64,27.0,49.0
453208,2026-05-06,14,57,24.1,64,26.9,50.0
453209,2026-05-06,14,58,24.1,64,26.9,50.0
453210,2026-05-06,14,59,24.1,65,26.8,50.0
453211,2026-05-06,15,00,24.1,65,26.8,50.0
453212,2026-05-06,15,01,24.1,65,26.8,50.0
453213,2026-05-06,15,02,24.1,65,26.8,50.0
453214,2026-05-06,15,03,24.1,66,26.8,50.0
453215,2026-05-06,15,04,24.1,66,26.9,50.0
453216,2026-05-06,15,05,24.1,66,26.9,50.0
453217,2026-05-06,15,06,24.1,66,26.9,50.0
453218,2026-05-06,15,07,24.1,66,26.9,50.0
453219,2026-05-06,15,08,24.1,66,26.9,50.0
453220,2026-05-06,15,09,24.1,66,26.9,50.0
453221,2026-05-06,15,10,24.1,66,26.9,50.0
453222,2026-05-06,15,11,24.1,66,26.9,50.0
453223,2026-05-06,15,12,24.1,66,26.9,50.0
453224,2026-05-06,15,13,24.1,66,26.9,50.0
453225,2026-05-06,15,14,24.1,66,26.9,50.0
453226,2026-05-06,15,15,24.1,66,26.9,50.0
453227,2026-05-06,15,16,24.1,66,26.9,50.0
453228,2026-05-06,15,17,24.1,66,26.9,50.0
453229,2026-05-06,15,18,24.1,66,26.9,50.0
453230,2026-05-06,15,19,24.1,66,26.9,50.0
453231,2026-05-06,15,20,24.1,66,26.9,50.0
453232,2026-05-06,15,21,24.1,65,26.9,50.0
453233,2026-05-06,15,22,24.1,65,26.8,51.0
453234,2026-05-06,15,23,24.1,65,26.8,51.0
453235,2026-05-06,15,24,24.1,66,26.8,51.0
453236,2026-05-06,15,25,24.1,66,26.8,51.0
453237,2026-05-06,15,26,24.1,65,26.8,51.0
453238,2026-05-06,15,27,24.1,65,26.8,51.0
453239,2026-05-06,15,28,24.1,65,26.7,51.0
453240,2026-05-06,15,29,24.1,65,26.7,51.0
453241,2026-05-06,15,30,24.1,65,26.7,51.0
453242,2026-05-06,15,31,24.1,65,26.7,51.0
453243,2026-05-06,15,32,24.1,65,26.7,51.0
453244,2026-05-06,15,33,24.1,65,26.6,51.0
453245,2026-05-06,15,34,24.1,65,26.6,51.0
453246,2026-05-06,15,35,24.1,65,26.6,51.0
453247,2026-05-06,15,36,24.1,65,26.6,51.0
453248,2026-05-06,15,37,24.1,65,26.7,51.0
453249,2026-05-06,15,38,24.1,65,26.7,51.0
453250,2026-05-06,15,39,24.1,65,26.7,51.0
453251,2026-05-06,15,40,24.1,65,26.7,51.0
453252,2026-05-06,15,41,24.1,65,26.7,51.0
453253,2026-05-06,15,42,24.1,65,26.7,51.0
453254,2026-05-06,15,43,24.1,65,26.8,50.0
453255,2026-05-06,15,44,24.1,65,26.8,50.0
453256,2026-05-06,15,45,24.1,65,26.8,50.0
453257,2026-05-06,15,46,24.1,65,26.8,50.0
453258,2026-05-06,15,47,24.1,65,26.8,50.0
453259,2026-05-06,15,48,24.1,65,26.8,50.0
453260,2026-05-06,15,49,24.1,65,26.8,50.0
453261,2026-05-06,15,50,24.1,65,26.8,50.0
453262,2026-05-06,15,51,24.1,65,26.7,51.0
453263,2026-05-06,15,52,24.1,65,26.7,51.0
453264,2026-05-06,15,53,24.1,65,26.7,51.0
453265,2026-05-06,15,54,24.1,65,26.6,51.0
453266,2026-05-06,15,55,24.1,65,26.7,51.0
453267,2026-05-06,15,56,24.1,65,26.6,51.0
453268,2026-05-06,15,57,24.1,65,26.5,51.0
453269,2026-05-06,15,58,24.1,66,26.5,51.0
453270,2026-05-06,15,59,24.1,66,26.4,51.0
453271,2026-05-06,16,00,24.1,65,26.3,51.0
453272,2026-05-06,16,01,24.1,65,26.2,51.0
453273,2026-05-06,16,02,24.1,66,26.2,52.0
453274,2026-05-06,16,03,24.1,66,26.1,52.0
453275,2026-05-06,16,04,24.1,66,26.1,52.0
453276,2026-05-06,16,05,24.1,65,26.0,52.0
453277,2026-05-06,16,06,24.1,65,26.0,52.0
453278,2026-05-06,16,07,24.1,66,25.9,52.0
453279,2026-05-06,16,08,24.1,66,25.9,52.0
453280,2026-05-06,16,09,24.1,66,25.8,52.0
453281,2026-05-06,16,10,24.1,66,25.8,52.0
453282,2026-05-06,16,11,24.1,66,25.7,52.0
453283,2026-05-06,16,12,24.1,66,25.7,52.0
453284,2026-05-06,16,13,24.1,66,25.6,52.0
453285,2026-05-06,16,14,24.1,66,25.6,52.0
453286,2026-05-06,16,15,24.1,66,25.6,52.0
453287,2026-05-06,16,16,24.1,66,25.6,52.0
453288,2026-05-06,16,17,24.1,66,25.6,52.0
453289,2026-05-06,16,18,24.1,66,25.5,52.0
453290,2026-05-06,16,19,24.1,66,25.5,52.0
453291,2026-05-06,16,20,24.1,66,25.4,52.0
453292,2026-05-06,16,21,24.1,66,25.4,52.0
453293,2026-05-06,16,22,24.1,66,25.4,53.0
453294,2026-05-06,16,23,24.1,66,25.4,53.0
453295,2026-05-06,16,24,24.1,66,25.3,53.0
453296,2026-05-06,16,25,24.1,66,25.3,53.0
453297,2026-05-06,16,26,24.1,66,25.3,53.0
453298,2026-05-06,16,27,24.1,66,25.3,53.0
453299,2026-05-06,16,28,24.1,66,25.3,53.0
453300,2026-05-06,16,29,24.1,66,25.3,53.0
453301,2026-05-06,16,30,24.1,66,25.3,53.0
453302,2026-05-06,16,31,24.1,66,25.3,53.0
453303,2026-05-06,16,32,24.1,66,25.3,53.0
453304,2026-05-06,16,33,24.1,66,25.3,53.0
453305,2026-05-06,16,34,24.1,66,25.4,53.0
453306,2026-05-06,16,35,24.1,66,25.4,53.0
453307,2026-05-06,16,36,24.1,66,25.4,53.0
453308,2026-05-06,16,37,24.1,66,25.4,53.0
453309,2026-05-06,16,38,24.1,66,25.4,53.0
453310,2026-05-06,16,39,24.1,66,25.4,53.0
453311,2026-05-06,16,40,24.1,66,25.3,53.0
453312,2026-05-06,16,41,24.1,66,25.3,53.0
453313,2026-05-06,16,42,24.1,66,25.3,53.0
453314,2026-05-06,16,44,24.1,66,25.3,53.0
453315,2026-05-06,16,45,24.1,66,25.3,53.0
453316,2026-05-06,16,46,24.1,66,25.3,53.0
453317,2026-05-06,16,47,24.1,66,25.3,53.0
453318,2026-05-06,16,48,24.1,66,25.3,53.0
453319,2026-05-06,16,49,24.1,66,25.3,53.0
453320,2026-05-06,16,50,24.1,66,25.3,53.0
453321,2026-05-06,16,51,24.1,66,25.2,53.0
453322,2026-05-06,16,52,24.1,66,25.2,53.0
453323,2026-05-06,16,53,24.1,67,25.2,53.0
453324,2026-05-06,16,54,24.1,67,25.2,53.0
453325,2026-05-06,16,55,24.1,66,25.2,53.0
453326,2026-05-06,16,56,24.1,66,25.2,53.0
453327,2026-05-06,16,57,24.1,66,25.2,53.0
453328,2026-05-06,16,58,24.1,66,25.2,53.0
453329,2026-05-06,16,59,24.1,66,25.3,53.0
453330,2026-05-06,17,00,24.1,66,25.3,53.0
453331,2026-05-06,17,01,24.1,67,25.4,53.0
453332,2026-05-06,17,02,24.1,67,25.4,53.0
453333,2026-05-06,17,03,24.1,67,25.4,53.0
453334,2026-05-06,17,04,24.1,67,25.5,53.0
453335,2026-05-06,17,05,24.1,67,25.5,53.0
453336,2026-05-06,17,06,24.1,67,25.5,53.0
453337,2026-05-06,17,07,24.1,67,25.5,53.0
453338,2026-05-06,17,08,24.1,67,25.5,53.0
453339,2026-05-06,17,09,24.1,67,25.5,53.0
453340,2026-05-06,17,10,24.1,67,25.5,53.0
453341,2026-05-06,17,11,24.1,67,25.5,53.0
453342,2026-05-06,17,12,24.1,67,25.5,53.0
453343,2026-05-06,17,13,24.1,67,25.5,53.0
453344,2026-05-06,17,14,24.1,67,25.5,54.0
453345,2026-05-06,17,15,24.1,67,25.5,54.0
453346,2026-05-06,17,16,24.1,67,25.5,54.0
453347,2026-05-06,17,17,24.1,67,25.4,54.0
453348,2026-05-06,17,18,24.1,67,25.4,54.0
453349,2026-05-06,17,19,24.1,67,25.4,54.0
453350,2026-05-06,17,20,24.1,67,25.4,54.0
453351,2026-05-06,17,21,24.1,67,25.4,54.0
453352,2026-05-06,17,22,24.1,67,25.3,54.0
453353,2026-05-06,17,23,24.1,67,25.3,54.0
453354,2026-05-06,17,24,24.1,67,25.3,54.0
453355,2026-05-06,17,25,24.1,67,25.2,54.0
453356,2026-05-06,17,26,24.1,67,25.2,54.0
453357,2026-05-06,17,27,24.1,67,25.1,54.0
453358,2026-05-06,17,28,24.1,67,25.0,55.0
453359,2026-05-06,17,29,24.1,67,25.0,55.0
453360,2026-05-06,17,30,24.1,67,24.9,55.0
453361,2026-05-06,17,31,24.1,67,24.9,55.0
453362,2026-05-06,17,32,24.1,67,24.9,55.0
453363,2026-05-06,17,33,24.1,67,24.9,55.0
453364,2026-05-06,17,34,24.1,67,24.8,55.0
453365,2026-05-06,17,35,24.1,67,24.8,55.0
453366,2026-05-06,17,36,24.1,67,24.8,55.0
453367,2026-05-06,17,37,24.1,67,24.8,55.0
453368,2026-05-06,17,38,24.1,67,24.8,55.0
453369,2026-05-06,17,39,24.1,67,24.8,55.0
453370,2026-05-06,17,40,24.1,67,24.8,55.0
453371,2026-05-06,17,41,24.1,67,24.7,55.0
453372,2026-05-06,17,42,24.1,68,24.7,55.0
453373,2026-05-06,17,43,24.1,68,24.7,55.0
453374,2026-05-06,17,44,24.1,68,24.6,55.0
453375,2026-05-06,17,45,24.1,68,24.6,55.0
453376,2026-05-06,17,46,24.1,68,24.6,55.0
453377,2026-05-06,17,47,24.1,68,24.6,55.0
453378,2026-05-06,17,48,24.1,68,24.5,56.0
453379,2026-05-06,17,49,24.1,68,24.5,56.0
453380,2026-05-06,17,50,24.1,68,24.4,56.0
453381,2026-05-06,17,51,24.1,68,24.4,56.0
453382,2026-05-06,17,52,24.1,68,24.3,56.0
453383,2026-05-06,17,54,24.1,68,24.2,56.0
453384,2026-05-06,17,55,24.1,68,24.1,56.0
453385,2026-05-06,17,56,24.1,68,24.1,57.0
453386,2026-05-06,17,57,24.1,68,24.0,57.0
453387,2026-05-06,17,58,24.1,68,24.0,57.0
453388,2026-05-06,17,59,24.1,68,23.9,57.0
453389,2026-05-06,18,00,24.1,68,23.9,57.0
453390,2026-05-06,18,01,24.1,68,23.9,57.0
453391,2026-05-06,18,02,24.1,68,23.8,57.0
453392,2026-05-06,18,03,24.1,68,23.8,57.0
453393,2026-05-06,18,04,24.1,69,23.7,57.0
453394,2026-05-06,18,05,24.1,69,23.7,57.0
453395,2026-05-06,18,06,24.1,69,23.7,57.0
453396,2026-05-06,18,07,24.1,69,23.6,58.0
453397,2026-05-06,18,08,24.1,69,23.6,58.0
453398,2026-05-06,18,09,24.1,69,23.6,58.0
453399,2026-05-06,18,10,24.1,69,23.5,58.0
453400,2026-05-06,18,11,24.1,69,23.5,58.0
453401,2026-05-06,18,12,24.1,69,23.5,58.0
453402,2026-05-06,18,13,24.1,69,23.4,58.0
453403,2026-05-06,18,14,24.1,69,23.4,58.0
453404,2026-05-06,18,15,24.1,68,23.4,58.0
453405,2026-05-06,18,16,24.1,69,23.3,58.0
453406,2026-05-06,18,17,24.1,69,23.3,59.0
453407,2026-05-06,18,18,24.1,69,23.3,59.0
453408,2026-05-06,18,19,24.1,69,23.3,59.0
453409,2026-05-06,18,20,24.1,69,23.2,59.0
453410,2026-05-06,18,21,24.1,69,23.2,59.0
453411,2026-05-06,18,22,24.1,69,23.2,59.0
453412,2026-05-06,18,23,24.1,70,23.2,59.0
453413,2026-05-06,18,24,24.1,70,23.1,59.0
453414,2026-05-06,18,25,24.1,70,23.1,59.0
453415,2026-05-06,18,26,24.1,70,23.1,59.0
453416,2026-05-06,18,27,24.1,70,23.1,59.0
453417,2026-05-06,18,28,24.1,71,23.0,59.0
453418,2026-05-06,18,29,24.1,71,23.0,59.0
453419,2026-05-06,18,30,24.1,71,23.0,59.0
453420,2026-05-06,18,31,24.1,71,23.0,59.0
453421,2026-05-06,18,32,24.1,71,23.0,59.0
453422,2026-05-06,18,33,24.1,71,23.0,59.0
453423,2026-05-06,18,34,24.1,71,22.9,60.0
453424,2026-05-06,18,35,24.1,72,22.9,60.0
453425,2026-05-06,18,36,24.1,72,22.9,60.0
453426,2026-05-06,18,37,24.1,72,22.9,60.0
453427,2026-05-06,18,38,24.1,72,22.9,60.0
453428,2026-05-06,18,39,24.1,72,22.9,60.0
453429,2026-05-06,18,40,24.1,72,22.9,60.0
453430,2026-05-06,18,41,24.1,72,22.9,60.0
453431,2026-05-06,18,42,24.1,72,22.9,60.0
453432,2026-05-06,18,43,24.1,71,22.8,60.0
453433,2026-05-06,18,44,24.1,71,22.8,60.0
453434,2026-05-06,18,45,24.1,71,22.8,61.0
453435,2026-05-06,18,46,24.1,71,22.8,60.0
453436,2026-05-06,18,47,24.1,71,22.8,61.0
453437,2026-05-06,18,48,24.1,70,22.8,61.0
453438,2026-05-06,18,49,24.1,70,22.8,61.0
453439,2026-05-06,18,50,24.1,70,22.8,61.0
453440,2026-05-06,18,51,24.1,70,22.8,61.0
453441,2026-05-06,18,52,24.1,70,22.8,61.0
453442,2026-05-06,18,53,24.1,70,22.8,61.0
453443,2026-05-06,18,54,24.1,70,22.8,61.0
453444,2026-05-06,18,55,24.1,70,22.8,61.0
453445,2026-05-06,18,56,24.1,70,22.8,62.0
453446,2026-05-06,18,57,24.1,70,22.7,62.0
453447,2026-05-06,18,58,24.1,70,22.7,62.0
453448,2026-05-06,18,59,24.1,70,22.7,62.0
453449,2026-05-06,19,00,24.1,70,22.7,62.0
453450,2026-05-06,19,01,24.1,70,22.7,62.0
453451,2026-05-06,19,02,24.1,70,22.7,62.0
453452,2026-05-06,19,03,24.1,70,22.7,62.0
453453,2026-05-06,19,04,24.1,70,22.7,62.0
453454,2026-05-06,19,05,24.1,70,22.7,62.0
453455,2026-05-06,19,06,24.1,70,22.6,62.0
453456,2026-05-06,19,07,24.1,70,22.6,62.0
453457,2026-05-06,19,08,24.1,70,22.6,62.0
453458,2026-05-06,19,09,24.1,70,22.6,62.0
453459,2026-05-06,19,10,24.1,70,22.6,62.0
453460,2026-05-06,19,11,24.1,70,22.6,62.0
453461,2026-05-06,19,12,24.1,70,22.6,62.0
453462,2026-05-06,19,13,24.1,70,22.6,62.0
453463,2026-05-06,19,14,24.1,70,22.6,62.0
453464,2026-05-06,19,15,24.1,71,22.6,62.0
453465,2026-05-06,19,16,24.1,71,22.6,62.0
453466,2026-05-06,19,17,24.1,71,22.6,62.0
453467,2026-05-06,19,18,24.1,71,22.6,62.0
453468,2026-05-06,19,19,24.1,71,22.6,62.0
453469,2026-05-06,19,20,24.1,71,22.6,62.0
453470,2026-05-06,19,21,24.1,71,22.6,62.0
453471,2026-05-06,19,22,24.1,72,22.6,62.0
453472,2026-05-06,19,23,24.1,72,22.6,62.0
453473,2026-05-06,19,24,24.1,72,22.6,62.0
453474,2026-05-06,19,25,24.1,72,22.6,62.0
453475,2026-05-06,19,26,24.1,72,22.5,62.0
453476,2026-05-06,19,27,24.1,72,22.5,62.0
453477,2026-05-06,19,28,24.1,72,22.5,62.0
453478,2026-05-06,19,29,24.1,71,22.5,62.0
453479,2026-05-06,19,30,24.1,72,22.5,63.0
453480,2026-05-06,19,31,24.1,71,22.5,63.0
453481,2026-05-06,19,32,24.1,71,22.5,63.0
453482,2026-05-06,19,33,24.1,71,22.5,63.0
453483,2026-05-06,19,34,24.1,71,22.5,63.0
453484,2026-05-06,19,35,24.1,71,22.5,64.0
453485,2026-05-06,19,36,24.1,71,22.5,64.0
453486,2026-05-06,19,37,24.1,71,22.4,64.0
453487,2026-05-06,19,38,24.1,71,22.4,64.0
453488,2026-05-06,19,39,24.1,71,22.4,64.0
453489,2026-05-06,19,40,24.1,71,22.4,64.0
453490,2026-05-06,19,41,24.1,71,22.4,64.0
453491,2026-05-06,19,42,24.1,71,22.4,64.0
453492,2026-05-06,19,43,24.1,71,22.4,64.0
453493,2026-05-06,19,44,24.1,71,22.4,64.0
453494,2026-05-06,19,45,24.1,71,22.4,64.0
453495,2026-05-06,19,46,24.1,71,22.3,64.0
453496,2026-05-06,19,47,24.1,71,22.3,64.0
453497,2026-05-06,19,48,24.1,71,22.3,64.0
453498,2026-05-06,19,49,24.1,71,22.3,65.0
453499,2026-05-06,19,50,24.0,71,22.3,65.0
453500,2026-05-06,19,51,23.9,71,22.3,65.0
453501,2026-05-06,19,52,23.8,71,22.2,65.0
453502,2026-05-06,19,53,23.8,71,22.2,65.0
453503,2026-05-06,19,54,23.8,71,22.2,65.0
453504,2026-05-06,19,55,23.8,71,22.2,65.0
453505,2026-05-06,19,56,23.8,71,22.2,65.0
453506,2026-05-06,19,57,23.8,72,22.2,65.0
453507,2026-05-06,19,58,23.8,72,22.1,65.0
453508,2026-05-06,19,59,23.8,72,22.1,65.0
453509,2026-05-06,20,00,23.8,72,22.1,65.0
453510,2026-05-06,20,01,23.8,72,22.1,66.0
453511,2026-05-06,20,02,23.8,72,22.1,66.0
453512,2026-05-06,20,03,23.8,72,22.0,66.0
453513,2026-05-06,20,04,23.8,72,22.0,66.0
453514,2026-05-06,20,05,23.8,72,22.0,66.0
453515,2026-05-06,20,06,23.8,72,22.0,66.0
453516,2026-05-06,20,07,23.8,72,22.0,66.0
453517,2026-05-06,20,08,23.8,72,22.0,66.0
453518,2026-05-06,20,09,23.8,72,22.0,66.0
453519,2026-05-06,20,10,23.8,72,21.9,66.0
453520,2026-05-06,20,11,23.8,72,21.9,66.0
453521,2026-05-06,20,12,23.8,72,21.9,66.0
453522,2026-05-06,20,13,23.8,72,21.9,66.0
453523,2026-05-06,20,14,23.8,73,21.9,66.0
453524,2026-05-06,20,15,23.8,73,21.9,66.0
453525,2026-05-06,20,16,23.8,72,21.9,66.0
453526,2026-05-06,20,17,23.8,73,21.8,66.0
453527,2026-05-06,20,18,23.8,73,21.8,66.0
453528,2026-05-06,20,19,23.8,73,21.8,66.0
453529,2026-05-06,20,20,23.8,73,21.8,66.0
453530,2026-05-06,20,21,23.8,73,21.8,66.0
453531,2026-05-06,20,22,23.8,73,21.8,66.0
453532,2026-05-06,20,23,23.8,73,21.8,66.0
453533,2026-05-06,20,24,23.8,73,21.7,66.0
453534,2026-05-06,20,25,23.8,73,21.7,66.0
453535,2026-05-06,20,26,23.8,73,21.7,66.0
453536,2026-05-06,20,27,23.8,73,21.7,66.0
453537,2026-05-06,20,28,23.8,73,21.7,66.0
453538,2026-05-06,20,29,23.8,73,21.7,66.0
453539,2026-05-06,20,32,23.8,73,21.6,66.0
453540,2026-05-06,20,33,23.8,73,21.5,65.0
453541,2026-05-06,20,34,23.8,73,21.5,66.0
453542,2026-05-06,20,35,23.8,73,21.5,66.0
453543,2026-05-06,20,36,23.8,73,21.5,66.0
453544,2026-05-06,20,37,23.8,73,21.5,66.0
453545,2026-05-06,20,38,23.8,73,21.4,66.0
453546,2026-05-06,20,39,23.8,73,21.4,66.0
453547,2026-05-06,20,40,23.8,73,21.4,66.0
453548,2026-05-06,20,41,23.8,73,21.4,66.0
453549,2026-05-06,20,42,23.8,73,21.4,66.0
453550,2026-05-06,20,43,23.8,73,21.4,66.0
453551,2026-05-06,20,44,23.8,73,21.3,66.0
453552,2026-05-06,20,45,23.8,73,21.3,66.0
453553,2026-05-06,20,46,23.8,73,21.3,66.0
453554,2026-05-06,20,47,23.8,73,21.3,66.0
453555,2026-05-06,20,48,23.8,73,21.3,66.0
453556,2026-05-06,20,49,23.8,73,21.3,66.0
453557,2026-05-06,20,50,23.8,73,21.3,66.0
453558,2026-05-06,20,51,23.8,73,21.2,66.0
453559,2026-05-06,20,52,23.8,73,21.2,66.0
453560,2026-05-06,20,53,23.8,73,21.2,66.0
453561,2026-05-06,20,54,23.8,73,21.1,66.0
453562,2026-05-06,20,55,23.8,74,21.1,67.0
453563,2026-05-06,20,56,23.8,74,21.1,67.0
453564,2026-05-06,20,57,23.8,74,21.1,67.0
453565,2026-05-06,20,58,23.8,74,21.1,67.0
453566,2026-05-06,20,59,23.8,74,21.1,67.0
453567,2026-05-06,21,00,23.8,74,21.1,67.0
453568,2026-05-06,21,01,23.8,74,21.1,67.0
453569,2026-05-06,21,02,23.8,74,21.1,67.0
453570,2026-05-06,21,03,23.8,74,21.0,67.0
453571,2026-05-06,21,04,23.8,74,21.0,67.0
453572,2026-05-06,21,05,23.6,74,21.0,67.0
453573,2026-05-06,21,06,23.4,74,21.0,67.0
453574,2026-05-06,21,07,23.4,74,21.0,67.0
453575,2026-05-06,21,08,23.4,74,21.0,67.0
453576,2026-05-06,21,09,23.4,74,21.0,67.0
453577,2026-05-06,21,10,23.4,74,21.0,67.0
453578,2026-05-06,21,11,23.4,74,21.0,67.0
453579,2026-05-06,21,12,23.4,74,21.0,67.0
453580,2026-05-06,21,13,23.4,74,21.0,67.0
453581,2026-05-06,21,14,23.4,74,21.0,67.0
453582,2026-05-06,21,15,23.4,74,21.0,67.0
453583,2026-05-06,21,16,23.4,74,21.0,67.0
453584,2026-05-06,21,17,23.4,74,21.0,67.0
453585,2026-05-06,21,18,23.4,74,21.0,67.0
453586,2026-05-06,21,19,23.4,74,21.0,67.0
453587,2026-05-06,21,20,23.4,74,20.9,67.0
453588,2026-05-06,21,21,23.4,74,21.0,67.0
453589,2026-05-06,21,22,23.4,74,20.9,67.0
453590,2026-05-06,21,23,23.4,74,20.9,67.0
453591,2026-05-06,21,24,23.4,74,20.9,67.0
453592,2026-05-06,21,25,23.4,74,20.9,67.0
453593,2026-05-06,21,26,23.4,74,20.9,67.0
453594,2026-05-06,21,27,23.4,74,20.9,67.0
453595,2026-05-06,21,28,23.4,74,20.9,67.0
453596,2026-05-06,21,29,23.4,74,20.9,67.0
453597,2026-05-06,21,30,23.4,74,20.9,67.0
453598,2026-05-06,21,31,23.4,74,20.9,67.0
453599,2026-05-06,21,32,23.4,74,20.9,67.0
453600,2026-05-06,21,33,23.4,74,20.9,67.0
453601,2026-05-06,21,34,23.4,74,20.9,67.0
453602,2026-05-06,21,35,23.4,74,20.9,67.0
453603,2026-05-06,21,36,23.4,74,20.9,67.0
453604,2026-05-06,21,37,23.4,74,20.9,67.0
453605,2026-05-06,21,38,23.4,74,20.9,67.0
453606,2026-05-06,21,39,23.4,74,20.9,67.0
453607,2026-05-06,21,40,23.4,74,20.9,67.0
453608,2026-05-06,21,41,23.4,74,20.8,67.0
453609,2026-05-06,21,42,23.4,74,20.8,67.0
453610,2026-05-06,21,43,23.4,74,20.8,67.0
453611,2026-05-06,21,44,23.4,74,20.8,67.0
453612,2026-05-06,21,45,23.4,74,20.8,67.0
453613,2026-05-06,21,46,23.4,74,20.8,67.0
453614,2026-05-06,21,47,23.4,74,20.8,67.0
453615,2026-05-06,21,48,23.4,74,20.8,67.0
453616,2026-05-06,21,49,23.4,74,20.8,67.0
453617,2026-05-06,21,50,23.4,74,20.8,67.0
453618,2026-05-06,21,51,23.4,74,20.8,67.0
453619,2026-05-06,21,52,23.4,74,20.8,67.0
453620,2026-05-06,21,53,23.4,74,20.8,67.0
453621,2026-05-06,21,54,23.4,74,20.8,67.0
453622,2026-05-06,21,55,23.4,73,20.8,67.0
453623,2026-05-06,21,56,23.4,73,20.7,67.0
453624,2026-05-06,21,57,23.4,73,20.7,67.0
453625,2026-05-06,21,58,23.4,73,20.7,67.0
453626,2026-05-06,21,59,23.4,73,20.7,67.0
453627,2026-05-06,22,00,23.4,73,20.7,67.0
453628,2026-05-06,22,01,23.4,73,20.7,67.0
453629,2026-05-06,22,02,23.4,73,20.7,67.0
453630,2026-05-06,22,03,23.4,73,20.7,67.0
453631,2026-05-06,22,04,23.4,73,20.7,67.0
453632,2026-05-06,22,05,23.4,73,20.7,67.0
453633,2026-05-06,22,06,23.4,73,20.7,67.0
453634,2026-05-06,22,07,23.4,73,20.7,67.0
453635,2026-05-06,22,08,23.4,73,20.7,67.0
453636,2026-05-06,22,09,23.4,73,20.6,67.0
453637,2026-05-06,22,10,23.2,73,20.7,67.0
453638,2026-05-06,22,11,23.1,73,20.6,67.0
453639,2026-05-06,22,12,23.0,73,20.6,67.0
453640,2026-05-06,22,13,23.0,73,20.6,67.0
453641,2026-05-06,22,14,23.0,73,20.6,67.0
453642,2026-05-06,22,15,23.0,73,20.6,68.0
453643,2026-05-06,22,16,23.0,73,20.6,67.0
453644,2026-05-06,22,17,23.0,73,20.6,67.0
453645,2026-05-06,22,18,23.0,73,20.6,67.0
453646,2026-05-06,22,19,23.0,73,20.6,67.0
453647,2026-05-06,22,20,23.0,73,20.6,68.0
453648,2026-05-06,22,21,23.0,73,20.5,67.0
453649,2026-05-06,22,22,23.0,73,20.5,68.0
453650,2026-05-06,22,23,23.0,73,20.5,68.0
453651,2026-05-06,22,24,23.0,73,20.5,68.0
453652,2026-05-06,22,25,23.0,73,20.5,68.0
453653,2026-05-06,22,26,23.0,73,20.5,68.0
453654,2026-05-06,22,27,23.0,73,20.5,68.0
453655,2026-05-06,22,28,23.0,73,20.5,68.0
453656,2026-05-06,22,29,23.0,73,20.5,68.0
453657,2026-05-06,22,30,23.0,73,20.5,68.0
453658,2026-05-06,22,31,23.0,73,20.5,68.0
453659,2026-05-06,22,32,23.0,73,20.5,68.0
453660,2026-05-06,22,33,23.0,72,20.4,68.0
453661,2026-05-06,22,34,23.0,72,20.4,68.0
453662,2026-05-06,22,35,23.0,72,20.5,68.0
453663,2026-05-06,22,36,23.0,72,20.4,68.0
453664,2026-05-06,22,37,23.0,72,20.4,68.0
453665,2026-05-06,22,38,23.0,72,20.4,68.0
453666,2026-05-06,22,39,23.0,72,20.4,68.0
453667,2026-05-06,22,40,23.0,72,20.4,68.0
453668,2026-05-06,22,41,23.0,72,20.4,68.0
453669,2026-05-06,22,42,23.0,72,20.4,68.0
453670,2026-05-06,22,43,23.0,72,20.4,68.0
453671,2026-05-06,22,44,23.0,72,20.4,68.0
453672,2026-05-06,22,45,23.0,71,20.4,68.0
453673,2026-05-06,22,46,23.0,72,20.4,68.0
453674,2026-05-06,22,47,23.0,72,20.4,68.0
453675,2026-05-06,22,48,23.0,71,20.4,68.0
453676,2026-05-06,22,49,23.0,71,20.4,68.0
453677,2026-05-06,22,50,23.0,72,20.4,68.0
453678,2026-05-06,22,51,23.0,72,20.4,68.0
453679,2026-05-06,22,52,23.0,72,20.3,68.0
453680,2026-05-06,22,53,23.0,72,20.3,68.0
453681,2026-05-06,22,54,23.0,73,20.3,68.0
453682,2026-05-06,22,55,23.0,73,20.3,68.0
453683,2026-05-06,22,56,23.0,73,20.3,68.0
453684,2026-05-06,22,57,23.0,73,20.2,68.0
453685,2026-05-06,22,58,23.0,73,20.2,68.0
453686,2026-05-06,22,59,23.0,73,20.2,68.0
453687,2026-05-06,23,00,23.0,73,20.2,68.0
453688,2026-05-06,23,01,23.0,73,20.1,68.0
453689,2026-05-06,23,02,23.0,73,20.1,68.0
453690,2026-05-06,23,03,23.0,73,20.1,68.0
453691,2026-05-06,23,04,23.0,73,20.1,68.0
453692,2026-05-06,23,05,23.0,73,20.1,68.0
453693,2026-05-06,23,06,23.0,73,20.0,68.0
453694,2026-05-06,23,07,23.0,73,20.0,69.0
453695,2026-05-06,23,08,23.0,74,20.0,69.0
453696,2026-05-06,23,09,23.0,74,20.0,69.0
453697,2026-05-06,23,10,23.0,74,20.0,69.0
453698,2026-05-06,23,11,23.0,74,19.9,69.0
453699,2026-05-06,23,12,23.0,74,19.9,69.0
453700,2026-05-06,23,13,23.0,74,19.9,69.0
453701,2026-05-06,23,14,23.0,74,19.9,69.0
453702,2026-05-06,23,15,23.0,74,19.8,69.0
453703,2026-05-06,23,16,23.0,74,19.8,69.0
453704,2026-05-06,23,17,23.0,74,19.8,69.0
453705,2026-05-06,23,18,23.0,74,19.8,69.0
453706,2026-05-06,23,19,23.0,74,19.8,69.0
453707,2026-05-06,23,20,23.0,74,19.8,69.0
453708,2026-05-06,23,21,23.0,74,19.8,69.0
453709,2026-05-06,23,22,22.7,74,19.7,69.0
453710,2026-05-06,23,23,22.7,74,19.7,69.0
453711,2026-05-06,23,24,22.7,74,19.7,69.0
453712,2026-05-06,23,25,22.6,74,19.7,70.0
453713,2026-05-06,23,26,22.6,75,19.7,70.0
453714,2026-05-06,23,27,22.6,75,19.6,70.0
453715,2026-05-06,23,28,22.6,75,19.6,70.0
453716,2026-05-06,23,29,22.6,75,19.6,70.0
453717,2026-05-06,23,30,22.6,75,19.6,70.0
453718,2026-05-06,23,31,22.6,75,19.6,70.0
453719,2026-05-06,23,32,22.6,75,19.6,70.0
453720,2026-05-06,23,33,22.6,75,19.6,70.0
453721,2026-05-06,23,34,22.6,75,19.6,70.0
453722,2026-05-06,23,35,22.6,75,19.6,70.0
453723,2026-05-06,23,36,22.6,75,19.6,70.0
453724,2026-05-06,23,37,22.6,75,19.6,70.0
453725,2026-05-06,23,38,22.6,75,19.6,70.0
453726,2026-05-06,23,39,22.6,75,19.6,70.0
453727,2026-05-06,23,40,22.6,75,19.6,70.0
453728,2026-05-06,23,41,22.6,75,19.6,70.0
453729,2026-05-06,23,42,22.6,75,19.6,70.0
453730,2026-05-06,23,43,22.6,75,19.6,70.0
453731,2026-05-06,23,44,22.6,75,19.6,70.0
453732,2026-05-06,23,45,22.6,75,19.5,70.0
453733,2026-05-06,23,46,22.6,75,19.5,70.0
453734,2026-05-06,23,47,22.6,75,19.5,70.0
453735,2026-05-06,23,48,22.6,75,19.5,70.0
453736,2026-05-06,23,49,22.6,75,19.5,70.0
453737,2026-05-06,23,50,22.6,75,19.5,70.0
453738,2026-05-06,23,51,22.6,75,19.4,70.0
453739,2026-05-06,23,52,22.6,75,19.4,71.0
453740,2026-05-06,23,53,22.6,75,19.4,71.0
453741,2026-05-06,23,54,22.6,75,19.4,71.0
453742,2026-05-06,23,55,22.6,75,19.4,71.0
453743,2026-05-06,23,56,22.6,75,19.4,71.0
453744,2026-05-06,23,57,22.6,75,19.4,71.0
453745,2026-05-06,23,58,22.6,75,19.3,71.0
453746,2026-05-06,23,59,22.6,75,19.4,71.0
453747,2026-05-07,00,00,22.6,75,19.3,71.0
453748,2026-05-07,00,01,22.6,75,19.3,71.0
453749,2026-05-07,00,02,22.6,75,19.3,71.0
453750,2026-05-07,00,03,22.6,75,19.3,71.0
453751,2026-05-07,00,04,22.6,75,19.3,71.0
453752,2026-05-07,00,05,22.6,75,19.3,71.0
453753,2026-05-07,00,06,22.6,75,19.3,71.0
453754,2026-05-07,00,07,22.6,75,19.3,71.0
453755,2026-05-07,00,08,22.6,75,19.3,71.0
453756,2026-05-07,00,09,22.6,75,19.2,71.0
453757,2026-05-07,00,10,22.6,75,19.2,71.0
453758,2026-05-07,00,11,22.6,75,19.2,71.0
453759,2026-05-07,00,13,22.6,75,19.2,71.0
453760,2026-05-07,00,14,22.6,75,19.2,71.0
453761,2026-05-07,00,15,22.6,75,19.2,71.0
453762,2026-05-07,00,16,22.6,75,19.2,71.0
453763,2026-05-07,00,17,22.6,75,19.2,71.0
453764,2026-05-07,00,18,22.4,75,19.2,71.0
453765,2026-05-07,00,19,22.3,75,19.2,71.0
453766,2026-05-07,00,20,22.3,75,19.2,71.0
453767,2026-05-07,00,21,22.3,75,19.2,71.0
453768,2026-05-07,00,22,22.2,75,19.2,71.0
453769,2026-05-07,00,23,22.2,75,19.2,71.0
453770,2026-05-07,00,24,22.2,75,19.1,71.0
453771,2026-05-07,00,25,22.2,75,19.1,71.0
453772,2026-05-07,00,26,22.2,75,19.1,71.0
453773,2026-05-07,00,27,22.2,75,19.1,71.0
453774,2026-05-07,00,28,22.2,75,19.1,71.0
453775,2026-05-07,00,29,22.2,75,19.1,71.0
453776,2026-05-07,00,30,22.2,75,19.1,71.0
453777,2026-05-07,00,31,22.2,75,19.1,71.0
453778,2026-05-07,00,32,22.2,75,19.1,71.0
453779,2026-05-07,00,33,22.2,75,19.1,71.0
453780,2026-05-07,00,34,22.2,75,19.1,71.0
453781,2026-05-07,00,35,22.2,75,19.0,71.0
453782,2026-05-07,00,36,22.2,75,19.0,71.0
453783,2026-05-07,00,37,22.2,75,19.0,71.0
453784,2026-05-07,00,38,22.2,75,19.0,71.0
453785,2026-05-07,00,39,22.2,75,19.0,71.0
453786,2026-05-07,00,40,22.2,75,19.0,71.0
453787,2026-05-07,00,41,22.2,75,19.0,71.0
453788,2026-05-07,00,42,22.2,75,19.0,71.0
453789,2026-05-07,00,43,22.2,75,19.0,71.0
453790,2026-05-07,00,44,22.2,75,19.0,71.0
453791,2026-05-07,00,45,22.2,75,19.0,71.0
453792,2026-05-07,00,46,22.2,75,19.0,71.0
453793,2026-05-07,00,47,22.2,75,18.9,71.0
453794,2026-05-07,00,48,22.2,75,18.9,71.0
453795,2026-05-07,00,49,22.2,75,18.9,71.0
453796,2026-05-07,00,50,22.2,75,18.9,71.0
453797,2026-05-07,00,51,22.2,75,18.9,71.0
453798,2026-05-07,00,52,22.2,75,18.9,71.0
453799,2026-05-07,00,53,22.2,75,18.9,71.0
453800,2026-05-07,00,54,22.2,75,18.9,72.0
453801,2026-05-07,00,55,22.2,75,18.9,72.0
453802,2026-05-07,00,56,22.2,75,18.9,72.0
453803,2026-05-07,00,57,22.2,75,18.9,72.0
453804,2026-05-07,00,58,22.2,75,18.9,72.0
453805,2026-05-07,00,59,22.2,75,18.9,72.0
453806,2026-05-07,01,00,22.2,75,18.9,72.0
453807,2026-05-07,01,01,22.2,75,18.9,72.0
453808,2026-05-07,01,02,22.2,75,18.9,72.0
453809,2026-05-07,01,03,22.2,75,18.9,72.0
453810,2026-05-07,01,04,22.2,75,18.9,72.0
453811,2026-05-07,01,05,22.2,75,18.9,72.0
453812,2026-05-07,01,06,22.2,75,18.9,72.0
453813,2026-05-07,01,07,22.2,75,18.9,72.0
453814,2026-05-07,01,08,22.2,75,18.9,72.0
453815,2026-05-07,01,09,22.2,75,18.9,72.0
453816,2026-05-07,01,10,22.2,75,18.9,72.0
453817,2026-05-07,01,11,22.2,75,18.8,72.0
453818,2026-05-07,01,12,22.2,75,18.8,72.0
453819,2026-05-07,01,13,22.2,75,18.8,72.0
453820,2026-05-07,01,14,22.2,75,18.8,72.0
453821,2026-05-07,01,15,21.9,75,18.8,72.0
453822,2026-05-07,01,16,21.9,75,18.8,72.0
453823,2026-05-07,01,17,21.8,75,18.8,72.0
453824,2026-05-07,01,18,21.8,75,18.8,72.0
453825,2026-05-07,01,19,21.8,75,18.8,72.0
453826,2026-05-07,01,20,21.8,75,18.7,72.0
453827,2026-05-07,01,21,21.8,75,18.7,72.0
453828,2026-05-07,01,22,21.8,75,18.7,72.0
453829,2026-05-07,01,23,21.8,75,18.7,72.0
453830,2026-05-07,01,24,21.8,75,18.7,72.0
453831,2026-05-07,01,25,21.8,75,18.7,72.0
453832,2026-05-07,01,26,21.8,74,18.7,72.0
453833,2026-05-07,01,27,21.8,74,18.7,72.0
453834,2026-05-07,01,28,21.8,74,18.7,72.0
453835,2026-05-07,01,29,21.8,74,18.7,72.0
453836,2026-05-07,01,30,21.8,74,18.7,72.0
453837,2026-05-07,01,31,21.8,74,18.6,72.0
453838,2026-05-07,01,32,21.8,74,18.6,72.0
453839,2026-05-07,01,33,21.8,74,18.6,72.0
453840,2026-05-07,01,34,21.8,74,18.6,72.0
453841,2026-05-07,01,35,21.8,74,18.6,72.0
453842,2026-05-07,01,36,21.8,74,18.6,72.0
453843,2026-05-07,01,37,21.8,74,18.6,72.0
453844,2026-05-07,01,38,21.8,74,18.6,72.0
453845,2026-05-07,01,39,21.8,74,18.6,72.0
453846,2026-05-07,01,40,21.8,74,18.6,72.0
453847,2026-05-07,01,41,21.8,74,18.5,72.0
453848,2026-05-07,01,42,21.8,74,18.5,72.0
453849,2026-05-07,01,43,21.8,74,18.5,72.0
453850,2026-05-07,01,44,21.8,74,18.5,72.0
453851,2026-05-07,01,45,21.8,73,18.5,72.0
453852,2026-05-07,01,46,21.8,73,18.5,72.0
453853,2026-05-07,01,47,21.8,73,18.5,72.0
453854,2026-05-07,01,48,21.8,73,18.5,72.0
453855,2026-05-07,01,49,21.8,73,18.5,72.0
453856,2026-05-07,01,50,21.8,73,18.5,72.0
453857,2026-05-07,01,51,21.8,73,18.5,72.0
453858,2026-05-07,01,52,21.8,73,18.5,72.0
453859,2026-05-07,01,53,21.8,73,18.5,72.0
453860,2026-05-07,01,54,21.8,73,18.5,72.0
453861,2026-05-07,01,55,21.8,73,18.5,72.0
453862,2026-05-07,01,56,21.8,73,18.5,72.0
453863,2026-05-07,01,57,21.8,73,18.5,72.0
453864,2026-05-07,01,58,21.5,73,18.5,72.0
453865,2026-05-07,01,59,21.5,73,18.5,72.0
453866,2026-05-07,02,00,21.5,73,18.5,72.0
453867,2026-05-07,02,01,21.4,73,18.5,72.0
453868,2026-05-07,02,02,21.4,73,18.5,72.0
453869,2026-05-07,02,03,21.4,73,18.5,72.0
453870,2026-05-07,02,04,21.4,73,18.5,72.0
453871,2026-05-07,02,05,21.4,73,18.4,72.0
453872,2026-05-07,02,06,21.4,73,18.5,72.0
453873,2026-05-07,02,07,21.4,73,18.5,72.0
453874,2026-05-07,02,08,21.4,73,18.4,72.0
453875,2026-05-07,02,09,21.4,73,18.4,72.0
453876,2026-05-07,02,10,21.4,73,18.4,72.0
453877,2026-05-07,02,11,21.4,72,18.4,72.0
453878,2026-05-07,02,12,21.4,72,18.4,72.0
453879,2026-05-07,02,13,21.4,72,18.4,72.0
453880,2026-05-07,02,14,21.4,72,18.4,72.0
453881,2026-05-07,02,15,21.4,72,18.4,72.0
453882,2026-05-07,02,16,21.4,72,18.4,72.0
453883,2026-05-07,02,17,21.4,72,18.3,72.0
453884,2026-05-07,02,18,21.4,72,18.4,72.0
453885,2026-05-07,02,19,21.4,72,18.3,72.0
453886,2026-05-07,02,20,21.4,72,18.3,72.0
453887,2026-05-07,02,21,21.4,72,18.3,72.0
453888,2026-05-07,02,22,21.4,72,18.3,72.0
453889,2026-05-07,02,23,21.4,72,18.3,72.0
453890,2026-05-07,02,24,21.4,72,18.3,72.0
453891,2026-05-07,02,25,21.4,72,18.3,72.0
453892,2026-05-07,02,26,21.4,72,18.3,72.0
453893,2026-05-07,02,27,21.4,72,18.3,72.0
453894,2026-05-07,02,28,21.4,72,18.3,72.0
453895,2026-05-07,02,29,21.4,72,18.3,72.0
453896,2026-05-07,02,30,21.4,72,18.3,72.0
453897,2026-05-07,02,31,21.4,72,18.3,72.0
453898,2026-05-07,02,32,21.4,72,18.3,72.0
453899,2026-05-07,02,33,21.4,72,18.3,72.0
453900,2026-05-07,02,34,21.4,72,18.3,72.0
453901,2026-05-07,02,35,21.4,72,18.3,72.0
453902,2026-05-07,02,36,21.4,72,18.2,72.0
453903,2026-05-07,02,37,21.4,72,18.3,72.0
453904,2026-05-07,02,38,21.4,72,18.2,72.0
453905,2026-05-07,02,39,21.4,72,18.2,72.0
453906,2026-05-07,02,40,21.4,72,18.2,72.0
453907,2026-05-07,02,41,21.4,72,18.2,72.0
453908,2026-05-07,02,42,21.4,72,18.2,72.0
453909,2026-05-07,02,43,21.4,72,18.2,72.0
453910,2026-05-07,02,44,21.4,72,18.2,72.0
453911,2026-05-07,02,45,21.4,72,18.2,72.0
453912,2026-05-07,02,46,21.4,72,18.2,72.0
453913,2026-05-07,02,47,21.4,72,18.2,72.0
453914,2026-05-07,02,48,21.4,72,18.2,72.0
453915,2026-05-07,02,49,21.4,72,18.1,72.0
453916,2026-05-07,02,50,21.4,72,18.1,72.0
453917,2026-05-07,02,51,21.1,72,18.1,72.0
453918,2026-05-07,02,52,21.1,72,18.1,72.0
453919,2026-05-07,02,53,21.1,72,18.1,72.0
453920,2026-05-07,02,54,21.0,72,18.1,72.0
453921,2026-05-07,02,55,21.0,72,18.1,72.0
453922,2026-05-07,02,57,21.0,72,18.0,72.0
453923,2026-05-07,02,58,21.0,72,18.0,72.0
453924,2026-05-07,02,59,21.0,72,18.0,72.0
453925,2026-05-07,03,00,21.0,72,18.0,72.0
453926,2026-05-07,03,01,21.0,72,18.0,72.0
453927,2026-05-07,03,02,21.0,72,17.9,72.0
453928,2026-05-07,03,03,21.0,72,17.9,72.0
453929,2026-05-07,03,04,21.0,72,17.9,72.0
453930,2026-05-07,03,05,21.0,72,17.9,72.0
453931,2026-05-07,03,06,21.0,72,17.9,72.0
453932,2026-05-07,03,07,21.0,72,17.9,72.0
453933,2026-05-07,03,08,21.0,72,17.9,72.0
453934,2026-05-07,03,09,21.0,72,17.9,72.0
453935,2026-05-07,03,10,21.0,72,17.9,72.0
453936,2026-05-07,03,11,21.0,72,17.9,72.0
453937,2026-05-07,03,12,21.0,72,17.9,72.0
453938,2026-05-07,03,13,21.0,72,17.9,72.0
453939,2026-05-07,03,14,21.0,72,17.9,72.0
453940,2026-05-07,03,15,21.0,72,17.9,72.0
453941,2026-05-07,03,16,21.0,72,17.9,72.0
453942,2026-05-07,03,17,21.0,72,17.9,72.0
453943,2026-05-07,03,18,21.0,72,17.8,72.0
453944,2026-05-07,03,19,21.0,72,17.8,72.0
453945,2026-05-07,03,20,21.0,72,17.8,72.0
453946,2026-05-07,03,21,21.0,72,17.8,72.0
453947,2026-05-07,03,22,21.0,72,17.8,72.0
453948,2026-05-07,03,23,21.0,72,17.8,72.0
453949,2026-05-07,03,24,21.0,72,17.8,72.0
453950,2026-05-07,03,26,21.0,72,17.8,72.0
453951,2026-05-07,03,27,21.0,72,17.7,72.0
453952,2026-05-07,03,28,21.0,72,17.7,72.0
453953,2026-05-07,03,29,21.0,72,17.7,72.0
453954,2026-05-07,03,30,21.0,72,17.7,72.0
453955,2026-05-07,03,31,21.0,72,17.7,72.0
453956,2026-05-07,03,32,21.0,72,17.7,72.0
453957,2026-05-07,03,33,21.0,72,17.7,72.0
453958,2026-05-07,03,34,21.0,72,17.7,72.0
453959,2026-05-07,03,35,21.0,72,17.6,72.0
453960,2026-05-07,03,36,21.0,72,17.6,72.0
453961,2026-05-07,03,37,21.0,72,17.6,72.0
453962,2026-05-07,03,38,21.0,72,17.6,72.0
453963,2026-05-07,03,39,21.0,72,17.6,72.0
453964,2026-05-07,03,40,21.0,72,17.6,72.0
453965,2026-05-07,03,41,21.0,72,17.6,72.0
453966,2026-05-07,03,42,20.8,73,17.6,72.0
453967,2026-05-07,03,43,20.7,73,17.6,72.0
453968,2026-05-07,03,44,20.6,73,17.5,72.0
453969,2026-05-07,03,45,20.6,73,17.5,72.0
453970,2026-05-07,03,46,20.6,73,17.5,72.0
453971,2026-05-07,03,47,20.6,73,17.5,72.0
453972,2026-05-07,03,48,20.6,73,17.5,72.0
453973,2026-05-07,03,49,20.6,73,17.5,72.0
453974,2026-05-07,03,50,20.6,73,17.5,72.0
453975,2026-05-07,03,51,20.6,73,17.5,72.0
453976,2026-05-07,03,52,20.6,73,17.5,71.0
453977,2026-05-07,03,53,20.6,73,17.4,71.0
453978,2026-05-07,03,54,20.6,73,17.4,71.0
453979,2026-05-07,03,55,20.6,73,17.4,71.0
453980,2026-05-07,03,56,20.6,73,17.4,71.0
453981,2026-05-07,03,57,20.6,73,17.4,71.0
453982,2026-05-07,03,58,20.6,73,17.4,71.0
453983,2026-05-07,03,59,20.6,73,17.3,71.0
453984,2026-05-07,04,00,20.6,73,17.3,71.0
453985,2026-05-07,04,01,20.6,72,17.3,71.0
453986,2026-05-07,04,02,20.6,72,17.3,71.0
453987,2026-05-07,04,03,20.6,72,17.3,71.0
453988,2026-05-07,04,04,20.6,72,17.3,71.0
453989,2026-05-07,04,05,20.6,72,17.3,71.0
453990,2026-05-07,04,06,20.6,72,17.2,71.0
453991,2026-05-07,04,07,20.6,72,17.2,71.0
453992,2026-05-07,04,08,20.6,72,17.2,71.0
453993,2026-05-07,04,09,20.6,72,17.2,71.0
453994,2026-05-07,04,10,20.6,72,17.2,72.0
453995,2026-05-07,04,11,20.6,72,17.2,72.0
453996,2026-05-07,04,12,20.6,72,17.2,72.0
453997,2026-05-07,04,13,20.6,72,17.2,71.0
453998,2026-05-07,04,14,20.6,72,17.2,72.0
453999,2026-05-07,04,15,20.6,72,17.2,72.0
454000,2026-05-07,04,16,20.6,72,17.2,72.0
454001,2026-05-07,04,17,20.6,72,17.2,72.0
454002,2026-05-07,04,18,20.6,72,17.2,72.0
454003,2026-05-07,04,19,20.6,72,17.2,72.0
454004,2026-05-07,04,20,20.6,72,17.2,72.0
454005,2026-05-07,04,21,20.6,72,17.2,72.0
454006,2026-05-07,04,22,20.6,72,17.2,72.0
454007,2026-05-07,04,23,20.6,72,17.2,72.0
454008,2026-05-07,04,24,20.6,72,17.2,72.0
454009,2026-05-07,04,25,20.6,72,17.2,72.0
454010,2026-05-07,04,26,20.6,72,17.2,72.0
454011,2026-05-07,04,27,20.6,72,17.2,72.0
454012,2026-05-07,04,28,20.6,72,17.2,72.0
454013,2026-05-07,04,29,20.6,72,17.2,72.0
454014,2026-05-07,04,30,20.6,72,17.2,72.0
454015,2026-05-07,04,31,20.6,72,17.2,72.0
454016,2026-05-07,04,32,20.6,72,17.2,72.0
454017,2026-05-07,04,33,20.4,72,17.2,72.0
454018,2026-05-07,04,34,20.3,72,17.2,72.0
454019,2026-05-07,04,35,20.2,72,17.2,72.0
454020,2026-05-07,04,36,20.2,72,17.2,72.0
454021,2026-05-07,04,37,20.2,72,17.2,72.0
454022,2026-05-07,04,38,20.2,72,17.2,72.0
454023,2026-05-07,04,39,20.2,72,17.2,72.0
454024,2026-05-07,04,40,20.2,72,17.2,72.0
454025,2026-05-07,04,41,20.2,72,17.2,72.0
454026,2026-05-07,04,42,20.2,72,17.1,72.0
454027,2026-05-07,04,43,20.2,72,17.1,72.0
454028,2026-05-07,04,44,20.2,72,17.1,72.0
454029,2026-05-07,04,45,20.2,72,17.1,72.0
454030,2026-05-07,04,46,20.2,72,17.1,72.0
454031,2026-05-07,04,47,20.2,72,17.1,72.0
454032,2026-05-07,04,48,20.2,72,17.1,72.0
454033,2026-05-07,04,49,20.2,72,17.2,72.0
454034,2026-05-07,04,50,20.2,72,17.1,72.0
454035,2026-05-07,04,51,20.2,72,17.2,72.0
454036,2026-05-07,04,52,20.2,72,17.2,72.0
454037,2026-05-07,04,53,20.2,72,17.2,72.0
454038,2026-05-07,04,54,20.2,72,17.2,72.0
454039,2026-05-07,04,55,20.2,72,17.2,72.0
454040,2026-05-07,04,56,20.2,72,17.2,72.0
454041,2026-05-07,04,57,20.2,72,17.2,72.0
454042,2026-05-07,04,58,20.2,72,17.2,72.0
454043,2026-05-07,04,59,20.2,72,17.2,72.0
454044,2026-05-07,05,00,20.2,72,17.2,72.0
454045,2026-05-07,05,01,20.2,72,17.2,72.0
454046,2026-05-07,05,02,20.2,72,17.2,72.0
454047,2026-05-07,05,03,20.2,72,17.2,72.0
454048,2026-05-07,05,04,20.2,72,17.2,72.0
454049,2026-05-07,05,05,20.2,72,17.2,72.0
454050,2026-05-07,05,06,20.2,72,17.2,72.0
454051,2026-05-07,05,07,20.2,72,17.2,72.0
454052,2026-05-07,05,08,20.2,72,17.2,72.0
454053,2026-05-07,05,09,20.2,72,17.2,72.0
454054,2026-05-07,05,10,20.2,72,17.2,72.0
454055,2026-05-07,05,11,20.2,72,17.2,72.0
454056,2026-05-07,05,12,20.2,72,17.2,72.0
454057,2026-05-07,05,13,20.2,72,17.2,72.0
454058,2026-05-07,05,14,20.2,72,17.2,72.0
454059,2026-05-07,05,15,20.2,72,17.2,72.0
454060,2026-05-07,05,16,20.2,72,17.2,72.0
454061,2026-05-07,05,17,20.2,72,17.1,72.0
454062,2026-05-07,05,18,20.2,72,17.2,72.0
454063,2026-05-07,05,19,20.2,72,17.1,72.0
454064,2026-05-07,05,20,20.2,72,17.1,72.0
454065,2026-05-07,05,21,20.2,72,17.1,72.0
454066,2026-05-07,05,22,20.2,72,17.1,72.0
454067,2026-05-07,05,23,20.2,72,17.1,72.0
454068,2026-05-07,05,24,20.2,72,17.1,72.0
454069,2026-05-07,05,25,20.2,72,17.1,72.0
454070,2026-05-07,05,26,20.2,72,17.1,72.0
454071,2026-05-07,05,27,20.2,72,17.1,72.0
454072,2026-05-07,05,28,20.2,72,17.1,72.0
454073,2026-05-07,05,29,20.2,72,17.1,72.0
454074,2026-05-07,05,30,20.2,72,17.1,72.0
454075,2026-05-07,05,31,20.2,72,17.1,72.0
454076,2026-05-07,05,32,20.2,72,17.1,72.0
454077,2026-05-07,05,33,20.2,72,17.1,72.0
454078,2026-05-07,05,34,20.2,72,17.1,72.0
454079,2026-05-07,05,35,20.2,72,17.1,72.0
454080,2026-05-07,05,36,20.2,72,17.1,72.0
454081,2026-05-07,05,37,19.9,72,17.1,72.0
454082,2026-05-07,05,38,19.8,72,17.1,72.0
454083,2026-05-07,05,39,19.8,72,17.0,72.0
454084,2026-05-07,05,40,19.8,72,17.0,72.0
454085,2026-05-07,05,41,19.8,72,17.0,72.0
454086,2026-05-07,05,42,19.8,72,17.0,72.0
454087,2026-05-07,05,43,19.8,72,17.0,72.0
454088,2026-05-07,05,44,19.8,72,17.0,72.0
454089,2026-05-07,05,45,19.8,72,17.0,72.0
454090,2026-05-07,05,46,19.8,72,17.0,72.0
454091,2026-05-07,05,47,19.8,72,17.0,72.0
454092,2026-05-07,05,48,19.8,72,17.0,72.0
454093,2026-05-07,05,50,19.8,72,17.0,72.0
454094,2026-05-07,05,50,19.8,72,17.0,72.0
454095,2026-05-07,05,52,19.8,72,17.0,72.0
454096,2026-05-07,05,53,19.8,72,17.0,72.0
454097,2026-05-07,05,54,19.8,72,17.0,72.0
454098,2026-05-07,05,54,19.8,72,17.0,72.0
454099,2026-05-07,05,56,19.8,72,17.1,72.0
454100,2026-05-07,05,56,19.8,72,17.0,72.0
454101,2026-05-07,05,58,19.8,72,17.0,72.0
454102,2026-05-07,05,58,19.8,72,17.1,72.0
454103,2026-05-07,06,01,19.8,72,17.1,72.0
454104,2026-05-07,06,02,19.8,72,17.1,72.0
454105,2026-05-07,06,03,19.8,72,17.1,72.0
454106,2026-05-07,06,04,19.8,72,17.1,72.0
454107,2026-05-07,06,05,19.8,72,17.1,72.0
454108,2026-05-07,06,06,19.8,72,17.1,72.0
454109,2026-05-07,06,07,19.8,72,17.1,72.0
454110,2026-05-07,06,08,19.8,72,17.1,72.0
454111,2026-05-07,06,09,19.8,72,17.1,72.0
454112,2026-05-07,06,10,19.8,72,17.1,72.0
454113,2026-05-07,06,11,19.8,72,17.2,72.0
454114,2026-05-07,06,12,19.8,72,17.2,72.0
454115,2026-05-07,06,13,19.8,72,17.2,72.0
454116,2026-05-07,06,14,19.8,72,17.2,72.0
454117,2026-05-07,06,15,19.8,72,17.2,72.0
454118,2026-05-07,06,16,19.8,72,17.2,71.0
454119,2026-05-07,06,17,19.8,72,17.2,71.0
454120,2026-05-07,06,18,19.8,72,17.3,71.0
454121,2026-05-07,06,19,19.8,72,17.3,71.0
454122,2026-05-07,06,20,19.8,72,17.3,71.0
454123,2026-05-07,06,21,19.8,72,17.3,71.0
454124,2026-05-07,06,22,19.8,72,17.3,71.0
454125,2026-05-07,06,23,19.8,72,17.3,71.0
454126,2026-05-07,06,24,19.8,72,17.3,71.0
454127,2026-05-07,06,25,19.8,72,17.4,71.0
454128,2026-05-07,06,26,19.8,72,17.3,71.0
454129,2026-05-07,06,27,19.8,72,17.4,71.0
454130,2026-05-07,06,28,19.8,72,17.4,71.0
454131,2026-05-07,06,29,19.8,72,17.4,71.0
454132,2026-05-07,06,30,19.8,72,17.4,71.0
454133,2026-05-07,06,31,19.8,72,17.4,71.0
454134,2026-05-07,06,32,19.8,72,17.4,71.0
454135,2026-05-07,06,33,19.8,72,17.4,71.0
454136,2026-05-07,06,34,19.8,72,17.4,71.0
454137,2026-05-07,06,35,19.8,72,17.5,71.0
454138,2026-05-07,06,36,19.8,72,17.5,71.0
454139,2026-05-07,06,37,19.8,72,17.5,71.0
454140,2026-05-07,06,38,19.8,72,17.5,71.0
454141,2026-05-07,06,39,19.8,72,17.6,71.0
454142,2026-05-07,06,40,19.8,72,17.6,71.0
454143,2026-05-07,06,41,19.8,72,17.6,71.0
454144,2026-05-07,06,42,19.8,72,17.6,71.0
454145,2026-05-07,06,43,19.8,72,17.7,70.0
454146,2026-05-07,06,44,19.8,72,17.7,70.0
454147,2026-05-07,06,45,19.8,72,17.7,70.0
454148,2026-05-07,06,46,19.8,72,17.8,70.0
454149,2026-05-07,06,47,19.8,72,17.8,70.0
454150,2026-05-07,06,48,19.8,72,17.8,70.0
454151,2026-05-07,06,49,19.8,72,17.9,70.0
454152,2026-05-07,06,50,19.8,72,17.9,70.0
454153,2026-05-07,06,51,19.8,72,18.0,70.0
454154,2026-05-07,06,52,19.8,72,18.0,70.0
454155,2026-05-07,06,53,19.8,72,18.1,70.0
454156,2026-05-07,06,54,19.8,72,18.1,70.0
454157,2026-05-07,06,55,19.8,72,18.2,69.0
454158,2026-05-07,06,56,19.8,72,18.2,69.0
454159,2026-05-07,06,57,19.8,72,18.2,69.0
454160,2026-05-07,06,58,19.8,72,18.2,69.0
454161,2026-05-07,06,59,19.8,72,18.2,69.0
454162,2026-05-07,07,00,19.8,72,18.2,69.0
454163,2026-05-07,07,01,19.8,71,18.2,69.0
454164,2026-05-07,07,02,19.8,71,18.2,69.0
454165,2026-05-07,07,03,19.8,71,18.2,69.0
454166,2026-05-07,07,04,19.8,71,18.2,69.0
454167,2026-05-07,07,05,19.8,71,18.2,69.0
454168,2026-05-07,07,06,19.8,71,18.2,69.0
454169,2026-05-07,07,07,19.8,72,18.2,69.0
454170,2026-05-07,07,08,19.8,72,18.3,69.0
454171,2026-05-07,07,09,19.8,72,18.3,69.0
454172,2026-05-07,07,10,19.8,72,18.3,69.0
454173,2026-05-07,07,11,19.8,72,18.3,69.0
454174,2026-05-07,07,12,19.8,72,18.4,69.0
454175,2026-05-07,07,13,19.8,72,18.4,69.0
454176,2026-05-07,07,14,19.8,72,18.4,69.0
454177,2026-05-07,07,15,19.8,72,18.5,69.0
454178,2026-05-07,07,16,19.8,72,18.5,69.0
454179,2026-05-07,07,17,19.8,72,18.5,69.0
454180,2026-05-07,07,18,19.8,72,18.6,69.0
454181,2026-05-07,07,19,19.8,72,18.6,69.0
454182,2026-05-07,07,20,19.8,72,18.6,69.0
454183,2026-05-07,07,21,19.8,72,18.6,69.0
454184,2026-05-07,07,22,19.8,73,18.7,69.0
454185,2026-05-07,07,23,19.8,73,18.7,69.0
454186,2026-05-07,07,24,19.8,73,18.7,69.0
454187,2026-05-07,07,25,19.8,73,18.7,69.0
454188,2026-05-07,07,26,19.8,73,18.7,69.0
454189,2026-05-07,07,27,19.9,73,18.7,69.0
454190,2026-05-07,07,28,19.8,73,18.7,69.0
454191,2026-05-07,07,29,19.8,73,18.7,69.0
454192,2026-05-07,07,30,19.8,73,18.6,69.0
454193,2026-05-07,07,31,19.8,73,18.6,69.0
454194,2026-05-07,07,32,19.8,73,18.6,69.0
454195,2026-05-07,07,33,19.8,73,18.6,69.0
454196,2026-05-07,07,34,19.8,73,18.6,69.0
454197,2026-05-07,07,35,19.8,73,18.7,69.0
454198,2026-05-07,07,36,19.8,73,18.7,69.0
454199,2026-05-07,07,37,19.8,73,18.7,69.0
454200,2026-05-07,07,38,19.8,73,18.8,69.0
454201,2026-05-07,07,39,19.8,73,18.9,68.0
454202,2026-05-07,07,40,19.8,73,19.0,68.0
454203,2026-05-07,07,41,19.8,73,19.1,68.0
454204,2026-05-07,07,42,19.8,73,19.3,67.0
454205,2026-05-07,07,43,19.8,73,19.4,67.0
454206,2026-05-07,07,44,19.8,73,19.5,67.0
454207,2026-05-07,07,45,19.8,73,19.6,66.0
454208,2026-05-07,07,46,19.8,73,19.6,66.0
454209,2026-05-07,07,47,19.8,73,19.6,66.0
454210,2026-05-07,07,48,19.8,73,19.6,66.0
454211,2026-05-07,07,49,19.8,73,19.6,66.0
454212,2026-05-07,07,50,19.8,73,19.6,66.0
454213,2026-05-07,07,51,19.8,73,19.6,65.0
454214,2026-05-07,07,52,19.8,73,19.6,65.0
454215,2026-05-07,07,53,19.8,73,19.6,65.0
454216,2026-05-07,07,54,19.9,73,19.6,65.0
454217,2026-05-07,07,55,20.1,73,19.6,65.0
454218,2026-05-07,07,56,20.2,73,19.6,65.0
454219,2026-05-07,07,57,20.1,73,19.7,65.0
454220,2026-05-07,07,58,20.2,73,19.7,65.0
454221,2026-05-07,07,59,20.2,73,19.9,64.0
454222,2026-05-07,08,00,20.2,73,20.1,64.0
454223,2026-05-07,08,01,20.2,72,20.3,63.0
454224,2026-05-07,08,02,20.2,72,20.5,63.0
454225,2026-05-07,08,03,20.2,72,20.8,62.0
454226,2026-05-07,08,04,20.2,72,21.0,62.0
454227,2026-05-07,08,05,20.2,72,21.0,61.0
454228,2026-05-07,08,06,20.2,72,21.1,61.0
454229,2026-05-07,08,07,20.2,72,21.2,61.0
454230,2026-05-07,08,08,20.2,72,21.5,60.0
454231,2026-05-07,08,09,20.2,72,21.7,59.0
454232,2026-05-07,08,10,20.2,72,21.8,59.0
454233,2026-05-07,08,11,20.2,72,22.0,58.0
454234,2026-05-07,08,12,20.2,72,22.1,58.0
454235,2026-05-07,08,13,20.2,72,22.2,58.0
454236,2026-05-07,08,14,20.2,72,22.3,57.0
454237,2026-05-07,08,15,20.6,72,22.3,56.0
454238,2026-05-07,08,16,20.6,73,22.4,57.0
454239,2026-05-07,08,17,20.6,72,22.5,57.0
454240,2026-05-07,08,18,20.6,72,22.6,57.0
454241,2026-05-07,08,19,20.6,72,22.6,57.0
454242,2026-05-07,08,20,20.6,72,22.7,56.0
454243,2026-05-07,08,21,20.6,72,22.9,56.0
454244,2026-05-07,08,22,20.6,72,23.0,55.0
454245,2026-05-07,08,23,20.6,72,23.0,54.0
454246,2026-05-07,08,24,20.6,72,23.1,54.0
454247,2026-05-07,08,25,20.6,72,23.3,54.0
454248,2026-05-07,08,26,20.6,72,23.4,54.0
454249,2026-05-07,08,27,20.6,72,23.6,54.0
454250,2026-05-07,08,28,20.6,72,23.7,53.0
454251,2026-05-07,08,29,20.6,72,23.9,53.0
454252,2026-05-07,08,30,20.6,71,24.1,53.0
454253,2026-05-07,08,31,20.6,71,24.3,52.0
454254,2026-05-07,08,32,20.6,71,24.5,52.0
454255,2026-05-07,08,33,20.6,71,24.7,51.0
454256,2026-05-07,08,34,20.7,71,25.0,51.0
454257,2026-05-07,08,35,21.0,70,25.2,50.0
454258,2026-05-07,08,36,21.0,69,25.6,49.0
454259,2026-05-07,08,37,21.0,69,25.7,49.0
454260,2026-05-07,08,38,20.8,70,26.0,48.0
454261,2026-05-07,08,39,20.8,70,26.4,47.0
454262,2026-05-07,08,40,21.0,69,27.0,46.0
454263,2026-05-07,08,41,21.0,69,27.7,44.0
454264,2026-05-07,08,42,21.0,69,28.6,44.0
454265,2026-05-07,08,43,21.0,69,29.2,42.0
454266,2026-05-07,08,44,21.0,69,30.0,41.0
454267,2026-05-07,08,45,21.0,69,30.5,40.0
454268,2026-05-07,08,46,21.0,69,29.4,41.0
454269,2026-05-07,08,47,21.0,69,28.0,43.0
454270,2026-05-07,08,48,21.0,69,26.8,45.0
454271,2026-05-07,08,49,21.0,69,26.1,46.0
454272,2026-05-07,08,50,21.0,69,25.9,46.0
454273,2026-05-07,08,51,21.0,69,25.6,47.0
454274,2026-05-07,08,52,21.0,69,25.2,48.0
454275,2026-05-07,08,53,21.0,69,24.8,49.0
454276,2026-05-07,08,54,21.0,69,24.6,50.0
454277,2026-05-07,08,55,21.0,69,24.9,50.0
454278,2026-05-07,08,56,21.0,69,24.9,50.0
454279,2026-05-07,08,57,21.0,69,24.8,50.0
454280,2026-05-07,08,58,21.0,69,24.6,50.0
454281,2026-05-07,08,59,21.0,69,24.3,51.0
454282,2026-05-07,09,00,21.0,69,24.1,52.0
454283,2026-05-07,09,01,21.0,69,23.9,52.0
454284,2026-05-07,09,02,21.0,69,23.9,52.0
454285,2026-05-07,09,03,21.0,69,23.8,52.0
454286,2026-05-07,09,04,21.0,69,23.8,52.0
454287,2026-05-07,09,05,21.0,69,23.8,52.0
454288,2026-05-07,09,06,21.0,69,23.8,52.0
454289,2026-05-07,09,07,21.0,69,23.8,52.0
454290,2026-05-07,09,08,21.0,69,23.9,52.0
454291,2026-05-07,09,09,21.0,69,23.9,52.0
454292,2026-05-07,09,10,21.0,69,24.2,52.0
454293,2026-05-07,09,11,21.0,69,24.6,51.0
454294,2026-05-07,09,12,21.0,69,24.8,50.0
454295,2026-05-07,09,13,21.0,69,24.8,50.0
454296,2026-05-07,09,14,21.0,69,24.9,50.0
454297,2026-05-07,09,15,21.0,69,25.2,50.0
454298,2026-05-07,09,16,21.0,69,25.9,49.0
454299,2026-05-07,09,17,21.0,69,26.9,47.0
454300,2026-05-07,09,18,21.0,69,27.7,46.0
454301,2026-05-07,09,19,21.0,69,27.6,45.0
454302,2026-05-07,09,20,21.0,69,27.6,45.0
454303,2026-05-07,09,21,21.0,69,27.0,46.0
454304,2026-05-07,09,22,21.0,69,26.3,47.0
454305,2026-05-07,09,23,21.0,69,25.7,48.0
454306,2026-05-07,09,24,21.0,69,25.3,48.0
454307,2026-05-07,09,25,21.0,69,25.1,49.0
454308,2026-05-07,09,26,21.0,68,26.4,47.0
454309,2026-05-07,09,27,21.0,68,28.0,45.0
454310,2026-05-07,09,28,21.0,69,28.5,44.0
454311,2026-05-07,09,29,21.0,69,28.8,43.0
454312,2026-05-07,09,30,21.0,69,28.9,43.0
454313,2026-05-07,09,31,21.0,69,29.0,43.0
454314,2026-05-07,09,32,21.0,69,29.3,42.0
454315,2026-05-07,09,33,21.0,68,28.9,42.0
454316,2026-05-07,09,34,21.0,68,28.9,42.0
454317,2026-05-07,09,35,21.0,68,29.3,42.0
454318,2026-05-07,09,36,21.0,68,29.0,42.0
454319,2026-05-07,09,37,21.0,68,29.2,41.0
454320,2026-05-07,09,38,21.0,68,30.1,40.0
454321,2026-05-07,09,39,21.0,68,30.0,40.0
454322,2026-05-07,09,40,21.0,68,30.8,40.0
454323,2026-05-07,09,41,21.0,68,31.8,38.0
454324,2026-05-07,09,42,21.0,68,32.9,37.0
454325,2026-05-07,09,43,21.0,68,33.4,36.0
454326,2026-05-07,09,44,21.0,68,33.4,36.0
454327,2026-05-07,09,45,21.0,68,33.5,36.0
454328,2026-05-07,09,46,21.0,68,33.8,36.0
454329,2026-05-07,09,47,21.0,68,33.5,36.0
454330,2026-05-07,09,48,21.0,68,33.6,36.0
454331,2026-05-07,09,49,21.0,68,34.0,35.0
454332,2026-05-07,09,50,21.0,68,34.4,35.0
454333,2026-05-07,09,51,21.4,68,34.4,35.0
454334,2026-05-07,09,52,21.4,68,33.9,35.0
454335,2026-05-07,09,53,21.4,67,34.1,35.0
454336,2026-05-07,09,54,21.4,67,34.0,35.0
454337,2026-05-07,09,55,21.4,67,34.0,35.0
454338,2026-05-07,09,56,21.4,67,34.0,35.0
454339,2026-05-07,09,57,21.4,67,33.9,35.0
454340,2026-05-07,09,58,21.4,67,33.9,35.0
454341,2026-05-07,09,59,21.4,67,33.4,36.0
454342,2026-05-07,10,00,21.4,67,33.4,35.0
454343,2026-05-07,10,01,21.4,66,32.9,36.0
454344,2026-05-07,10,02,21.4,66,31.9,37.0
454345,2026-05-07,10,03,21.4,66,31.1,38.0
454346,2026-05-07,10,04,21.4,66,31.1,39.0
454347,2026-05-07,10,05,21.4,66,30.6,39.0
454348,2026-05-07,10,06,21.4,66,30.2,40.0
454349,2026-05-07,10,07,21.4,66,29.9,40.0
454350,2026-05-07,10,08,21.4,66,29.3,41.0
454351,2026-05-07,10,09,21.8,66,28.8,42.0
454352,2026-05-07,10,10,21.8,66,28.6,42.0
454353,2026-05-07,10,11,21.8,66,28.5,43.0
454354,2026-05-07,10,12,21.8,66,28.2,43.0
454355,2026-05-07,10,13,21.8,66,28.0,43.0
454356,2026-05-07,10,14,21.8,66,27.9,44.0
454357,2026-05-07,10,15,21.5,66,28.0,44.0
454358,2026-05-07,10,16,21.8,66,27.9,44.0
454359,2026-05-07,10,17,21.8,66,27.9,44.0
454360,2026-05-07,10,18,21.8,66,27.8,44.0
454361,2026-05-07,10,19,21.8,66,27.8,44.0
454362,2026-05-07,10,20,21.8,66,27.8,44.0
454363,2026-05-07,10,21,21.8,66,27.7,44.0
454364,2026-05-07,10,22,21.8,66,27.5,44.0
454365,2026-05-07,10,23,21.8,66,27.4,45.0
454366,2026-05-07,10,24,21.8,66,27.4,45.0
454367,2026-05-07,10,25,21.8,66,27.4,45.0
454368,2026-05-07,10,26,21.8,66,27.4,45.0
454369,2026-05-07,10,27,21.8,66,27.4,45.0
454370,2026-05-07,10,28,21.8,66,27.4,45.0
454371,2026-05-07,10,29,21.8,66,27.3,45.0
454372,2026-05-07,10,30,21.8,66,27.3,45.0
454373,2026-05-07,10,31,21.8,65,27.3,45.0
454374,2026-05-07,10,32,21.8,65,27.3,45.0
454375,2026-05-07,10,33,21.8,65,27.3,45.0
454376,2026-05-07,10,34,21.8,65,27.3,45.0
454377,2026-05-07,10,35,21.8,65,27.4,45.0
454378,2026-05-07,10,36,21.8,65,27.5,45.0
454379,2026-05-07,10,37,21.8,66,27.5,45.0
454380,2026-05-07,10,38,21.8,66,27.4,45.0
454381,2026-05-07,10,39,21.8,66,27.3,45.0
454382,2026-05-07,10,40,21.8,66,27.1,45.0
454383,2026-05-07,10,41,21.8,66,27.0,45.0
454384,2026-05-07,10,42,21.8,66,27.0,46.0
454385,2026-05-07,10,43,21.8,66,26.9,46.0
454386,2026-05-07,10,44,21.8,66,27.0,46.0
454387,2026-05-07,10,45,21.9,66,27.1,45.0
454388,2026-05-07,10,46,21.9,66,27.1,45.0
454389,2026-05-07,10,47,21.9,66,27.1,45.0
454390,2026-05-07,10,48,22.0,66,27.0,46.0
454391,2026-05-07,10,49,21.9,66,26.9,46.0
454392,2026-05-07,10,50,21.9,66,26.9,46.0
454393,2026-05-07,10,51,22.2,66,26.9,46.0
454394,2026-05-07,10,52,22.2,66,27.0,46.0
454395,2026-05-07,10,53,22.2,66,27.1,46.0
454396,2026-05-07,10,54,22.2,66,27.1,46.0
454397,2026-05-07,10,55,22.2,66,27.1,46.0
454398,2026-05-07,10,56,22.2,66,27.1,46.0
454399,2026-05-07,10,57,22.2,66,27.0,46.0
454400,2026-05-07,10,58,22.2,66,26.9,46.0
454401,2026-05-07,10,59,22.2,66,26.8,46.0
454402,2026-05-07,11,00,22.2,66,26.7,46.0
454403,2026-05-07,11,01,22.2,66,26.6,46.0
454404,2026-05-07,11,02,22.2,66,26.6,46.0
454405,2026-05-07,11,03,22.2,65,26.6,46.0
454406,2026-05-07,11,04,22.2,65,26.7,46.0
454407,2026-05-07,11,05,22.2,65,26.6,47.0
454408,2026-05-07,11,06,22.2,65,26.6,47.0
454409,2026-05-07,11,07,22.2,65,26.5,47.0
454410,2026-05-07,11,08,22.2,65,26.5,47.0
454411,2026-05-07,11,09,22.2,65,26.5,47.0
454412,2026-05-07,11,10,22.2,65,26.4,47.0
454413,2026-05-07,11,11,22.2,65,26.3,47.0
454414,2026-05-07,11,12,22.2,65,26.2,47.0
454415,2026-05-07,11,13,22.2,65,26.3,47.0
454416,2026-05-07,11,14,22.2,65,26.3,47.0
454417,2026-05-07,11,15,22.2,65,26.2,47.0
454418,2026-05-07,11,16,22.2,65,26.2,47.0
454419,2026-05-07,11,17,22.2,65,26.0,47.0
454420,2026-05-07,11,18,22.2,65,25.9,47.0
454421,2026-05-07,11,19,22.2,65,25.8,48.0
454422,2026-05-07,11,20,22.2,64,25.8,48.0
454423,2026-05-07,11,21,22.2,64,25.7,48.0
454424,2026-05-07,11,22,22.2,64,25.7,48.0
454425,2026-05-07,11,23,22.2,64,25.7,48.0
454426,2026-05-07,11,24,22.2,64,25.6,48.0
454427,2026-05-07,11,25,22.2,64,25.6,48.0
454428,2026-05-07,11,26,22.2,64,25.6,48.0
454429,2026-05-07,11,27,22.2,64,25.6,48.0
454430,2026-05-07,11,28,22.2,64,25.6,48.0
454431,2026-05-07,11,29,22.2,64,25.6,48.0
454432,2026-05-07,11,30,22.2,64,25.6,48.0
454433,2026-05-07,11,31,22.2,64,25.6,48.0
454434,2026-05-07,11,32,22.2,64,25.6,48.0
454435,2026-05-07,11,33,22.2,64,25.6,48.0
454436,2026-05-07,11,34,22.2,64,25.6,48.0
454437,2026-05-07,11,35,22.2,64,25.6,48.0
454438,2026-05-07,11,36,22.2,64,25.6,48.0
454439,2026-05-07,11,37,22.2,64,25.5,48.0
454440,2026-05-07,11,38,22.2,64,25.4,48.0
454441,2026-05-07,11,39,22.2,64,25.4,48.0
454442,2026-05-07,11,40,22.2,64,25.3,48.0
454443,2026-05-07,11,41,22.2,64,25.3,48.0
454444,2026-05-07,11,42,22.2,64,25.3,48.0
454445,2026-05-07,11,43,22.2,64,25.2,48.0
454446,2026-05-07,11,44,22.2,64,25.2,48.0
454447,2026-05-07,11,45,22.2,64,25.2,48.0
454448,2026-05-07,11,46,22.2,64,25.1,49.0
454449,2026-05-07,11,47,22.2,64,25.1,49.0
454450,2026-05-07,11,48,22.2,64,25.1,49.0
454451,2026-05-07,11,49,22.2,64,25.0,49.0
454452,2026-05-07,11,50,22.2,64,25.0,48.0
454453,2026-05-07,11,51,22.2,64,24.9,49.0
454454,2026-05-07,11,52,22.2,64,24.9,49.0
454455,2026-05-07,11,53,22.2,64,24.9,49.0
454456,2026-05-07,11,54,22.2,64,24.8,49.0
454457,2026-05-07,11,55,22.2,64,24.8,49.0
454458,2026-05-07,11,56,22.2,64,24.8,49.0
454459,2026-05-07,11,57,22.2,64,24.8,49.0
454460,2026-05-07,11,58,22.2,64,24.8,49.0
454461,2026-05-07,11,59,22.2,64,24.8,49.0
454462,2026-05-07,12,00,22.2,64,24.8,50.0
454463,2026-05-07,12,01,22.2,64,24.8,50.0
454464,2026-05-07,12,02,22.2,64,24.7,50.0
454465,2026-05-07,12,03,22.2,64,24.7,50.0
454466,2026-05-07,12,04,22.2,64,24.8,50.0
454467,2026-05-07,12,05,22.2,65,24.8,50.0
454468,2026-05-07,12,06,22.2,65,24.8,50.0
454469,2026-05-07,12,07,22.2,65,24.9,50.0
454470,2026-05-07,12,08,22.2,65,25.0,51.0
454471,2026-05-07,12,09,22.3,66,25.0,51.0
454472,2026-05-07,12,10,22.6,66,25.1,51.0
454473,2026-05-07,12,11,22.6,67,25.3,51.0
454474,2026-05-07,12,12,22.6,68,25.4,51.0
454475,2026-05-07,12,13,22.6,68,25.5,51.0
454476,2026-05-07,12,14,22.6,69,25.6,51.0
454477,2026-05-07,12,15,22.6,69,25.7,51.0
454478,2026-05-07,12,16,22.6,69,25.8,50.0
454479,2026-05-07,12,17,22.6,70,25.8,50.0
454480,2026-05-07,12,18,22.6,70,25.9,50.0
454481,2026-05-07,12,19,22.6,71,26.0,50.0
454482,2026-05-07,12,20,22.6,71,26.1,50.0
454483,2026-05-07,12,21,22.6,71,26.1,49.0
454484,2026-05-07,12,22,22.6,72,26.2,50.0
454485,2026-05-07,12,23,22.6,72,26.2,50.0
454486,2026-05-07,12,24,22.7,72,26.3,51.0
454487,2026-05-07,12,25,22.9,73,26.3,51.0
454488,2026-05-07,12,26,22.8,73,26.3,51.0
454489,2026-05-07,12,27,23.0,73,26.3,51.0
454490,2026-05-07,12,28,23.0,73,26.3,51.0
454491,2026-05-07,12,29,23.0,73,26.3,52.0
454492,2026-05-07,12,30,23.0,73,26.3,52.0
454493,2026-05-07,12,31,23.0,73,26.3,52.0
454494,2026-05-07,12,32,23.0,73,26.3,52.0
454495,2026-05-07,12,33,23.0,73,26.3,52.0
454496,2026-05-07,12,34,23.0,73,26.3,52.0
454497,2026-05-07,12,35,23.0,74,26.3,52.0
454498,2026-05-07,12,36,23.0,74,26.4,51.0
454499,2026-05-07,12,37,23.0,74,26.4,52.0
454500,2026-05-07,12,38,23.0,74,26.4,52.0
454501,2026-05-07,12,39,23.0,74,26.5,51.0
454502,2026-05-07,12,40,23.0,74,26.5,51.0
454503,2026-05-07,12,41,23.0,75,26.6,51.0
454504,2026-05-07,12,42,23.0,75,26.7,52.0
454505,2026-05-07,12,43,23.0,75,26.7,51.0
454506,2026-05-07,12,44,23.0,75,26.8,51.0
454507,2026-05-07,12,45,23.0,75,26.9,51.0
454508,2026-05-07,12,46,23.0,75,26.9,51.0
454509,2026-05-07,12,47,23.0,75,27.0,51.0
454510,2026-05-07,12,48,23.0,76,27.1,51.0
454511,2026-05-07,12,49,23.0,76,27.2,51.0
454512,2026-05-07,12,50,23.0,76,27.2,51.0
454513,2026-05-07,12,51,23.0,76,27.3,51.0
454514,2026-05-07,12,52,23.0,76,27.4,51.0
454515,2026-05-07,12,53,23.0,76,27.4,51.0
454516,2026-05-07,12,54,23.0,76,27.5,51.0
454517,2026-05-07,12,55,23.0,76,27.5,51.0
454518,2026-05-07,12,56,23.0,76,27.5,51.0
454519,2026-05-07,12,57,23.4,76,27.5,51.0
454520,2026-05-07,12,58,23.4,76,27.6,51.0
454521,2026-05-07,12,59,23.4,76,27.6,51.0
454522,2026-05-07,13,00,23.4,76,27.6,51.0
454523,2026-05-07,13,01,23.4,76,27.6,50.0
454524,2026-05-07,13,02,23.4,76,27.6,50.0
454525,2026-05-07,13,03,23.4,76,27.6,50.0
454526,2026-05-07,13,04,23.4,75,27.6,51.0
454527,2026-05-07,13,05,23.4,75,27.6,51.0
454528,2026-05-07,13,06,23.4,75,27.6,51.0
454529,2026-05-07,13,07,23.4,76,27.6,51.0
454530,2026-05-07,13,08,23.4,76,27.6,51.0
454531,2026-05-07,13,09,23.4,76,27.6,51.0
454532,2026-05-07,13,10,23.4,76,27.6,51.0
454533,2026-05-07,13,11,23.4,76,27.6,51.0
454534,2026-05-07,13,12,23.4,76,27.6,50.0
454535,2026-05-07,13,13,23.4,75,27.6,50.0
454536,2026-05-07,13,14,23.4,75,27.6,51.0
454537,2026-05-07,13,15,23.4,75,27.7,51.0
454538,2026-05-07,13,16,23.4,75,27.7,51.0
454539,2026-05-07,13,17,23.4,76,27.7,51.0
454540,2026-05-07,13,18,23.4,76,27.7,50.0
454541,2026-05-07,13,19,23.4,76,27.7,50.0
454542,2026-05-07,13,20,23.4,76,27.7,50.0
454543,2026-05-07,13,21,23.4,76,27.7,51.0
454544,2026-05-07,13,22,23.4,76,27.7,51.0
454545,2026-05-07,13,23,23.4,77,27.7,51.0
454546,2026-05-07,13,24,23.4,77,27.7,51.0
454547,2026-05-07,13,25,23.4,77,27.7,52.0
454548,2026-05-07,13,26,23.4,77,27.7,52.0
454549,2026-05-07,13,27,23.4,77,27.7,52.0
454550,2026-05-07,13,28,23.4,77,27.7,52.0
454551,2026-05-07,13,29,23.4,77,27.7,51.0
454552,2026-05-07,13,30,23.4,77,27.7,52.0
454553,2026-05-07,13,31,23.4,76,27.6,52.0
454554,2026-05-07,13,32,23.4,76,27.6,52.0
454555,2026-05-07,13,33,23.4,76,27.5,51.0
454556,2026-05-07,13,34,23.4,76,27.4,52.0
454557,2026-05-07,13,35,23.4,76,27.3,52.0
454558,2026-05-07,13,36,23.4,76,27.3,52.0
454559,2026-05-07,13,37,23.4,75,27.2,52.0
454560,2026-05-07,13,38,23.4,75,27.1,52.0
454561,2026-05-07,13,39,23.4,75,27.0,53.0
454562,2026-05-07,13,40,23.4,75,26.9,53.0
454563,2026-05-07,13,41,23.4,75,26.9,53.0
454564,2026-05-07,13,42,23.4,75,26.8,53.0
454565,2026-05-07,13,43,23.4,74,26.7,53.0
454566,2026-05-07,13,44,23.4,74,26.6,53.0
454567,2026-05-07,13,45,23.4,74,26.6,53.0
454568,2026-05-07,13,46,23.4,74,26.5,53.0
454569,2026-05-07,13,47,23.4,73,26.5,53.0
454570,2026-05-07,13,48,23.4,73,26.5,54.0
454571,2026-05-07,13,49,23.4,73,26.5,54.0
454572,2026-05-07,13,50,23.4,73,26.6,53.0
454573,2026-05-07,13,51,23.4,73,26.6,53.0
454574,2026-05-07,13,52,23.4,73,26.6,53.0
454575,2026-05-07,13,53,23.4,73,26.7,53.0
454576,2026-05-07,13,54,23.4,73,26.7,53.0
454577,2026-05-07,13,55,23.4,73,26.8,53.0
454578,2026-05-07,13,56,23.4,73,26.8,53.0
454579,2026-05-07,13,57,23.4,73,26.9,53.0
454580,2026-05-07,13,58,23.4,73,26.9,52.0
454581,2026-05-07,13,59,23.4,73,26.9,52.0
454582,2026-05-07,14,00,23.4,73,27.0,52.0
454583,2026-05-07,14,01,23.4,73,27.0,52.0
454584,2026-05-07,14,02,23.4,73,27.0,52.0
454585,2026-05-07,14,03,23.4,73,27.0,52.0
454586,2026-05-07,14,04,23.4,73,27.1,52.0
454587,2026-05-07,14,05,23.4,73,27.1,52.0
454588,2026-05-07,14,06,23.4,73,27.1,52.0
454589,2026-05-07,14,07,23.4,73,27.1,52.0
454590,2026-05-07,14,08,23.4,73,27.1,52.0
454591,2026-05-07,14,09,23.4,72,27.1,52.0
454592,2026-05-07,14,10,23.4,72,27.1,52.0
454593,2026-05-07,14,11,23.4,72,27.1,52.0
454594,2026-05-07,14,12,23.4,72,27.2,51.0
454595,2026-05-07,14,13,23.4,72,27.1,51.0
454596,2026-05-07,14,14,23.4,72,27.1,51.0
454597,2026-05-07,14,15,23.4,72,27.2,51.0
454598,2026-05-07,14,16,23.4,72,27.2,51.0
454599,2026-05-07,14,17,23.4,72,27.2,51.0
454600,2026-05-07,14,18,23.4,72,27.3,51.0
454601,2026-05-07,14,19,23.4,72,27.3,51.0
454602,2026-05-07,14,20,23.4,71,27.3,51.0
454603,2026-05-07,14,21,23.4,71,27.3,50.0
454604,2026-05-07,14,22,23.4,71,27.4,50.0
454605,2026-05-07,14,23,23.4,71,27.4,50.0
454606,2026-05-07,14,24,23.4,71,27.4,50.0
454607,2026-05-07,14,25,23.4,71,27.4,50.0
454608,2026-05-07,14,26,23.4,70,27.4,50.0
454609,2026-05-07,14,27,23.4,70,27.4,50.0
454610,2026-05-07,14,28,23.4,70,27.4,50.0
454611,2026-05-07,14,29,23.4,69,27.4,49.0
454612,2026-05-07,14,30,23.4,69,27.5,49.0
454613,2026-05-07,14,31,23.4,69,27.5,49.0
454614,2026-05-07,14,32,23.4,69,27.5,49.0
454615,2026-05-07,14,33,23.4,69,27.4,49.0
454616,2026-05-07,14,34,23.4,69,27.4,49.0
454617,2026-05-07,14,35,23.4,69,27.4,49.0
454618,2026-05-07,14,36,23.4,69,27.4,49.0
454619,2026-05-07,14,37,23.4,69,27.4,49.0
454620,2026-05-07,14,38,23.4,69,27.3,49.0
454621,2026-05-07,14,39,23.4,69,27.3,49.0
454622,2026-05-07,14,40,23.4,69,27.4,49.0
454623,2026-05-07,14,41,23.4,68,27.4,49.0
454624,2026-05-07,14,42,23.4,68,27.4,49.0
454625,2026-05-07,14,43,23.4,68,27.5,49.0
454626,2026-05-07,14,44,23.4,68,27.6,48.0
454627,2026-05-07,14,45,23.7,68,27.6,48.0
454628,2026-05-07,14,46,23.8,68,27.6,48.0
454629,2026-05-07,14,47,23.8,68,27.6,48.0
454630,2026-05-07,14,48,23.8,68,27.5,48.0
454631,2026-05-07,14,49,23.8,67,27.5,48.0
454632,2026-05-07,14,50,23.8,67,27.4,49.0
454633,2026-05-07,14,51,23.8,67,27.3,49.0
454634,2026-05-07,14,52,23.8,66,27.2,49.0
454635,2026-05-07,14,53,23.8,66,27.1,49.0
454636,2026-05-07,14,54,23.8,66,27.0,49.0
454637,2026-05-07,14,55,23.8,65,27.0,49.0
454638,2026-05-07,14,56,23.8,65,26.9,49.0
454639,2026-05-07,14,57,23.8,65,26.9,49.0
454640,2026-05-07,14,58,23.8,65,26.9,49.0
454641,2026-05-07,14,59,23.8,64,26.9,49.0
454642,2026-05-07,15,00,23.8,64,26.8,49.0
454643,2026-05-07,15,01,23.8,64,26.8,49.0
454644,2026-05-07,15,02,23.8,64,26.7,50.0
454645,2026-05-07,15,03,23.8,64,26.6,50.0
454646,2026-05-07,15,04,23.8,64,26.6,50.0
454647,2026-05-07,15,05,23.8,64,26.6,50.0
454648,2026-05-07,15,06,23.8,64,26.5,50.0
454649,2026-05-07,15,07,23.8,64,26.5,50.0
454650,2026-05-07,15,08,23.8,64,26.5,50.0
454651,2026-05-07,15,09,23.8,64,26.5,50.0
454652,2026-05-07,15,10,23.8,63,26.5,50.0
454653,2026-05-07,15,11,23.8,63,26.5,50.0
454654,2026-05-07,15,12,23.8,63,26.5,49.0
454655,2026-05-07,15,13,23.8,63,26.6,49.0
454656,2026-05-07,15,14,23.8,63,26.6,49.0
454657,2026-05-07,15,15,24.1,63,26.6,49.0
454658,2026-05-07,15,16,24.1,63,26.7,49.0
454659,2026-05-07,15,17,24.1,63,26.7,49.0
454660,2026-05-07,15,18,24.1,63,26.7,49.0
454661,2026-05-07,15,19,24.1,63,26.7,49.0
454662,2026-05-07,15,20,24.1,63,26.7,49.0
454663,2026-05-07,15,21,24.1,63,26.7,49.0
454664,2026-05-07,15,22,24.1,63,26.7,49.0
454665,2026-05-07,15,23,24.1,63,26.7,49.0
454666,2026-05-07,15,24,24.1,63,26.7,49.0
454667,2026-05-07,15,25,24.1,63,26.8,49.0
454668,2026-05-07,15,26,24.1,63,26.7,49.0
454669,2026-05-07,15,27,24.1,63,26.7,49.0
454670,2026-05-07,15,28,24.1,63,26.8,49.0
454671,2026-05-07,15,29,24.1,63,26.7,49.0
454672,2026-05-07,15,30,24.1,62,26.8,49.0
454673,2026-05-07,15,31,24.1,62,26.7,49.0
454674,2026-05-07,15,32,24.1,62,26.7,49.0
454675,2026-05-07,15,33,24.1,62,26.7,49.0
454676,2026-05-07,15,34,24.1,62,26.7,49.0
454677,2026-05-07,15,35,24.1,62,26.7,49.0
454678,2026-05-07,15,36,24.1,62,26.7,49.0
454679,2026-05-07,15,37,24.1,62,26.7,49.0
454680,2026-05-07,15,38,24.1,63,26.7,49.0
454681,2026-05-07,15,39,24.1,63,26.7,49.0
454682,2026-05-07,15,40,24.1,63,26.7,49.0
454683,2026-05-07,15,41,24.1,63,26.8,49.0
454684,2026-05-07,15,42,24.1,63,26.9,49.0
454685,2026-05-07,15,43,24.1,63,27.0,49.0
454686,2026-05-07,15,44,24.1,63,26.9,49.0
454687,2026-05-07,15,45,24.1,63,26.9,49.0
454688,2026-05-07,15,46,24.1,63,26.9,49.0
454689,2026-05-07,15,47,24.1,63,26.9,49.0
454690,2026-05-07,15,48,24.1,63,26.9,49.0
454691,2026-05-07,15,49,24.1,63,26.9,49.0
454692,2026-05-07,15,50,24.1,63,26.9,49.0
454693,2026-05-07,15,51,24.1,63,26.9,49.0
454694,2026-05-07,15,52,24.1,63,26.9,49.0
454695,2026-05-07,15,53,24.1,63,26.9,49.0
454696,2026-05-07,15,54,24.1,63,26.8,49.0
454697,2026-05-07,15,55,24.1,63,26.8,49.0
454698,2026-05-07,15,56,24.1,63,26.7,49.0
454699,2026-05-07,15,57,24.1,63,26.7,49.0
454700,2026-05-07,15,58,24.1,63,26.6,49.0
454701,2026-05-07,15,59,24.1,63,26.6,49.0
454702,2026-05-07,16,00,24.1,63,26.6,49.0
454703,2026-05-07,16,01,24.1,63,26.6,49.0
454704,2026-05-07,16,02,24.1,63,26.5,49.0
454705,2026-05-07,16,03,24.1,63,26.5,50.0
454706,2026-05-07,16,04,24.1,63,26.5,50.0
454707,2026-05-07,16,05,24.1,63,26.5,50.0
454708,2026-05-07,16,06,24.1,63,26.5,50.0
454709,2026-05-07,16,07,24.1,63,26.5,50.0
454710,2026-05-07,16,08,24.1,63,26.4,50.0
454711,2026-05-07,16,09,24.1,63,26.4,50.0
454712,2026-05-07,16,10,24.1,63,26.4,50.0
454713,2026-05-07,16,11,24.1,63,26.5,50.0
454714,2026-05-07,16,12,24.1,63,26.5,50.0
454715,2026-05-07,16,13,24.1,63,26.6,50.0
454716,2026-05-07,16,14,24.1,63,26.6,50.0
454717,2026-05-07,16,15,24.1,63,26.6,50.0
454718,2026-05-07,16,16,24.1,63,26.7,49.0
454719,2026-05-07,16,17,24.1,64,26.7,49.0
454720,2026-05-07,16,18,24.1,64,26.7,49.0
454721,2026-05-07,16,19,24.1,64,26.7,49.0
454722,2026-05-07,16,20,24.1,64,26.7,50.0
454723,2026-05-07,16,21,24.1,64,26.7,50.0
454724,2026-05-07,16,22,24.1,64,26.7,50.0
454725,2026-05-07,16,23,24.1,64,26.7,49.0
454726,2026-05-07,16,24,24.1,64,26.7,49.0
454727,2026-05-07,16,25,24.2,64,26.8,49.0
454728,2026-05-07,16,26,24.2,64,26.8,49.0
454729,2026-05-07,16,27,24.5,64,26.8,49.0
454730,2026-05-07,16,28,24.5,64,26.8,49.0
454731,2026-05-07,16,29,24.5,64,26.8,49.0
454732,2026-05-07,16,30,24.5,64,26.9,49.0
454733,2026-05-07,16,31,24.5,64,26.8,49.0
454734,2026-05-07,16,32,24.5,64,26.8,49.0
454735,2026-05-07,16,33,24.5,64,26.7,50.0
454736,2026-05-07,16,34,24.5,64,26.7,50.0
454737,2026-05-07,16,35,24.5,64,26.7,50.0
454738,2026-05-07,16,36,24.5,64,26.7,50.0
454739,2026-05-07,16,37,24.5,64,26.7,50.0
454740,2026-05-07,16,38,24.5,64,26.7,50.0
454741,2026-05-07,16,39,24.5,64,26.6,50.0
454742,2026-05-07,16,40,24.5,64,26.6,50.0
454743,2026-05-07,16,41,24.5,64,26.6,50.0
454744,2026-05-07,16,42,24.5,63,26.6,50.0
454745,2026-05-07,16,43,24.5,64,26.6,50.0
454746,2026-05-07,16,44,24.5,64,26.6,50.0
454747,2026-05-07,16,45,24.5,64,26.5,50.0
454748,2026-05-07,16,46,24.5,64,26.5,50.0
454749,2026-05-07,16,47,24.5,63,26.5,50.0
454750,2026-05-07,16,48,24.5,63,26.6,50.0
454751,2026-05-07,16,49,24.5,64,26.6,50.0
454752,2026-05-07,16,50,24.5,64,26.5,50.0
454753,2026-05-07,16,51,24.5,64,26.5,50.0
454754,2026-05-07,16,52,24.5,64,26.4,50.0
454755,2026-05-07,16,53,24.5,64,26.4,50.0
454756,2026-05-07,16,54,24.5,64,26.4,51.0
454757,2026-05-07,16,55,24.5,64,26.4,51.0
454758,2026-05-07,16,56,24.5,64,26.3,51.0
454759,2026-05-07,16,57,24.5,64,26.3,51.0
454760,2026-05-07,16,58,24.5,64,26.2,51.0
454761,2026-05-07,16,59,24.5,64,26.2,51.0
454762,2026-05-07,17,00,24.5,64,26.1,51.0
454763,2026-05-07,17,01,24.5,64,26.0,51.0
454764,2026-05-07,17,02,24.5,64,26.0,51.0
454765,2026-05-07,17,03,24.5,64,26.0,51.0
454766,2026-05-07,17,04,24.5,64,26.0,51.0
454767,2026-05-07,17,05,24.5,64,25.9,50.0
454768,2026-05-07,17,06,24.5,64,25.9,50.0
454769,2026-05-07,17,07,24.5,64,25.8,49.0
454770,2026-05-07,17,08,24.5,63,25.8,50.0
454771,2026-05-07,17,09,24.5,63,25.7,50.0
454772,2026-05-07,17,10,24.5,63,25.7,50.0
454773,2026-05-07,17,11,24.5,63,25.7,49.0
454774,2026-05-07,17,12,24.5,63,25.7,50.0
454775,2026-05-07,17,13,24.5,63,25.7,50.0
454776,2026-05-07,17,14,24.5,63,25.7,50.0
454777,2026-05-07,17,15,24.5,63,25.7,50.0
454778,2026-05-07,17,16,24.5,63,25.6,51.0
454779,2026-05-07,17,17,24.5,63,25.6,50.0
454780,2026-05-07,17,18,24.5,63,25.6,50.0
454781,2026-05-07,17,19,24.5,63,25.6,51.0
454782,2026-05-07,17,20,24.5,63,25.6,51.0
454783,2026-05-07,17,21,24.5,63,25.6,50.0
454784,2026-05-07,17,22,24.5,63,25.5,50.0
454785,2026-05-07,17,23,24.5,63,25.5,50.0
454786,2026-05-07,17,24,24.5,63,25.4,50.0
454787,2026-05-07,17,25,24.5,63,25.4,50.0
454788,2026-05-07,17,26,24.5,63,25.3,50.0
454789,2026-05-07,17,27,24.5,63,25.2,50.0
454790,2026-05-07,17,28,24.5,63,25.1,50.0
454791,2026-05-07,17,29,24.5,63,25.1,50.0
454792,2026-05-07,17,30,24.5,64,25.1,51.0
454793,2026-05-07,17,31,24.5,64,25.0,51.0
454794,2026-05-07,17,32,24.5,64,24.9,51.0
454795,2026-05-07,17,33,24.5,64,24.9,51.0
454796,2026-05-07,17,34,24.5,64,24.8,52.0
454797,2026-05-07,17,35,24.5,63,24.8,52.0
454798,2026-05-07,17,36,24.5,64,24.7,52.0
454799,2026-05-07,17,37,24.5,64,24.6,52.0
454800,2026-05-07,17,38,24.5,64,24.6,52.0
454801,2026-05-07,17,39,24.5,64,24.5,52.0
454802,2026-05-07,17,40,24.5,64,24.5,52.0
454803,2026-05-07,17,41,24.5,64,24.4,53.0
454804,2026-05-07,17,42,24.5,64,24.4,53.0
454805,2026-05-07,17,43,24.5,64,24.3,53.0
454806,2026-05-07,17,44,24.5,64,24.3,53.0
454807,2026-05-07,17,45,24.5,64,24.2,53.0
454808,2026-05-07,17,46,24.5,64,24.2,53.0
454809,2026-05-07,17,47,24.5,64,24.1,54.0
454810,2026-05-07,17,48,24.3,64,24.1,53.0
454811,2026-05-07,17,49,24.2,64,24.1,53.0
454812,2026-05-07,17,50,24.2,64,24.0,54.0
454813,2026-05-07,17,51,24.1,64,24.0,54.0
454814,2026-05-07,17,52,24.1,64,23.9,54.0
454815,2026-05-07,17,54,24.1,64,23.8,54.0
454816,2026-05-07,17,55,24.1,65,23.7,54.0
454817,2026-05-07,17,56,24.1,65,23.7,54.0
454818,2026-05-07,17,57,24.1,65,23.7,54.0
454819,2026-05-07,17,58,24.1,65,23.6,55.0
454820,2026-05-07,17,59,24.1,65,23.6,55.0
454821,2026-05-07,18,00,24.1,65,23.5,55.0
454822,2026-05-07,18,01,24.1,65,23.5,55.0
454823,2026-05-07,18,02,24.1,65,23.5,55.0
454824,2026-05-07,18,03,24.1,65,23.4,55.0
454825,2026-05-07,18,04,24.1,65,23.4,55.0
454826,2026-05-07,18,05,24.1,66,23.3,55.0
454827,2026-05-07,18,06,24.1,66,23.3,55.0
454828,2026-05-07,18,07,24.1,66,23.2,55.0
454829,2026-05-07,18,08,24.1,66,23.2,56.0
454830,2026-05-07,18,09,24.1,66,23.2,55.0
454831,2026-05-07,18,10,24.1,67,23.1,55.0
454832,2026-05-07,18,11,24.1,67,23.1,56.0
454833,2026-05-07,18,12,24.1,68,23.1,56.0
454834,2026-05-07,18,13,24.1,68,23.0,56.0
454835,2026-05-07,18,14,24.1,68,23.0,56.0
454836,2026-05-07,18,15,24.1,68,23.0,56.0
454837,2026-05-07,18,16,24.1,69,22.9,56.0
454838,2026-05-07,18,17,24.1,69,22.9,56.0
454839,2026-05-07,18,18,24.1,69,22.8,56.0
454840,2026-05-07,18,19,24.1,69,22.8,56.0
454841,2026-05-07,18,20,24.1,69,22.8,56.0
454842,2026-05-07,18,21,24.1,69,22.7,56.0
454843,2026-05-07,18,22,24.1,69,22.7,56.0
454844,2026-05-07,18,23,24.1,69,22.7,56.0
454845,2026-05-07,18,24,24.1,69,22.6,56.0
454846,2026-05-07,18,25,24.1,69,22.6,56.0
454847,2026-05-07,18,26,24.1,70,22.6,57.0
454848,2026-05-07,18,27,24.1,70,22.6,57.0
454849,2026-05-07,18,28,24.1,70,22.6,57.0
454850,2026-05-07,18,29,24.1,70,22.6,57.0
454851,2026-05-07,18,30,24.1,70,22.6,57.0
454852,2026-05-07,18,31,24.1,69,22.5,57.0
454853,2026-05-07,18,32,24.1,68,22.5,57.0
454854,2026-05-07,18,33,24.1,67,22.5,57.0
454855,2026-05-07,18,34,24.1,68,22.5,57.0
454856,2026-05-07,18,35,24.1,68,22.5,58.0
454857,2026-05-07,18,36,24.1,68,22.5,58.0
454858,2026-05-07,18,37,24.1,68,22.5,58.0
454859,2026-05-07,18,38,24.1,68,22.4,58.0
454860,2026-05-07,18,39,24.1,67,22.4,58.0
454861,2026-05-07,18,40,24.1,67,22.4,58.0
454862,2026-05-07,18,41,24.1,67,22.4,58.0
454863,2026-05-07,18,42,24.1,67,22.4,58.0
454864,2026-05-07,18,43,24.1,67,22.3,58.0
454865,2026-05-07,18,44,24.1,68,22.3,58.0
454866,2026-05-07,18,45,24.1,68,22.3,58.0
454867,2026-05-07,18,46,24.1,68,22.3,58.0
454868,2026-05-07,18,47,24.1,68,22.3,58.0
454869,2026-05-07,18,48,24.1,69,22.2,58.0
454870,2026-05-07,18,49,24.1,69,22.2,58.0
454871,2026-05-07,18,50,24.1,69,22.2,58.0
454872,2026-05-07,18,51,24.1,69,22.2,58.0
454873,2026-05-07,18,52,24.1,69,22.2,58.0
454874,2026-05-07,18,53,24.1,69,22.2,58.0
454875,2026-05-07,18,54,24.1,69,22.1,58.0
454876,2026-05-07,18,55,24.1,69,22.1,58.0
454877,2026-05-07,18,56,24.1,69,22.1,58.0
454878,2026-05-07,18,57,24.1,69,22.1,58.0
454879,2026-05-07,18,58,24.1,69,22.1,58.0
454880,2026-05-07,18,59,24.1,69,22.0,58.0
454881,2026-05-07,19,00,24.1,69,22.0,58.0
454882,2026-05-07,19,01,24.1,69,22.0,58.0
454883,2026-05-07,19,02,24.1,70,22.0,58.0
454884,2026-05-07,19,04,24.1,70,21.9,58.0
454885,2026-05-07,19,05,24.1,70,21.9,58.0
454886,2026-05-07,19,06,24.1,70,21.9,59.0
454887,2026-05-07,19,07,24.1,70,21.9,59.0
454888,2026-05-07,19,08,24.1,70,21.9,59.0
454889,2026-05-07,19,09,23.9,70,21.9,59.0
454890,2026-05-07,19,10,23.8,70,21.8,59.0
454891,2026-05-07,19,11,23.8,70,21.8,59.0
454892,2026-05-07,19,12,23.8,71,21.8,59.0
454893,2026-05-07,19,13,23.8,71,21.8,59.0
454894,2026-05-07,19,14,23.8,71,21.8,59.0
454895,2026-05-07,19,15,23.8,71,21.8,59.0
454896,2026-05-07,19,16,23.8,71,21.8,59.0
454897,2026-05-07,19,17,23.8,71,21.7,59.0
454898,2026-05-07,19,18,23.8,71,21.7,59.0
454899,2026-05-07,19,19,23.8,71,21.7,59.0
454900,2026-05-07,19,20,23.8,71,21.7,59.0
454901,2026-05-07,19,21,23.8,70,21.7,60.0
454902,2026-05-07,19,22,23.8,70,21.7,60.0
454903,2026-05-07,19,23,23.8,69,21.7,60.0
454904,2026-05-07,19,24,23.8,69,21.7,61.0
454905,2026-05-07,19,25,23.8,69,21.7,61.0
454906,2026-05-07,19,26,23.8,69,21.6,61.0
454907,2026-05-07,19,27,23.8,69,21.6,61.0
454908,2026-05-07,19,28,23.8,69,21.6,61.0
454909,2026-05-07,19,29,23.8,69,21.6,61.0
454910,2026-05-07,19,30,23.8,69,21.6,61.0
454911,2026-05-07,19,31,23.8,69,21.6,61.0
454912,2026-05-07,19,32,23.8,69,21.6,61.0
454913,2026-05-07,19,33,23.8,69,21.6,61.0
454914,2026-05-07,19,34,23.8,69,21.6,61.0
454915,2026-05-07,19,35,23.8,69,21.6,61.0
454916,2026-05-07,19,36,23.8,70,21.6,62.0
454917,2026-05-07,19,37,23.8,70,21.6,62.0
454918,2026-05-07,19,38,23.8,70,21.6,62.0
454919,2026-05-07,19,39,23.8,70,21.5,62.0
454920,2026-05-07,19,40,23.8,70,21.5,62.0
454921,2026-05-07,19,41,23.8,70,21.5,62.0
454922,2026-05-07,19,42,23.8,70,21.5,62.0
454923,2026-05-07,19,43,23.8,70,21.5,62.0
454924,2026-05-07,19,44,23.8,70,21.5,62.0
454925,2026-05-07,19,45,23.8,70,21.5,62.0
454926,2026-05-07,19,46,23.8,70,21.5,62.0
454927,2026-05-07,19,47,23.8,70,21.5,62.0
454928,2026-05-07,19,48,23.8,70,21.5,62.0
454929,2026-05-07,19,49,23.8,70,21.5,63.0
454930,2026-05-07,19,50,23.8,70,21.4,63.0
454931,2026-05-07,19,51,23.8,70,21.4,63.0
454932,2026-05-07,19,52,23.8,70,21.4,63.0
454933,2026-05-07,19,53,23.8,70,21.4,63.0
454934,2026-05-07,19,54,23.8,70,21.4,63.0
454935,2026-05-07,19,55,23.8,70,21.4,63.0
454936,2026-05-07,19,56,23.8,70,21.3,63.0
454937,2026-05-07,19,57,23.8,70,21.3,63.0
454938,2026-05-07,19,58,23.8,70,21.3,63.0
454939,2026-05-07,19,59,23.8,70,21.3,63.0
454940,2026-05-07,20,00,23.8,70,21.3,63.0
454941,2026-05-07,20,01,23.8,70,21.3,63.0
454942,2026-05-07,20,02,23.8,70,21.3,63.0
454943,2026-05-07,20,03,23.8,71,21.3,63.0
454944,2026-05-07,20,04,23.8,71,21.3,63.0
454945,2026-05-07,20,05,23.8,71,21.3,63.0
454946,2026-05-07,20,06,23.8,71,21.3,63.0
454947,2026-05-07,20,07,23.8,71,21.3,63.0
454948,2026-05-07,20,08,23.8,71,21.2,63.0
454949,2026-05-07,20,09,23.8,70,21.2,63.0
454950,2026-05-07,20,10,23.8,70,21.2,63.0
454951,2026-05-07,20,11,23.8,70,21.2,63.0
454952,2026-05-07,20,12,23.8,70,21.2,63.0
454953,2026-05-07,20,13,23.8,70,21.2,63.0
454954,2026-05-07,20,14,23.8,70,21.2,63.0
454955,2026-05-07,20,15,23.8,70,21.2,63.0
454956,2026-05-07,20,16,23.8,71,21.2,63.0
454957,2026-05-07,20,17,23.8,70,21.2,63.0
454958,2026-05-07,20,18,23.8,71,21.2,63.0
454959,2026-05-07,20,19,23.8,71,21.1,63.0
454960,2026-05-07,20,20,23.8,71,21.1,63.0
454961,2026-05-07,20,21,23.8,71,21.1,63.0
454962,2026-05-07,20,22,23.8,71,21.1,63.0
454963,2026-05-07,20,23,23.8,71,21.1,63.0
454964,2026-05-07,20,24,23.8,71,21.1,63.0
454965,2026-05-07,20,25,23.8,71,21.1,63.0
454966,2026-05-07,20,26,23.8,71,21.1,63.0
454967,2026-05-07,20,27,23.6,71,21.0,63.0
454968,2026-05-07,20,28,23.4,71,21.0,63.0
454969,2026-05-07,20,29,23.4,71,21.0,63.0
454970,2026-05-07,20,30,23.4,71,21.0,63.0
454971,2026-05-07,20,31,23.4,71,21.0,63.0
454972,2026-05-07,20,32,23.4,71,21.0,63.0
454973,2026-05-07,20,33,23.4,71,20.9,63.0
454974,2026-05-07,20,34,23.4,71,20.9,64.0
454975,2026-05-07,20,35,23.4,71,20.9,64.0
454976,2026-05-07,20,36,23.4,71,20.9,64.0
454977,2026-05-07,20,37,23.4,71,20.9,64.0
454978,2026-05-07,20,38,23.4,71,20.9,64.0
454979,2026-05-07,20,39,23.4,71,20.9,64.0
454980,2026-05-07,20,40,23.4,71,20.9,64.0
454981,2026-05-07,20,41,23.4,71,20.9,64.0
454982,2026-05-07,20,42,23.4,71,20.8,64.0
454983,2026-05-07,20,43,23.4,71,20.8,64.0
454984,2026-05-07,20,44,23.4,71,20.8,64.0
454985,2026-05-07,20,45,23.4,71,20.8,64.0
454986,2026-05-07,20,46,23.4,71,20.8,64.0
454987,2026-05-07,20,47,23.4,71,20.8,64.0
454988,2026-05-07,20,48,23.4,71,20.7,64.0
454989,2026-05-07,20,49,23.4,71,20.7,64.0
454990,2026-05-07,20,50,23.4,71,20.7,64.0
454991,2026-05-07,20,51,23.4,71,20.7,64.0
454992,2026-05-07,20,52,23.4,71,20.7,64.0
454993,2026-05-07,20,53,23.4,71,20.7,64.0
454994,2026-05-07,20,54,23.4,71,20.7,64.0
454995,2026-05-07,20,55,23.4,71,20.7,64.0
454996,2026-05-07,20,56,23.4,71,20.7,64.0
454997,2026-05-07,20,57,23.4,71,20.6,64.0
454998,2026-05-07,20,58,23.4,71,20.6,64.0
454999,2026-05-07,20,59,23.4,71,20.6,64.0
455000,2026-05-07,21,00,23.4,71,20.6,64.0
455001,2026-05-07,21,01,23.4,71,20.6,64.0
455002,2026-05-07,21,02,23.4,70,20.6,64.0
455003,2026-05-07,21,03,23.4,71,20.6,64.0
455004,2026-05-07,21,04,23.4,71,20.5,64.0
455005,2026-05-07,21,05,23.4,71,20.5,64.0
455006,2026-05-07,21,06,23.4,71,20.5,64.0
455007,2026-05-07,21,07,23.4,71,20.5,64.0
455008,2026-05-07,21,08,23.4,71,20.5,64.0
455009,2026-05-07,21,09,23.4,71,20.5,64.0
455010,2026-05-07,21,10,23.4,71,20.5,64.0
455011,2026-05-07,21,11,23.4,71,20.5,64.0
455012,2026-05-07,21,12,23.4,71,20.5,64.0
455013,2026-05-07,21,13,23.4,71,20.5,64.0
455014,2026-05-07,21,14,23.4,71,20.4,65.0
455015,2026-05-07,21,15,23.4,71,20.4,65.0
455016,2026-05-07,21,16,23.4,71,20.4,65.0
455017,2026-05-07,21,17,23.4,71,20.4,64.0
455018,2026-05-07,21,18,23.4,71,20.4,65.0
455019,2026-05-07,21,19,23.4,71,20.4,65.0
455020,2026-05-07,21,20,23.4,71,20.4,65.0
455021,2026-05-07,21,21,23.4,70,20.4,65.0
455022,2026-05-07,21,22,23.4,71,20.3,65.0
455023,2026-05-07,21,23,23.4,71,20.3,65.0
455024,2026-05-07,21,24,23.4,71,20.3,65.0
455025,2026-05-07,21,25,23.0,71,20.3,65.0
455026,2026-05-07,21,26,23.0,70,20.3,65.0
455027,2026-05-07,21,27,23.0,70,20.3,65.0
455028,2026-05-07,21,28,23.0,71,20.3,65.0
455029,2026-05-07,21,29,23.0,70,20.3,65.0
455030,2026-05-07,21,30,23.0,70,20.3,65.0
455031,2026-05-07,21,31,23.0,70,20.3,65.0
455032,2026-05-07,21,32,23.0,69,20.3,65.0
455033,2026-05-07,21,33,23.0,69,20.2,65.0
455034,2026-05-07,21,34,23.0,69,20.3,65.0
455035,2026-05-07,21,35,23.0,69,20.2,65.0
455036,2026-05-07,21,36,23.0,69,20.2,65.0
455037,2026-05-07,21,37,23.0,69,20.2,65.0
455038,2026-05-07,21,38,23.0,69,20.2,65.0
455039,2026-05-07,21,39,23.0,69,20.2,65.0
455040,2026-05-07,21,40,23.0,69,20.2,65.0
455041,2026-05-07,21,41,23.0,69,20.2,65.0
455042,2026-05-07,21,42,23.0,69,20.2,65.0
455043,2026-05-07,21,43,23.0,69,20.2,65.0
455044,2026-05-07,21,44,23.0,69,20.1,65.0
455045,2026-05-07,21,45,23.0,69,20.1,65.0
455046,2026-05-07,21,46,23.0,69,20.1,65.0
455047,2026-05-07,21,47,23.0,69,20.1,65.0
455048,2026-05-07,21,48,23.0,69,20.1,65.0
455049,2026-05-07,21,49,23.0,69,20.1,65.0
455050,2026-05-07,21,50,23.0,69,20.1,65.0
455051,2026-05-07,21,51,23.0,68,20.1,65.0
455052,2026-05-07,21,52,23.0,68,20.1,65.0
455053,2026-05-07,21,53,23.0,68,20.1,65.0
455054,2026-05-07,21,54,23.0,68,20.0,65.0
455055,2026-05-07,21,55,23.0,68,20.0,65.0
455056,2026-05-07,21,56,23.0,68,20.0,65.0
455057,2026-05-07,21,57,23.0,68,20.0,65.0
455058,2026-05-07,21,58,23.0,68,20.0,65.0
455059,2026-05-07,21,59,23.0,68,20.0,65.0
455060,2026-05-07,22,00,23.0,68,20.0,65.0
455061,2026-05-07,22,01,23.0,68,20.0,65.0
455062,2026-05-07,22,02,23.0,68,20.0,65.0
455063,2026-05-07,22,03,23.0,68,19.9,65.0
455064,2026-05-07,22,04,23.0,68,19.9,65.0
455065,2026-05-07,22,05,23.0,68,19.9,65.0
455066,2026-05-07,22,06,23.0,68,19.9,65.0
455067,2026-05-07,22,07,23.0,68,19.9,65.0
455068,2026-05-07,22,08,23.0,68,19.9,66.0
455069,2026-05-07,22,09,23.0,68,19.9,66.0
455070,2026-05-07,22,10,23.0,68,19.9,65.0
455071,2026-05-07,22,11,23.0,68,19.9,65.0
455072,2026-05-07,22,12,23.0,68,19.9,66.0
455073,2026-05-07,22,13,22.8,68,19.9,66.0
455074,2026-05-07,22,14,22.7,67,19.9,66.0
455075,2026-05-07,22,15,22.7,68,19.9,66.0
455076,2026-05-07,22,16,22.6,68,19.8,66.0
455077,2026-05-07,22,17,22.6,68,19.8,66.0
455078,2026-05-07,22,18,22.6,68,19.8,66.0
455079,2026-05-07,22,19,22.6,68,19.8,66.0
455080,2026-05-07,22,20,22.6,67,19.8,66.0
455081,2026-05-07,22,21,22.6,67,19.8,66.0
455082,2026-05-07,22,22,22.6,67,19.8,66.0
455083,2026-05-07,22,23,22.6,67,19.8,66.0
455084,2026-05-07,22,24,22.6,67,19.8,66.0
455085,2026-05-07,22,25,22.6,67,19.8,66.0
455086,2026-05-07,22,26,22.6,67,19.8,66.0
455087,2026-05-07,22,27,22.6,67,19.8,66.0
455088,2026-05-07,22,28,22.6,67,19.7,66.0
455089,2026-05-07,22,29,22.6,68,19.7,66.0
455090,2026-05-07,22,30,22.6,68,19.7,66.0
455091,2026-05-07,22,31,22.6,68,19.7,66.0
455092,2026-05-07,22,32,22.6,67,19.7,66.0
455093,2026-05-07,22,33,22.6,67,19.7,66.0
455094,2026-05-07,22,34,22.6,67,19.7,66.0
455095,2026-05-07,22,35,22.6,67,19.7,66.0
455096,2026-05-07,22,36,22.6,67,19.7,66.0
455097,2026-05-07,22,37,22.6,67,19.7,66.0
455098,2026-05-07,22,38,22.6,67,19.6,66.0
455099,2026-05-07,22,39,22.6,67,19.6,66.0
455100,2026-05-07,22,40,22.6,67,19.6,66.0
455101,2026-05-07,22,41,22.6,67,19.6,66.0
455102,2026-05-07,22,42,22.6,67,19.6,66.0
455103,2026-05-07,22,43,22.6,67,19.6,66.0
455104,2026-05-07,22,44,22.6,67,19.6,66.0
455105,2026-05-07,22,45,22.6,67,19.6,66.0
455106,2026-05-07,22,46,22.6,67,19.6,66.0
455107,2026-05-07,22,47,22.6,67,19.6,66.0
455108,2026-05-07,22,48,22.6,67,19.6,66.0
455109,2026-05-07,22,49,22.6,67,19.6,66.0
455110,2026-05-07,22,50,22.6,67,19.6,66.0
455111,2026-05-07,22,51,22.6,67,19.6,66.0
455112,2026-05-07,22,52,22.6,67,19.5,66.0
455113,2026-05-07,22,53,22.6,67,19.5,66.0
455114,2026-05-07,22,54,22.6,67,19.5,66.0
455115,2026-05-07,22,55,22.6,67,19.5,66.0
455116,2026-05-07,22,56,22.6,67,19.5,66.0
455117,2026-05-07,22,57,22.6,67,19.5,66.0
455118,2026-05-07,22,58,22.6,68,19.5,66.0
455119,2026-05-07,22,59,22.6,68,19.5,66.0
455120,2026-05-07,23,00,22.6,68,19.5,66.0
455121,2026-05-07,23,01,22.6,69,19.5,66.0
455122,2026-05-07,23,02,22.6,69,19.5,67.0
455123,2026-05-07,23,03,22.6,69,19.4,67.0
455124,2026-05-07,23,04,22.6,69,19.4,67.0
455125,2026-05-07,23,05,22.6,69,19.4,67.0
455126,2026-05-07,23,06,22.6,69,19.4,67.0
455127,2026-05-07,23,07,22.6,69,19.4,67.0
455128,2026-05-07,23,08,22.6,69,19.4,67.0
455129,2026-05-07,23,09,22.6,69,19.4,67.0
455130,2026-05-07,23,10,22.6,69,19.4,67.0
455131,2026-05-07,23,11,22.6,70,19.4,67.0
455132,2026-05-07,23,12,22.6,70,19.4,67.0
455133,2026-05-07,23,13,22.6,70,19.4,67.0
455134,2026-05-07,23,14,22.6,70,19.4,67.0
455135,2026-05-07,23,15,22.6,70,19.4,67.0
455136,2026-05-07,23,16,22.6,70,19.3,67.0
455137,2026-05-07,23,17,22.3,70,19.3,67.0
455138,2026-05-07,23,18,22.3,70,19.3,67.0
455139,2026-05-07,23,19,22.3,70,19.3,67.0
455140,2026-05-07,23,20,22.2,70,19.3,67.0
455141,2026-05-07,23,21,22.2,70,19.3,67.0
455142,2026-05-07,23,22,22.2,70,19.3,67.0
455143,2026-05-07,23,23,22.2,70,19.3,67.0
455144,2026-05-07,23,24,22.2,70,19.3,67.0
455145,2026-05-07,23,25,22.2,70,19.3,67.0
455146,2026-05-07,23,26,22.2,70,19.3,67.0
455147,2026-05-07,23,27,22.2,70,19.3,67.0
455148,2026-05-07,23,28,22.2,70,19.3,67.0
455149,2026-05-07,23,29,22.2,70,19.2,67.0
455150,2026-05-07,23,30,22.2,70,19.2,67.0
455151,2026-05-07,23,31,22.2,70,19.2,67.0
455152,2026-05-07,23,32,22.2,69,19.2,67.0
455153,2026-05-07,23,33,22.2,70,19.2,67.0
455154,2026-05-07,23,34,22.2,70,19.2,68.0
455155,2026-05-07,23,35,22.2,70,19.2,68.0
455156,2026-05-07,23,36,22.2,70,19.2,68.0
455157,2026-05-07,23,37,22.2,70,19.2,68.0
455158,2026-05-07,23,38,22.2,70,19.2,68.0
455159,2026-05-07,23,39,22.2,69,19.2,68.0
455160,2026-05-07,23,40,22.2,69,19.2,68.0
455161,2026-05-07,23,41,22.2,69,19.1,68.0
455162,2026-05-07,23,42,22.2,70,19.1,68.0
455163,2026-05-07,23,43,22.2,69,19.1,68.0
455164,2026-05-07,23,44,22.2,70,19.1,68.0
455165,2026-05-07,23,45,22.2,70,19.1,68.0
455166,2026-05-07,23,46,22.2,70,19.1,68.0
455167,2026-05-07,23,47,22.2,70,19.1,68.0
455168,2026-05-07,23,48,22.2,70,19.1,68.0
455169,2026-05-07,23,49,22.2,70,19.1,68.0
455170,2026-05-07,23,50,22.2,70,19.1,68.0
455171,2026-05-07,23,51,22.2,70,19.1,68.0
455172,2026-05-07,23,53,22.2,70,19.0,68.0
455173,2026-05-07,23,54,22.2,70,19.0,68.0
455174,2026-05-07,23,55,22.2,70,19.0,68.0
455175,2026-05-07,23,56,22.2,70,19.0,68.0
455176,2026-05-07,23,57,22.2,70,19.0,68.0
455177,2026-05-07,23,58,22.2,70,19.0,68.0
455178,2026-05-07,23,59,22.2,70,19.0,68.0
455179,2026-05-08,00,00,22.2,70,19.0,68.0
455180,2026-05-08,00,01,22.2,70,19.0,68.0
455181,2026-05-08,00,02,22.2,70,19.0,68.0
455182,2026-05-08,00,03,22.2,70,19.0,68.0
455183,2026-05-08,00,04,22.2,70,19.0,68.0
455184,2026-05-08,00,05,22.2,70,18.9,68.0
455185,2026-05-08,00,06,22.2,70,18.9,68.0
455186,2026-05-08,00,07,22.2,70,18.9,68.0
455187,2026-05-08,00,08,22.2,70,18.9,68.0
455188,2026-05-08,00,09,22.2,70,18.9,69.0
455189,2026-05-08,00,10,22.2,70,18.9,68.0
455190,2026-05-08,00,11,22.2,70,18.9,68.0
455191,2026-05-08,00,12,22.2,70,18.9,68.0
455192,2026-05-08,00,13,22.0,70,18.9,68.0
455193,2026-05-08,00,14,21.9,70,18.9,68.0
455194,2026-05-08,00,15,21.9,70,18.9,68.0
455195,2026-05-08,00,16,21.8,70,18.9,68.0
455196,2026-05-08,00,17,21.8,70,18.9,68.0
455197,2026-05-08,00,18,21.8,70,18.9,68.0
455198,2026-05-08,00,19,21.8,70,18.9,68.0
455199,2026-05-08,00,20,21.8,70,18.9,69.0
455200,2026-05-08,00,21,21.8,70,18.9,68.0
455201,2026-05-08,00,22,21.8,70,18.9,68.0
455202,2026-05-08,00,23,21.8,70,18.9,68.0
455203,2026-05-08,00,24,21.8,70,18.9,68.0
455204,2026-05-08,00,25,21.8,70,18.9,68.0
455205,2026-05-08,00,26,21.8,70,18.8,68.0
455206,2026-05-08,00,27,21.8,69,18.8,68.0
455207,2026-05-08,00,28,21.8,69,18.8,68.0
455208,2026-05-08,00,29,21.8,69,18.8,68.0
455209,2026-05-08,00,30,21.8,69,18.8,68.0
455210,2026-05-08,00,31,21.8,69,18.8,68.0
455211,2026-05-08,00,32,21.8,69,18.8,68.0
455212,2026-05-08,00,33,21.8,69,18.8,68.0
455213,2026-05-08,00,34,21.8,69,18.8,68.0
455214,2026-05-08,00,35,21.8,69,18.8,68.0
455215,2026-05-08,00,36,21.8,69,18.8,68.0
455216,2026-05-08,00,37,21.8,69,18.8,68.0
455217,2026-05-08,00,38,21.8,69,18.8,68.0
455218,2026-05-08,00,39,21.8,69,18.8,69.0
455219,2026-05-08,00,40,21.8,69,18.8,68.0
455220,2026-05-08,00,41,21.8,69,18.8,68.0
455221,2026-05-08,00,42,21.8,69,18.8,68.0
455222,2026-05-08,00,43,21.8,69,18.8,68.0
455223,2026-05-08,00,44,21.8,69,18.8,69.0
455224,2026-05-08,00,45,21.8,69,18.7,68.0
455225,2026-05-08,00,46,21.8,69,18.7,68.0
455226,2026-05-08,00,47,21.8,69,18.7,69.0
455227,2026-05-08,00,48,21.8,69,18.7,68.0
455228,2026-05-08,00,49,21.8,69,18.7,68.0
455229,2026-05-08,00,50,21.8,69,18.7,68.0
455230,2026-05-08,00,51,21.8,69,18.7,68.0
455231,2026-05-08,00,52,21.8,69,18.7,68.0
455232,2026-05-08,00,53,21.8,69,18.7,68.0
455233,2026-05-08,00,54,21.8,69,18.7,68.0
455234,2026-05-08,00,55,21.8,69,18.7,68.0
455235,2026-05-08,00,56,21.8,69,18.7,68.0
455236,2026-05-08,00,57,21.6,69,18.7,68.0
455237,2026-05-08,00,58,21.5,69,18.7,69.0
455238,2026-05-08,00,59,21.5,69,18.7,69.0
455239,2026-05-08,01,00,21.4,69,18.7,69.0
455240,2026-05-08,01,01,21.4,69,18.7,69.0
455241,2026-05-08,01,02,21.4,69,18.6,69.0
455242,2026-05-08,01,03,21.4,69,18.6,69.0
455243,2026-05-08,01,04,21.4,69,18.7,69.0
455244,2026-05-08,01,05,21.4,69,18.6,69.0
455245,2026-05-08,01,06,21.4,69,18.6,69.0
455246,2026-05-08,01,07,21.4,69,18.6,69.0
455247,2026-05-08,01,08,21.4,69,18.6,69.0
455248,2026-05-08,01,09,21.4,69,18.6,69.0
455249,2026-05-08,01,10,21.4,69,18.6,69.0
455250,2026-05-08,01,11,21.4,69,18.6,69.0
455251,2026-05-08,01,12,21.4,69,18.6,69.0
455252,2026-05-08,01,13,21.4,69,18.6,69.0
455253,2026-05-08,01,14,21.4,69,18.6,69.0
455254,2026-05-08,01,15,21.4,69,18.6,69.0
455255,2026-05-08,01,16,21.4,69,18.6,69.0
455256,2026-05-08,01,17,21.4,69,18.6,69.0
455257,2026-05-08,01,18,21.4,69,18.6,69.0
455258,2026-05-08,01,19,21.4,69,18.6,69.0
455259,2026-05-08,01,20,21.4,69,18.6,69.0
455260,2026-05-08,01,21,21.4,69,18.6,69.0
455261,2026-05-08,01,22,21.4,69,18.6,69.0
455262,2026-05-08,01,23,21.4,69,18.6,69.0
455263,2026-05-08,01,24,21.4,69,18.6,69.0
455264,2026-05-08,01,25,21.4,69,18.5,69.0
455265,2026-05-08,01,26,21.4,69,18.5,69.0
455266,2026-05-08,01,27,21.4,69,18.6,69.0
455267,2026-05-08,01,28,21.4,69,18.5,69.0
455268,2026-05-08,01,29,21.4,69,18.5,69.0
455269,2026-05-08,01,30,21.4,69,18.5,69.0
455270,2026-05-08,01,31,21.4,69,18.5,69.0
455271,2026-05-08,01,32,21.4,69,18.5,69.0
455272,2026-05-08,01,33,21.4,69,18.5,69.0
455273,2026-05-08,01,34,21.4,69,18.5,69.0
455274,2026-05-08,01,35,21.4,69,18.5,69.0
455275,2026-05-08,01,36,21.4,69,18.5,69.0
455276,2026-05-08,01,37,21.4,69,18.5,69.0
455277,2026-05-08,01,38,21.4,69,18.5,69.0
455278,2026-05-08,01,39,21.4,69,18.5,69.0
455279,2026-05-08,01,40,21.4,69,18.5,69.0
455280,2026-05-08,01,41,21.4,69,18.5,69.0
455281,2026-05-08,01,42,21.4,69,18.5,69.0
455282,2026-05-08,01,43,21.4,69,18.5,69.0
455283,2026-05-08,01,44,21.4,69,18.5,69.0
455284,2026-05-08,01,45,21.4,69,18.5,69.0
455285,2026-05-08,01,46,21.4,69,18.5,69.0
455286,2026-05-08,01,47,21.4,69,18.5,69.0
455287,2026-05-08,01,48,21.4,69,18.5,69.0
455288,2026-05-08,01,49,21.4,69,18.5,69.0
455289,2026-05-08,01,50,21.4,69,18.5,69.0
455290,2026-05-08,01,51,21.4,69,18.5,69.0
455291,2026-05-08,01,52,21.4,69,18.5,69.0
455292,2026-05-08,01,53,21.4,69,18.5,69.0
455293,2026-05-08,01,54,21.4,69,18.5,69.0
455294,2026-05-08,01,55,21.4,69,18.5,69.0
455295,2026-05-08,01,56,21.4,69,18.5,69.0
455296,2026-05-08,01,57,21.4,69,18.5,69.0
455297,2026-05-08,01,58,21.4,69,18.5,69.0
455298,2026-05-08,01,59,21.4,69,18.5,69.0
455299,2026-05-08,02,00,21.4,69,18.5,69.0
455300,2026-05-08,02,01,21.4,69,18.5,69.0
455301,2026-05-08,02,02,21.4,69,18.5,69.0
455302,2026-05-08,02,03,21.4,69,18.4,69.0
455303,2026-05-08,02,06,21.1,69,18.4,69.0
455304,2026-05-08,02,07,21.0,69,18.4,69.0
455305,2026-05-08,02,08,21.0,69,18.4,69.0
455306,2026-05-08,02,09,21.0,69,18.4,69.0
455307,2026-05-08,02,10,21.0,69,18.4,69.0
455308,2026-05-08,02,11,21.0,69,18.4,69.0
455309,2026-05-08,02,12,21.0,69,18.4,68.0
455310,2026-05-08,02,13,21.0,69,18.4,68.0
455311,2026-05-08,02,14,21.0,69,18.4,68.0
455312,2026-05-08,02,15,21.0,69,18.4,69.0
455313,2026-05-08,02,16,21.0,69,18.4,69.0
455314,2026-05-08,02,17,21.0,69,18.4,69.0
455315,2026-05-08,02,18,21.0,69,18.3,69.0
455316,2026-05-08,02,19,21.0,69,18.3,69.0
455317,2026-05-08,02,20,21.0,69,18.3,69.0
455318,2026-05-08,02,21,21.0,69,18.3,69.0
455319,2026-05-08,02,22,21.0,69,18.3,69.0
455320,2026-05-08,02,23,21.0,69,18.3,69.0
455321,2026-05-08,02,24,21.0,69,18.3,69.0
455322,2026-05-08,02,25,21.0,69,18.3,69.0
455323,2026-05-08,02,26,21.0,69,18.3,69.0
455324,2026-05-08,02,27,21.0,69,18.3,69.0
455325,2026-05-08,02,28,21.0,69,18.3,69.0
455326,2026-05-08,02,29,21.0,69,18.3,69.0
455327,2026-05-08,02,30,21.0,69,18.3,69.0
455328,2026-05-08,02,31,21.0,69,18.3,69.0
455329,2026-05-08,02,32,21.0,69,18.3,69.0
455330,2026-05-08,02,33,21.0,69,18.3,69.0
455331,2026-05-08,02,34,21.0,69,18.3,69.0
455332,2026-05-08,02,35,21.0,69,18.3,69.0
455333,2026-05-08,02,36,21.0,69,18.3,69.0
455334,2026-05-08,02,37,21.0,69,18.3,69.0
455335,2026-05-08,02,38,21.0,70,18.3,69.0
455336,2026-05-08,02,39,21.0,69,18.3,69.0
455337,2026-05-08,02,40,21.0,70,18.3,69.0
455338,2026-05-08,02,41,21.0,70,18.3,69.0
455339,2026-05-08,02,42,21.0,70,18.3,69.0
455340,2026-05-08,02,43,21.0,70,18.3,69.0
455341,2026-05-08,02,44,21.0,70,18.2,69.0
455342,2026-05-08,02,45,21.0,70,18.2,69.0
455343,2026-05-08,02,46,21.0,70,18.2,69.0
455344,2026-05-08,02,47,21.0,70,18.2,69.0
455345,2026-05-08,02,48,21.0,70,18.2,69.0
455346,2026-05-08,02,49,21.0,70,18.2,69.0
455347,2026-05-08,02,50,21.0,70,18.2,69.0
455348,2026-05-08,02,51,21.0,70,18.2,69.0
455349,2026-05-08,02,52,21.0,70,18.2,69.0
455350,2026-05-08,02,53,21.0,70,18.2,69.0
455351,2026-05-08,02,54,21.0,70,18.2,69.0
455352,2026-05-08,02,55,21.0,70,18.2,69.0
455353,2026-05-08,02,56,21.0,70,18.2,69.0
455354,2026-05-08,02,57,21.0,70,18.2,69.0
455355,2026-05-08,02,58,21.0,70,18.2,69.0
455356,2026-05-08,02,59,21.0,70,18.1,69.0
455357,2026-05-08,03,00,21.0,70,18.1,69.0
455358,2026-05-08,03,01,21.0,70,18.1,69.0
455359,2026-05-08,03,02,21.0,70,18.1,69.0
455360,2026-05-08,03,03,21.0,70,18.1,69.0
455361,2026-05-08,03,04,21.0,70,18.1,69.0
455362,2026-05-08,03,05,21.0,70,18.1,69.0
455363,2026-05-08,03,06,21.0,70,18.1,69.0
455364,2026-05-08,03,07,21.0,70,18.1,69.0
455365,2026-05-08,03,08,21.0,70,18.1,69.0
455366,2026-05-08,03,09,21.0,70,18.1,69.0
455367,2026-05-08,03,10,21.0,70,18.1,69.0
455368,2026-05-08,03,11,21.0,70,18.1,69.0
455369,2026-05-08,03,12,21.0,70,18.1,69.0
455370,2026-05-08,03,13,21.0,70,18.1,69.0
455371,2026-05-08,03,14,21.0,70,18.1,69.0
455372,2026-05-08,03,15,21.0,70,18.1,69.0
455373,2026-05-08,03,16,21.0,70,18.1,69.0
455374,2026-05-08,03,17,21.0,70,18.1,69.0
455375,2026-05-08,03,18,21.0,70,18.1,69.0
455376,2026-05-08,03,19,20.7,71,18.1,69.0
455377,2026-05-08,03,20,20.7,71,18.1,69.0
455378,2026-05-08,03,21,20.7,71,18.0,69.0
455379,2026-05-08,03,22,20.6,71,18.0,69.0
455380,2026-05-08,03,23,20.7,71,18.0,69.0
455381,2026-05-08,03,24,20.6,71,18.0,69.0
455382,2026-05-08,03,25,20.6,71,18.0,69.0
455383,2026-05-08,03,26,20.6,71,18.1,69.0
455384,2026-05-08,03,27,20.6,71,18.1,69.0
455385,2026-05-08,03,28,20.6,71,18.0,69.0
455386,2026-05-08,03,29,20.6,71,18.0,69.0
455387,2026-05-08,03,30,20.6,71,18.0,69.0
455388,2026-05-08,03,31,20.6,71,18.0,69.0
455389,2026-05-08,03,32,20.6,71,18.0,69.0
455390,2026-05-08,03,33,20.6,71,18.1,69.0
455391,2026-05-08,03,34,20.6,71,18.1,69.0
455392,2026-05-08,03,35,20.6,71,18.1,69.0
455393,2026-05-08,03,36,20.6,71,18.1,69.0
455394,2026-05-08,03,37,20.6,71,18.1,69.0
455395,2026-05-08,03,38,20.6,71,18.1,69.0
455396,2026-05-08,03,39,20.6,71,18.0,69.0
455397,2026-05-08,03,40,20.6,71,18.1,69.0
455398,2026-05-08,03,41,20.6,71,18.1,69.0
455399,2026-05-08,03,42,20.6,71,18.1,69.0
455400,2026-05-08,03,43,20.6,71,18.1,69.0
455401,2026-05-08,03,44,20.6,71,18.1,69.0
455402,2026-05-08,03,45,20.6,71,18.1,69.0
455403,2026-05-08,03,46,20.6,71,18.1,69.0
455404,2026-05-08,03,47,20.6,71,18.1,69.0
455405,2026-05-08,03,48,20.6,71,18.1,69.0
455406,2026-05-08,03,49,20.6,71,18.1,69.0
455407,2026-05-08,03,50,20.6,71,18.1,69.0
455408,2026-05-08,03,51,20.6,71,18.1,69.0
455409,2026-05-08,03,52,20.6,71,18.1,69.0
455410,2026-05-08,03,53,20.6,71,18.1,69.0
455411,2026-05-08,03,54,20.6,71,18.1,69.0
455412,2026-05-08,03,55,20.6,71,18.1,69.0
455413,2026-05-08,03,56,20.6,71,18.1,69.0
455414,2026-05-08,03,57,20.6,71,18.1,69.0
455415,2026-05-08,03,58,20.6,71,18.1,69.0
455416,2026-05-08,03,59,20.6,71,18.0,69.0
455417,2026-05-08,04,00,20.6,71,18.1,69.0
455418,2026-05-08,04,01,20.6,71,18.1,69.0
455419,2026-05-08,04,02,20.6,71,18.1,69.0
455420,2026-05-08,04,03,20.6,71,18.1,69.0
455421,2026-05-08,04,04,20.6,71,18.0,69.0
455422,2026-05-08,04,05,20.6,71,18.0,69.0
455423,2026-05-08,04,06,20.6,71,18.0,69.0
455424,2026-05-08,04,07,20.6,71,18.0,69.0
455425,2026-05-08,04,08,20.6,71,18.0,69.0
455426,2026-05-08,04,09,20.6,71,18.0,69.0
455427,2026-05-08,04,10,20.6,71,18.0,69.0
455428,2026-05-08,04,11,20.6,71,18.0,69.0
455429,2026-05-08,04,12,20.6,71,18.0,69.0
455430,2026-05-08,04,13,20.6,71,18.0,69.0
455431,2026-05-08,04,14,20.6,71,18.0,69.0
455432,2026-05-08,04,15,20.6,71,18.0,69.0
455433,2026-05-08,04,16,20.6,71,18.0,69.0
455434,2026-05-08,04,17,20.6,71,18.0,69.0
455435,2026-05-08,04,18,20.6,71,18.0,69.0
455436,2026-05-08,04,19,20.6,71,18.0,69.0
455437,2026-05-08,04,20,20.6,71,18.0,69.0
455438,2026-05-08,04,21,20.6,71,18.0,69.0
455439,2026-05-08,04,22,20.6,71,18.0,69.0
455440,2026-05-08,04,23,20.6,71,18.0,69.0
455441,2026-05-08,04,24,20.6,71,17.9,69.0
455442,2026-05-08,04,25,20.6,72,17.9,69.0
455443,2026-05-08,04,26,20.6,72,17.9,69.0
455444,2026-05-08,04,27,20.6,72,17.9,69.0
455445,2026-05-08,04,28,20.6,72,17.9,69.0
455446,2026-05-08,04,29,20.6,72,17.9,69.0
455447,2026-05-08,04,30,20.6,72,17.9,69.0
455448,2026-05-08,04,31,20.6,72,17.9,69.0
455449,2026-05-08,04,32,20.6,72,17.9,69.0
455450,2026-05-08,04,33,20.6,72,17.9,69.0
455451,2026-05-08,04,34,20.6,72,17.9,69.0
455452,2026-05-08,04,35,20.6,72,17.9,69.0
455453,2026-05-08,04,36,20.6,72,17.9,69.0
455454,2026-05-08,04,37,20.6,72,17.9,69.0
455455,2026-05-08,04,38,20.6,72,17.9,69.0
455456,2026-05-08,04,39,20.6,72,17.9,69.0
455457,2026-05-08,04,40,20.6,72,17.9,69.0
455458,2026-05-08,04,41,20.6,72,17.9,69.0
455459,2026-05-08,04,42,20.6,72,17.8,69.0
455460,2026-05-08,04,43,20.6,72,17.8,69.0
455461,2026-05-08,04,44,20.6,72,17.8,69.0
455462,2026-05-08,04,45,20.6,72,17.8,69.0
455463,2026-05-08,04,46,20.6,72,17.9,69.0
455464,2026-05-08,04,47,20.6,72,17.8,69.0
455465,2026-05-08,04,48,20.6,72,17.8,69.0
455466,2026-05-08,04,49,20.5,72,17.8,69.0
455467,2026-05-08,04,50,20.2,72,17.8,69.0
455468,2026-05-08,04,51,20.2,72,17.8,69.0
455469,2026-05-08,04,52,20.2,72,17.8,69.0
455470,2026-05-08,04,53,20.2,72,17.8,69.0
455471,2026-05-08,04,54,20.2,72,17.8,69.0
455472,2026-05-08,04,55,20.2,72,17.8,69.0
455473,2026-05-08,04,56,20.2,72,17.8,69.0
455474,2026-05-08,04,57,20.2,71,17.8,69.0
455475,2026-05-08,04,58,20.2,71,17.8,69.0
455476,2026-05-08,04,59,20.2,72,17.8,69.0
455477,2026-05-08,05,00,20.2,72,17.8,69.0
455478,2026-05-08,05,01,20.2,72,17.8,69.0
455479,2026-05-08,05,02,20.2,71,17.7,69.0
455480,2026-05-08,05,03,20.2,71,17.7,69.0
455481,2026-05-08,05,04,20.2,71,17.7,69.0
455482,2026-05-08,05,05,20.2,71,17.7,69.0
455483,2026-05-08,05,06,20.2,71,17.7,69.0
455484,2026-05-08,05,07,20.2,71,17.7,69.0
455485,2026-05-08,05,08,20.2,72,17.7,69.0
455486,2026-05-08,05,09,20.2,71,17.7,70.0
455487,2026-05-08,05,10,20.2,71,17.7,69.0
455488,2026-05-08,05,11,20.2,71,17.7,69.0
455489,2026-05-08,05,12,20.2,71,17.7,69.0
455490,2026-05-08,05,13,20.2,71,17.7,69.0
455491,2026-05-08,05,14,20.2,71,17.7,69.0
455492,2026-05-08,05,15,20.2,71,17.7,69.0
455493,2026-05-08,05,16,20.2,71,17.7,69.0
455494,2026-05-08,05,17,20.2,71,17.8,69.0
455495,2026-05-08,05,18,20.2,71,17.7,69.0
455496,2026-05-08,05,19,20.2,71,17.8,69.0
455497,2026-05-08,05,20,20.2,71,17.8,69.0
455498,2026-05-08,05,21,20.2,71,17.8,69.0
455499,2026-05-08,05,22,20.2,71,17.8,69.0
455500,2026-05-08,05,23,20.2,71,17.8,69.0
455501,2026-05-08,05,24,20.2,71,17.8,69.0
455502,2026-05-08,05,25,20.2,71,17.8,69.0
455503,2026-05-08,05,26,20.2,71,17.8,69.0
455504,2026-05-08,05,27,20.2,71,17.8,69.0
455505,2026-05-08,05,28,20.2,71,17.8,69.0
455506,2026-05-08,05,29,20.2,71,17.8,69.0
455507,2026-05-08,05,30,20.2,71,17.8,69.0
455508,2026-05-08,05,31,20.2,71,17.8,69.0
455509,2026-05-08,05,32,20.2,71,17.8,69.0
455510,2026-05-08,05,33,20.2,71,17.8,69.0
455511,2026-05-08,05,34,20.2,71,17.8,69.0
455512,2026-05-08,05,35,20.2,71,17.8,69.0
455513,2026-05-08,05,36,20.2,71,17.8,69.0
455514,2026-05-08,05,37,20.2,71,17.8,69.0
455515,2026-05-08,05,38,20.2,71,17.8,69.0
455516,2026-05-08,05,39,20.2,71,17.8,69.0
455517,2026-05-08,05,40,20.2,71,17.8,69.0
455518,2026-05-08,05,41,20.2,71,17.8,69.0
455519,2026-05-08,05,42,20.2,71,17.8,69.0
455520,2026-05-08,05,43,20.2,71,17.8,69.0
455521,2026-05-08,05,44,20.2,71,17.8,69.0
455522,2026-05-08,05,45,20.2,71,17.8,69.0
455523,2026-05-08,05,46,20.2,71,17.8,69.0
455524,2026-05-08,05,47,20.2,71,17.8,69.0
455525,2026-05-08,05,48,20.2,71,17.8,69.0
455526,2026-05-08,05,49,20.2,71,17.8,69.0
455527,2026-05-08,05,50,20.2,71,17.8,69.0
455528,2026-05-08,05,51,20.2,71,17.8,69.0
455529,2026-05-08,05,52,20.2,71,17.8,69.0
455530,2026-05-08,05,53,20.2,71,17.8,69.0
455531,2026-05-08,05,54,20.2,71,17.8,69.0
455532,2026-05-08,05,55,20.2,71,17.8,69.0
455533,2026-05-08,05,56,20.2,71,17.8,69.0
455534,2026-05-08,05,57,20.2,71,17.8,69.0
455535,2026-05-08,05,58,20.2,71,17.9,69.0
455536,2026-05-08,05,59,20.2,71,17.9,69.0
455537,2026-05-08,06,00,20.2,71,17.9,69.0
455538,2026-05-08,06,01,20.2,71,17.9,69.0
455539,2026-05-08,06,02,20.2,71,17.9,69.0
455540,2026-05-08,06,03,20.2,71,17.9,69.0
455541,2026-05-08,06,05,20.2,71,17.9,69.0
455542,2026-05-08,06,06,20.2,71,17.9,69.0
455543,2026-05-08,06,07,20.2,71,17.9,69.0
455544,2026-05-08,06,08,20.2,71,17.9,69.0
455545,2026-05-08,06,09,20.2,71,17.9,69.0
455546,2026-05-08,06,10,20.2,71,18.0,69.0
455547,2026-05-08,06,11,20.2,71,18.0,68.0
455548,2026-05-08,06,12,20.2,71,18.0,68.0
455549,2026-05-08,06,13,20.2,71,18.0,68.0
455550,2026-05-08,06,14,20.2,71,18.0,68.0
455551,2026-05-08,06,15,20.2,71,18.0,68.0
455552,2026-05-08,06,16,20.2,71,18.0,68.0
455553,2026-05-08,06,17,20.2,71,18.0,68.0
455554,2026-05-08,06,18,20.2,71,18.0,68.0
455555,2026-05-08,06,19,20.2,71,18.0,68.0
455556,2026-05-08,06,20,20.2,71,18.1,68.0
455557,2026-05-08,06,21,20.2,71,18.1,68.0
455558,2026-05-08,06,22,20.2,71,18.1,68.0
455559,2026-05-08,06,23,20.2,71,18.1,68.0
455560,2026-05-08,06,24,20.2,71,18.1,68.0
455561,2026-05-08,06,25,20.2,71,18.2,68.0
455562,2026-05-08,06,26,20.2,71,18.2,68.0
455563,2026-05-08,06,27,20.2,71,18.2,68.0
455564,2026-05-08,06,28,20.2,71,18.2,68.0
455565,2026-05-08,06,29,20.2,71,18.2,68.0
455566,2026-05-08,06,30,20.2,71,18.2,68.0
455567,2026-05-08,06,31,20.2,71,18.3,68.0
455568,2026-05-08,06,32,20.2,71,18.3,68.0
455569,2026-05-08,06,33,20.2,71,18.3,67.0
455570,2026-05-08,06,34,20.2,71,18.3,67.0
455571,2026-05-08,06,35,20.2,71,18.4,67.0
455572,2026-05-08,06,36,20.2,71,18.4,67.0
455573,2026-05-08,06,37,20.2,71,18.4,67.0
455574,2026-05-08,06,38,20.2,71,18.4,67.0
455575,2026-05-08,06,39,20.2,71,18.5,67.0
455576,2026-05-08,06,40,20.2,71,18.5,67.0
455577,2026-05-08,06,41,20.2,71,18.5,67.0
455578,2026-05-08,06,42,20.2,71,18.5,67.0
455579,2026-05-08,06,43,20.2,71,18.6,67.0
455580,2026-05-08,06,44,20.2,71,18.6,66.0
455581,2026-05-08,06,45,20.2,71,18.7,66.0
455582,2026-05-08,06,46,20.2,71,18.7,66.0
455583,2026-05-08,06,47,20.2,71,18.8,66.0
455584,2026-05-08,06,48,20.2,71,18.8,66.0
455585,2026-05-08,06,49,20.2,71,18.8,66.0
455586,2026-05-08,06,50,20.2,72,18.9,66.0
455587,2026-05-08,06,51,20.2,72,19.0,66.0
455588,2026-05-08,06,52,20.2,71,19.0,66.0
455589,2026-05-08,06,53,20.2,71,19.0,65.0
455590,2026-05-08,06,54,20.2,71,19.1,65.0
455591,2026-05-08,06,55,20.2,71,19.1,65.0
455592,2026-05-08,06,56,20.2,71,19.2,65.0
455593,2026-05-08,06,57,20.2,71,19.2,65.0
455594,2026-05-08,06,58,20.2,71,19.2,65.0
455595,2026-05-08,06,59,20.2,71,19.3,65.0
455596,2026-05-08,07,00,20.2,71,19.3,65.0
455597,2026-05-08,07,01,20.2,71,19.3,64.0
455598,2026-05-08,07,02,20.2,71,19.3,64.0
455599,2026-05-08,07,03,20.2,71,19.3,64.0
455600,2026-05-08,07,04,20.2,71,19.3,64.0
455601,2026-05-08,07,05,20.2,71,19.3,65.0
455602,2026-05-08,07,06,20.2,71,19.3,64.0
455603,2026-05-08,07,07,20.2,71,19.4,64.0
455604,2026-05-08,07,08,20.2,71,19.4,64.0
455605,2026-05-08,07,09,20.2,71,19.3,64.0
455606,2026-05-08,07,10,20.2,71,19.3,64.0
455607,2026-05-08,07,11,20.2,71,19.3,64.0
455608,2026-05-08,07,12,20.2,71,19.3,65.0
455609,2026-05-08,07,13,20.2,71,19.3,65.0
455610,2026-05-08,07,14,20.2,71,19.3,65.0
455611,2026-05-08,07,15,20.2,71,19.3,65.0
455612,2026-05-08,07,16,20.2,72,19.3,65.0
455613,2026-05-08,07,17,20.2,72,19.4,65.0
455614,2026-05-08,07,18,20.2,72,19.4,65.0
455615,2026-05-08,07,19,20.2,72,19.4,65.0
455616,2026-05-08,07,20,20.2,72,19.5,65.0
455617,2026-05-08,07,21,20.2,72,19.5,65.0
455618,2026-05-08,07,22,20.2,72,19.5,65.0
455619,2026-05-08,07,23,20.2,72,19.5,65.0
455620,2026-05-08,07,24,20.2,73,19.6,64.0
455621,2026-05-08,07,25,20.2,73,19.6,65.0
455622,2026-05-08,07,26,20.2,73,19.6,65.0
455623,2026-05-08,07,27,20.2,73,19.6,65.0
455624,2026-05-08,07,28,20.2,73,19.7,65.0
455625,2026-05-08,07,29,20.2,73,19.7,63.0
455626,2026-05-08,07,30,20.2,73,19.7,64.0
455627,2026-05-08,07,31,20.2,73,19.8,64.0
455628,2026-05-08,07,32,20.2,73,19.8,64.0
455629,2026-05-08,07,33,20.2,73,19.9,64.0
455630,2026-05-08,07,34,20.2,73,19.9,64.0
455631,2026-05-08,07,35,20.2,73,20.0,64.0
455632,2026-05-08,07,36,20.2,73,20.0,64.0
455633,2026-05-08,07,37,20.2,73,20.0,64.0
455634,2026-05-08,07,38,20.2,73,20.0,63.0
455635,2026-05-08,07,39,20.2,73,20.0,64.0
455636,2026-05-08,07,40,20.2,73,20.0,64.0
455637,2026-05-08,07,41,20.2,73,20.0,64.0
455638,2026-05-08,07,42,20.2,73,19.9,64.0
455639,2026-05-08,07,43,20.2,73,20.0,64.0
455640,2026-05-08,07,44,20.2,72,20.0,64.0
455641,2026-05-08,07,45,20.2,72,20.0,63.0
455642,2026-05-08,07,46,20.2,72,20.0,63.0
455643,2026-05-08,07,47,20.2,72,20.0,63.0
455644,2026-05-08,07,48,20.2,72,20.1,63.0
455645,2026-05-08,07,49,20.2,72,20.1,63.0
455646,2026-05-08,07,50,20.2,72,20.2,63.0
455647,2026-05-08,07,51,20.2,72,20.2,63.0
455648,2026-05-08,07,52,20.2,72,20.2,63.0
455649,2026-05-08,07,53,20.2,72,20.3,62.0
455650,2026-05-08,07,54,20.2,72,20.4,62.0
455651,2026-05-08,07,55,20.2,72,20.5,62.0
455652,2026-05-08,07,56,20.2,72,20.6,62.0
455653,2026-05-08,07,57,20.5,72,20.8,61.0
455654,2026-05-08,07,58,20.6,72,20.9,61.0
455655,2026-05-08,07,59,20.6,72,21.1,61.0
455656,2026-05-08,08,00,20.6,72,21.2,60.0
455657,2026-05-08,08,01,20.6,72,21.3,60.0
455658,2026-05-08,08,02,20.6,72,21.4,60.0
455659,2026-05-08,08,03,20.6,72,21.5,59.0
455660,2026-05-08,08,04,20.6,72,21.7,59.0
455661,2026-05-08,08,05,20.6,72,21.8,59.0
455662,2026-05-08,08,06,20.6,71,21.9,58.0
455663,2026-05-08,08,07,20.6,71,22.0,58.0
455664,2026-05-08,08,08,20.6,71,22.1,58.0
455665,2026-05-08,08,09,20.6,71,22.2,57.0
455666,2026-05-08,08,10,20.6,71,22.4,57.0
455667,2026-05-08,08,11,20.6,71,22.5,56.0
455668,2026-05-08,08,12,20.6,71,22.6,56.0
455669,2026-05-08,08,13,20.6,71,22.7,56.0
455670,2026-05-08,08,14,20.6,71,22.9,55.0
455671,2026-05-08,08,15,20.6,71,23.0,55.0
455672,2026-05-08,08,16,20.6,71,23.0,55.0
455673,2026-05-08,08,17,20.6,71,23.1,55.0
455674,2026-05-08,08,18,20.6,71,23.3,54.0
455675,2026-05-08,08,19,20.6,71,23.4,54.0
455676,2026-05-08,08,20,20.6,71,23.5,53.0
455677,2026-05-08,08,21,20.6,71,23.7,53.0
455678,2026-05-08,08,22,20.6,70,24.0,53.0
455679,2026-05-08,08,24,20.6,70,24.2,52.0
455680,2026-05-08,08,25,20.6,70,24.2,52.0
455681,2026-05-08,08,26,20.6,70,24.2,52.0
455682,2026-05-08,08,27,20.6,70,24.3,51.0
455683,2026-05-08,08,28,20.6,70,24.4,51.0
455684,2026-05-08,08,29,20.6,70,24.6,51.0
455685,2026-05-08,08,30,20.6,70,24.9,50.0
455686,2026-05-08,08,31,20.6,70,25.0,50.0
455687,2026-05-08,08,32,20.6,70,25.2,49.0
455688,2026-05-08,08,33,20.6,70,25.2,49.0
455689,2026-05-08,08,34,20.6,70,25.3,49.0
455690,2026-05-08,08,35,20.7,70,25.5,49.0
455691,2026-05-08,08,36,20.8,70,25.6,49.0
455692,2026-05-08,08,37,21.0,69,25.9,48.0
455693,2026-05-08,08,38,21.0,69,26.3,47.0
455694,2026-05-08,08,39,21.0,69,26.7,46.0
455695,2026-05-08,08,40,21.0,69,27.2,46.0
455696,2026-05-08,08,41,21.0,69,28.0,45.0
455697,2026-05-08,08,42,21.0,69,28.7,43.0
455698,2026-05-08,08,43,21.0,69,29.5,42.0
455699,2026-05-08,08,44,21.0,69,30.1,41.0
455700,2026-05-08,08,45,21.0,69,30.6,40.0
455701,2026-05-08,08,46,21.0,69,31.0,40.0
455702,2026-05-08,08,47,21.0,69,31.2,39.0
455703,2026-05-08,08,48,21.0,69,31.5,39.0
455704,2026-05-08,08,49,21.0,69,31.6,39.0
455705,2026-05-08,08,50,21.0,69,31.8,39.0
455706,2026-05-08,08,51,21.0,69,31.9,38.0
455707,2026-05-08,08,52,21.0,69,32.1,38.0
455708,2026-05-08,08,53,21.0,69,32.2,38.0
455709,2026-05-08,08,54,21.0,69,32.4,37.0
455710,2026-05-08,08,55,21.0,68,32.7,37.0
455711,2026-05-08,08,56,21.0,68,32.9,37.0
455712,2026-05-08,08,57,21.0,68,33.0,37.0
455713,2026-05-08,08,58,21.1,68,33.1,37.0
455714,2026-05-08,08,59,21.1,68,33.2,37.0
455715,2026-05-08,09,00,21.1,68,33.2,36.0
455716,2026-05-08,09,01,21.4,68,33.2,37.0
455717,2026-05-08,09,02,21.4,68,33.3,36.0
455718,2026-05-08,09,03,21.2,68,33.3,36.0
455719,2026-05-08,09,04,21.2,69,33.5,36.0
455720,2026-05-08,09,05,21.4,68,33.6,36.0
455721,2026-05-08,09,06,21.4,68,33.7,36.0
455722,2026-05-08,09,07,21.4,68,33.8,36.0
455723,2026-05-08,09,08,21.4,68,33.9,35.0
455724,2026-05-08,09,09,21.4,68,34.2,35.0
455725,2026-05-08,09,10,21.4,68,34.5,35.0
455726,2026-05-08,09,11,21.4,68,34.6,35.0
455727,2026-05-08,09,12,21.4,68,34.6,35.0
455728,2026-05-08,09,13,21.4,68,34.6,35.0
455729,2026-05-08,09,14,21.4,68,34.6,35.0
455730,2026-05-08,09,15,21.4,68,34.6,35.0
455731,2026-05-08,09,16,21.4,68,34.6,35.0
455732,2026-05-08,09,17,21.4,68,34.7,35.0
455733,2026-05-08,09,18,21.4,68,34.8,35.0
455734,2026-05-08,09,19,21.4,68,34.8,34.0
455735,2026-05-08,09,20,21.8,67,34.8,34.0
455736,2026-05-08,09,21,21.8,67,34.9,34.0
455737,2026-05-08,09,22,21.8,67,35.0,34.0
455738,2026-05-08,09,23,21.8,67,35.2,34.0
455739,2026-05-08,09,24,21.8,67,35.4,34.0
455740,2026-05-08,09,25,21.8,67,35.6,33.0
455741,2026-05-08,09,26,21.8,67,35.8,33.0
455742,2026-05-08,09,27,21.8,67,36.0,33.0
455743,2026-05-08,09,28,21.8,67,36.2,33.0
455744,2026-05-08,09,29,21.8,68,36.4,33.0
455745,2026-05-08,09,30,21.8,68,36.6,32.0
455746,2026-05-08,09,31,21.8,68,36.8,32.0
455747,2026-05-08,09,32,21.8,68,37.0,32.0
455748,2026-05-08,09,33,21.8,68,37.1,32.0
455749,2026-05-08,09,34,21.8,68,37.2,32.0
455750,2026-05-08,09,35,21.8,68,37.4,31.0
455751,2026-05-08,09,36,21.8,68,37.4,31.0
455752,2026-05-08,09,37,21.8,68,37.5,31.0
455753,2026-05-08,09,38,21.8,68,37.4,31.0
455754,2026-05-08,09,39,21.8,68,37.4,32.0
455755,2026-05-08,09,40,21.8,68,37.4,31.0
455756,2026-05-08,09,41,21.8,68,37.5,31.0
455757,2026-05-08,09,42,21.8,68,37.5,31.0
455758,2026-05-08,09,43,21.8,68,37.6,31.0
455759,2026-05-08,09,44,21.8,67,36.9,32.0
455760,2026-05-08,09,45,21.9,67,36.3,32.0
455761,2026-05-08,09,46,21.9,68,36.5,32.0
455762,2026-05-08,09,47,21.8,68,36.8,32.0
455763,2026-05-08,09,48,21.8,68,37.0,32.0
455764,2026-05-08,09,49,21.8,68,37.2,32.0
455765,2026-05-08,09,50,22.2,68,37.3,31.0
455766,2026-05-08,09,51,22.2,68,37.3,32.0
455767,2026-05-08,09,52,22.2,68,37.1,32.0
455768,2026-05-08,09,53,22.2,68,37.1,32.0
455769,2026-05-08,09,54,22.2,68,36.3,32.0
455770,2026-05-08,09,55,22.2,68,34.5,34.0
455771,2026-05-08,09,56,22.2,68,32.7,36.0
455772,2026-05-08,09,57,22.2,68,31.5,38.0
455773,2026-05-08,09,58,22.2,68,30.5,39.0
455774,2026-05-08,09,59,22.2,68,29.8,41.0
455775,2026-05-08,10,00,22.2,69,29.2,41.0
455776,2026-05-08,10,01,22.2,69,29.0,42.0
455777,2026-05-08,10,02,22.2,69,29.6,42.0
455778,2026-05-08,10,03,22.2,69,31.0,40.0
455779,2026-05-08,10,04,22.2,69,32.0,38.0
455780,2026-05-08,10,05,22.2,69,32.7,38.0
455781,2026-05-08,10,06,22.2,69,32.2,38.0
455782,2026-05-08,10,07,22.2,69,31.6,39.0
455783,2026-05-08,10,08,22.2,69,31.0,39.0
455784,2026-05-08,10,09,22.2,69,30.3,40.0
455785,2026-05-08,10,10,22.2,69,29.6,41.0
455786,2026-05-08,10,11,22.2,69,29.1,42.0
455787,2026-05-08,10,12,22.2,69,28.8,43.0
455788,2026-05-08,10,13,22.2,69,28.6,44.0
455789,2026-05-08,10,14,22.2,69,28.3,44.0
455790,2026-05-08,10,15,22.2,69,28.1,45.0
455791,2026-05-08,10,16,22.2,69,27.9,45.0
455792,2026-05-08,10,17,22.2,68,27.7,45.0
455793,2026-05-08,10,18,22.2,69,27.4,46.0
455794,2026-05-08,10,19,22.2,69,27.2,46.0
455795,2026-05-08,10,20,22.2,69,27.1,46.0
455796,2026-05-08,10,21,22.2,69,27.0,47.0
455797,2026-05-08,10,22,22.3,69,26.9,47.0
455798,2026-05-08,10,23,22.6,68,26.9,47.0
455799,2026-05-08,10,24,22.6,68,26.9,47.0
455800,2026-05-08,10,25,22.6,68,26.9,47.0
455801,2026-05-08,10,26,22.6,67,26.9,47.0
455802,2026-05-08,10,27,22.6,67,26.9,47.0
455803,2026-05-08,10,28,22.6,67,27.1,47.0
455804,2026-05-08,10,29,22.6,67,27.2,46.0
455805,2026-05-08,10,30,22.6,67,27.4,46.0
455806,2026-05-08,10,31,22.6,68,27.5,46.0
455807,2026-05-08,10,32,22.6,68,27.6,46.0
455808,2026-05-08,10,33,22.6,68,27.6,46.0
455809,2026-05-08,10,34,22.6,68,27.6,46.0
455810,2026-05-08,10,35,22.6,68,27.5,46.0
455811,2026-05-08,10,36,22.6,68,27.4,46.0
455812,2026-05-08,10,37,22.6,68,27.4,46.0
455813,2026-05-08,10,38,22.6,68,27.3,46.0
455814,2026-05-08,10,39,22.6,68,27.2,47.0
455815,2026-05-08,10,40,22.6,68,27.2,47.0
455816,2026-05-08,10,41,22.6,68,27.2,47.0
455817,2026-05-08,10,42,22.8,68,27.2,47.0
455818,2026-05-08,10,43,23.0,67,27.4,47.0
455819,2026-05-08,10,44,23.0,67,27.6,46.0
455820,2026-05-08,10,45,23.0,67,27.7,46.0
455821,2026-05-08,10,46,23.0,67,27.8,46.0
455822,2026-05-08,10,47,23.0,67,27.9,46.0
455823,2026-05-08,10,48,23.0,67,27.9,46.0
455824,2026-05-08,10,49,23.0,67,28.0,46.0
455825,2026-05-08,10,50,23.0,67,28.1,45.0
455826,2026-05-08,10,51,23.0,67,28.1,45.0
455827,2026-05-08,10,52,23.0,68,28.3,45.0
455828,2026-05-08,10,53,23.0,67,28.3,45.0
455829,2026-05-08,10,54,23.0,68,28.3,45.0
455830,2026-05-08,10,55,23.0,68,28.3,45.0
455831,2026-05-08,10,56,23.0,68,28.2,45.0
455832,2026-05-08,10,57,23.0,68,28.2,45.0
455833,2026-05-08,10,58,23.0,68,28.3,45.0
455834,2026-05-08,10,59,23.0,67,28.3,45.0
455835,2026-05-08,11,00,23.0,67,28.5,45.0
455836,2026-05-08,11,01,23.0,67,28.6,45.0
455837,2026-05-08,11,02,23.0,67,28.6,44.0
455838,2026-05-08,11,03,23.0,66,28.7,44.0
455839,2026-05-08,11,04,23.0,66,28.8,44.0
455840,2026-05-08,11,05,23.0,66,28.8,44.0
455841,2026-05-08,11,06,23.0,66,28.8,44.0
455842,2026-05-08,11,07,23.0,66,28.8,44.0
455843,2026-05-08,11,08,23.0,66,28.6,44.0
455844,2026-05-08,11,09,23.0,67,28.5,44.0
455845,2026-05-08,11,10,23.0,67,28.2,45.0
455846,2026-05-08,11,11,23.0,67,27.9,45.0
455847,2026-05-08,11,12,23.0,67,27.8,46.0
455848,2026-05-08,11,13,23.0,67,27.7,46.0
455849,2026-05-08,11,14,23.0,67,27.7,46.0
455850,2026-05-08,11,15,23.0,67,27.7,46.0
455851,2026-05-08,11,16,23.0,67,27.7,46.0
455852,2026-05-08,11,17,23.0,66,27.7,46.0
455853,2026-05-08,11,18,23.0,66,27.7,46.0
455854,2026-05-08,11,19,23.0,66,27.7,46.0
455855,2026-05-08,11,20,23.0,66,27.8,46.0
455856,2026-05-08,11,21,23.0,66,27.8,46.0
455857,2026-05-08,11,22,23.0,66,27.8,46.0
455858,2026-05-08,11,23,23.0,66,27.9,46.0
455859,2026-05-08,11,24,23.0,66,27.9,46.0
455860,2026-05-08,11,25,23.0,66,27.9,46.0
455861,2026-05-08,11,26,23.0,66,28.0,46.0
455862,2026-05-08,11,27,23.0,66,28.0,46.0
455863,2026-05-08,11,28,23.0,66,28.1,45.0
455864,2026-05-08,11,29,23.0,66,28.2,45.0
455865,2026-05-08,11,30,23.4,66,28.2,45.0
455866,2026-05-08,11,31,23.4,66,28.1,45.0
455867,2026-05-08,11,32,23.0,66,28.1,45.0
455868,2026-05-08,11,33,23.0,66,28.2,45.0
455869,2026-05-08,11,34,23.2,66,28.2,45.0
455870,2026-05-08,11,35,23.0,66,28.2,45.0
455871,2026-05-08,11,36,23.0,66,28.2,45.0
455872,2026-05-08,11,37,23.0,66,28.3,45.0
455873,2026-05-08,11,38,23.0,66,28.3,45.0
455874,2026-05-08,11,39,23.0,66,28.4,45.0
455875,2026-05-08,11,40,23.0,66,28.4,45.0
455876,2026-05-08,11,41,23.0,65,28.4,45.0
455877,2026-05-08,11,43,23.4,65,28.3,45.0
455878,2026-05-08,11,44,23.4,64,28.2,45.0
455879,2026-05-08,11,45,23.4,64,28.1,45.0
455880,2026-05-08,11,46,23.3,64,28.0,45.0
455881,2026-05-08,11,47,23.2,64,27.9,45.0
455882,2026-05-08,11,48,23.4,64,27.9,45.0
455883,2026-05-08,11,49,23.4,64,27.8,45.0
455884,2026-05-08,11,50,23.4,64,27.8,45.0
455885,2026-05-08,11,51,23.4,64,27.7,46.0
455886,2026-05-08,11,52,23.4,64,27.7,46.0
455887,2026-05-08,11,53,23.4,64,27.7,46.0
455888,2026-05-08,11,54,23.4,64,27.6,46.0
455889,2026-05-08,11,55,23.4,64,27.6,46.0
455890,2026-05-08,11,56,23.4,64,27.5,46.0
455891,2026-05-08,11,57,23.4,64,27.5,46.0
455892,2026-05-08,11,58,23.4,64,27.5,46.0
455893,2026-05-08,11,59,23.4,64,27.4,46.0
455894,2026-05-08,12,00,23.4,64,27.4,46.0
455895,2026-05-08,12,01,23.4,64,27.3,46.0
455896,2026-05-08,12,02,23.4,64,27.3,46.0
455897,2026-05-08,12,03,23.4,64,27.2,46.0
455898,2026-05-08,12,04,23.4,63,27.1,46.0
455899,2026-05-08,12,05,23.4,63,27.0,47.0
455900,2026-05-08,12,06,23.4,63,27.0,47.0
455901,2026-05-08,12,07,23.4,64,26.9,47.0
455902,2026-05-08,12,08,23.4,64,26.9,47.0
455903,2026-05-08,12,09,23.4,64,26.9,47.0
455904,2026-05-08,12,10,23.4,65,26.9,47.0
455905,2026-05-08,12,11,23.4,66,26.8,48.0
455906,2026-05-08,12,12,23.4,67,26.8,48.0
455907,2026-05-08,12,13,23.4,68,26.8,48.0
455908,2026-05-08,12,14,23.4,68,26.8,48.0
455909,2026-05-08,12,15,23.4,69,26.9,48.0
455910,2026-05-08,12,16,23.4,69,26.9,48.0
455911,2026-05-08,12,17,23.4,69,27.0,49.0
455912,2026-05-08,12,18,23.7,69,27.2,49.0
455913,2026-05-08,12,19,23.8,69,27.4,49.0
455914,2026-05-08,12,20,23.8,69,27.6,48.0
455915,2026-05-08,12,21,23.8,70,27.7,48.0
455916,2026-05-08,12,22,23.8,70,27.8,48.0
455917,2026-05-08,12,23,23.8,70,27.9,48.0
455918,2026-05-08,12,24,23.8,70,27.9,48.0
455919,2026-05-08,12,25,23.8,70,28.0,48.0
455920,2026-05-08,12,26,23.8,70,28.0,48.0
455921,2026-05-08,12,27,23.8,71,27.9,48.0
455922,2026-05-08,12,28,23.8,71,27.9,48.0
455923,2026-05-08,12,29,23.8,71,27.9,49.0
455924,2026-05-08,12,30,23.8,71,27.8,49.0
455925,2026-05-08,12,31,23.8,71,27.8,49.0
455926,2026-05-08,12,32,23.8,72,27.7,49.0
455927,2026-05-08,12,33,23.8,72,27.6,49.0
455928,2026-05-08,12,34,23.8,72,27.6,50.0
455929,2026-05-08,12,35,23.8,72,27.5,50.0
455930,2026-05-08,12,36,23.8,72,27.5,50.0
455931,2026-05-08,12,37,23.8,72,27.5,50.0
455932,2026-05-08,12,38,23.8,72,27.6,50.0
455933,2026-05-08,12,39,23.8,72,27.6,50.0
455934,2026-05-08,12,40,23.8,73,27.6,50.0
455935,2026-05-08,12,41,23.8,73,27.7,50.0
455936,2026-05-08,12,42,23.8,73,27.8,50.0
455937,2026-05-08,12,43,23.8,73,27.8,50.0
455938,2026-05-08,12,44,23.8,73,27.8,50.0
455939,2026-05-08,12,45,23.8,73,27.9,50.0
455940,2026-05-08,12,46,23.8,73,27.9,51.0
455941,2026-05-08,12,47,23.8,73,27.9,51.0
455942,2026-05-08,12,48,23.8,73,27.9,50.0
455943,2026-05-08,12,49,23.8,73,28.0,50.0
455944,2026-05-08,12,50,23.8,73,28.0,50.0
455945,2026-05-08,12,51,23.8,73,28.0,50.0
455946,2026-05-08,12,52,24.1,73,28.0,50.0
455947,2026-05-08,12,53,24.1,73,28.0,51.0
455948,2026-05-08,12,54,24.1,73,28.0,51.0
455949,2026-05-08,12,55,24.1,73,28.0,51.0
455950,2026-05-08,12,56,24.1,73,27.9,51.0
455951,2026-05-08,12,57,24.1,74,27.9,51.0
455952,2026-05-08,12,58,24.1,74,27.8,51.0
455953,2026-05-08,12,59,24.1,74,27.8,51.0
455954,2026-05-08,13,00,24.1,74,27.7,52.0
455955,2026-05-08,13,01,24.1,74,27.6,52.0
455956,2026-05-08,13,02,24.1,74,27.6,52.0
455957,2026-05-08,13,03,24.1,74,27.5,52.0
455958,2026-05-08,13,04,24.1,74,27.5,52.0
455959,2026-05-08,13,05,24.1,74,27.4,52.0
455960,2026-05-08,13,06,24.1,73,27.4,52.0
455961,2026-05-08,13,07,24.1,73,27.3,52.0
455962,2026-05-08,13,08,24.1,73,27.3,52.0
455963,2026-05-08,13,09,24.1,74,27.3,52.0
455964,2026-05-08,13,10,24.1,74,27.3,52.0
455965,2026-05-08,13,11,24.1,74,27.2,52.0
455966,2026-05-08,13,12,24.1,74,27.2,53.0
455967,2026-05-08,13,13,24.1,74,27.2,53.0
455968,2026-05-08,13,14,24.1,75,27.1,53.0
455969,2026-05-08,13,15,24.1,75,27.1,53.0
455970,2026-05-08,13,16,24.1,75,27.1,53.0
455971,2026-05-08,13,17,24.1,75,27.0,54.0
455972,2026-05-08,13,18,24.1,75,26.9,54.0
455973,2026-05-08,13,19,24.1,75,26.8,54.0
455974,2026-05-08,13,20,24.1,75,26.7,54.0
455975,2026-05-08,13,21,24.1,75,26.6,54.0
455976,2026-05-08,13,22,24.1,74,26.5,53.0
455977,2026-05-08,13,23,24.1,74,26.5,53.0
455978,2026-05-08,13,24,24.1,74,26.5,52.0
455979,2026-05-08,13,25,24.1,73,26.5,52.0
455980,2026-05-08,13,26,24.1,73,26.6,51.0
455981,2026-05-08,13,27,24.1,73,26.7,52.0
455982,2026-05-08,13,28,24.1,73,26.9,52.0
455983,2026-05-08,13,29,23.8,73,27.0,51.0
455984,2026-05-08,13,30,23.9,73,27.1,51.0
455985,2026-05-08,13,31,24.0,73,27.3,51.0
455986,2026-05-08,13,32,23.9,73,27.3,52.0
455987,2026-05-08,13,33,23.8,73,27.3,52.0
455988,2026-05-08,13,34,23.8,73,27.3,52.0
455989,2026-05-08,13,35,23.8,73,27.2,52.0
455990,2026-05-08,13,36,23.8,73,27.2,52.0
455991,2026-05-08,13,37,23.8,73,27.1,52.0
455992,2026-05-08,13,38,23.8,73,27.1,52.0
455993,2026-05-08,13,39,23.8,73,27.0,52.0
455994,2026-05-08,13,40,23.8,73,26.9,52.0
455995,2026-05-08,13,41,23.8,73,26.8,52.0
455996,2026-05-08,13,42,23.8,73,26.6,52.0
455997,2026-05-08,13,43,23.8,73,26.5,53.0
455998,2026-05-08,13,44,23.8,72,26.4,53.0
455999,2026-05-08,13,45,23.8,72,26.3,53.0
456000,2026-05-08,13,46,23.8,72,26.2,53.0
456001,2026-05-08,13,47,23.8,72,26.1,53.0
456002,2026-05-08,13,48,23.8,72,26.0,53.0
456003,2026-05-08,13,49,23.8,72,26.0,53.0
456004,2026-05-08,13,50,23.8,72,25.9,52.0
456005,2026-05-08,13,51,23.8,72,25.8,51.0
456006,2026-05-08,13,52,23.8,71,25.8,51.0
456007,2026-05-08,13,53,23.8,71,25.7,51.0
456008,2026-05-08,13,54,23.8,71,25.7,52.0
456009,2026-05-08,13,55,23.8,71,25.6,52.0
456010,2026-05-08,13,56,23.8,71,25.6,52.0
456011,2026-05-08,13,57,23.8,71,25.6,52.0
456012,2026-05-08,13,58,23.8,71,25.6,51.0
456013,2026-05-08,13,59,23.8,71,25.5,51.0
456014,2026-05-08,14,00,23.8,71,25.5,52.0
456015,2026-05-08,14,01,23.8,71,25.5,52.0
456016,2026-05-08,14,02,23.8,71,25.5,52.0
456017,2026-05-08,14,03,23.8,70,25.4,52.0
456018,2026-05-08,14,04,23.8,70,25.5,52.0
456019,2026-05-08,14,05,23.8,70,25.5,52.0
456020,2026-05-08,14,06,23.8,70,25.5,52.0
456021,2026-05-08,14,07,23.8,70,25.5,52.0
456022,2026-05-08,14,08,23.8,70,25.4,52.0
456023,2026-05-08,14,09,23.8,70,25.4,52.0
456024,2026-05-08,14,10,23.8,70,25.4,52.0
456025,2026-05-08,14,11,23.8,70,25.4,53.0
456026,2026-05-08,14,12,23.8,70,25.3,53.0
456027,2026-05-08,14,13,23.8,70,25.3,53.0
456028,2026-05-08,14,14,23.8,70,25.2,53.0
456029,2026-05-08,14,15,23.8,70,25.1,53.0
456030,2026-05-08,14,16,23.8,69,25.1,53.0
456031,2026-05-08,14,17,23.8,69,25.0,53.0
456032,2026-05-08,14,18,23.8,69,24.9,54.0
456033,2026-05-08,14,19,23.8,69,24.9,54.0
456034,2026-05-08,14,20,23.8,69,24.8,54.0
456035,2026-05-08,14,21,23.8,69,24.8,54.0
456036,2026-05-08,14,22,23.8,69,24.8,54.0
456037,2026-05-08,14,23,23.8,69,24.8,54.0
456038,2026-05-08,14,24,23.8,69,24.7,54.0
456039,2026-05-08,14,25,23.8,69,24.7,55.0
456040,2026-05-08,14,26,23.8,69,24.6,55.0
456041,2026-05-08,14,27,23.8,69,24.6,55.0
456042,2026-05-08,14,28,23.8,69,24.6,55.0
456043,2026-05-08,14,29,23.8,69,24.6,55.0
456044,2026-05-08,14,30,23.8,69,24.6,55.0
456045,2026-05-08,14,31,23.8,69,24.6,55.0
456046,2026-05-08,14,32,23.8,69,24.6,55.0
456047,2026-05-08,14,33,23.8,69,24.6,55.0
456048,2026-05-08,14,34,23.8,69,24.6,55.0
456049,2026-05-08,14,35,23.8,69,24.6,55.0
456050,2026-05-08,14,36,23.8,69,24.6,54.0
456051,2026-05-08,14,37,23.8,69,24.6,55.0
456052,2026-05-08,14,38,23.8,69,24.7,55.0
456053,2026-05-08,14,39,23.8,69,24.7,55.0
456054,2026-05-08,14,40,23.8,69,24.7,54.0
456055,2026-05-08,14,41,23.8,69,24.8,54.0
456056,2026-05-08,14,42,23.8,69,24.9,54.0
456057,2026-05-08,14,43,23.8,69,24.9,54.0
456058,2026-05-08,14,44,23.8,69,24.9,54.0
456059,2026-05-08,14,45,23.8,69,24.9,54.0
456060,2026-05-08,14,46,23.8,69,24.8,54.0
456061,2026-05-08,14,47,23.8,69,24.8,54.0
456062,2026-05-08,14,48,23.8,69,24.8,54.0
456063,2026-05-08,14,49,23.8,69,24.8,54.0
456064,2026-05-08,14,50,23.8,69,24.8,54.0
456065,2026-05-08,14,51,23.8,69,24.9,54.0
456066,2026-05-08,14,52,23.8,69,24.9,54.0
456067,2026-05-08,14,53,23.8,69,24.9,54.0
456068,2026-05-08,14,54,23.8,69,24.9,54.0
456069,2026-05-08,14,55,23.8,69,24.9,54.0
456070,2026-05-08,14,56,23.8,69,25.0,54.0
456071,2026-05-08,14,57,23.8,69,25.0,54.0
456072,2026-05-08,14,58,23.8,69,25.1,54.0
456073,2026-05-08,14,59,23.8,69,25.1,54.0
456074,2026-05-08,15,00,23.8,69,25.1,53.0
456075,2026-05-08,15,01,23.8,69,25.1,53.0
456076,2026-05-08,15,02,23.8,69,25.0,54.0
456077,2026-05-08,15,03,23.8,69,25.0,54.0
456078,2026-05-08,15,04,23.8,69,24.9,54.0
456079,2026-05-08,15,05,23.8,69,24.9,54.0
456080,2026-05-08,15,06,23.8,69,24.8,54.0
456081,2026-05-08,15,07,23.8,69,24.8,54.0
456082,2026-05-08,15,08,23.8,69,24.7,54.0
456083,2026-05-08,15,09,23.8,69,24.7,54.0
456084,2026-05-08,15,10,23.8,69,24.7,54.0
456085,2026-05-08,15,11,23.8,69,24.7,54.0
456086,2026-05-08,15,12,23.8,69,24.7,54.0
456087,2026-05-08,15,13,23.8,69,24.7,54.0
456088,2026-05-08,15,14,23.8,69,24.7,54.0
456089,2026-05-08,15,15,23.8,69,24.6,54.0
456090,2026-05-08,15,16,23.8,69,24.6,54.0
456091,2026-05-08,15,17,23.8,69,24.6,54.0
456092,2026-05-08,15,18,23.8,69,24.5,55.0
456093,2026-05-08,15,19,23.8,69,24.4,55.0
456094,2026-05-08,15,20,23.8,69,24.4,55.0
456095,2026-05-08,15,21,23.8,69,24.4,54.0
456096,2026-05-08,15,22,23.8,69,24.4,54.0
456097,2026-05-08,15,23,23.8,69,24.4,54.0
456098,2026-05-08,15,24,23.8,69,24.4,54.0
456099,2026-05-08,15,25,23.8,69,24.4,54.0
456100,2026-05-08,15,26,23.8,69,24.4,54.0
456101,2026-05-08,15,27,23.8,69,24.4,54.0
456102,2026-05-08,15,28,23.8,69,24.4,55.0
456103,2026-05-08,15,29,23.8,69,24.4,55.0
456104,2026-05-08,15,30,23.8,69,24.4,55.0
456105,2026-05-08,15,31,23.8,69,24.4,54.0
456106,2026-05-08,15,32,23.8,69,24.4,55.0
456107,2026-05-08,15,33,23.8,69,24.4,55.0
456108,2026-05-08,15,34,23.8,69,24.4,55.0
456109,2026-05-08,15,35,23.8,69,24.3,54.0
456110,2026-05-08,15,36,23.8,69,24.3,54.0
456111,2026-05-08,15,37,23.8,69,24.2,54.0
456112,2026-05-08,15,38,23.8,69,24.2,55.0
456113,2026-05-08,15,39,23.8,69,24.2,55.0
456114,2026-05-08,15,40,23.8,69,24.1,55.0
456115,2026-05-08,15,41,23.8,69,24.1,55.0
456116,2026-05-08,15,42,23.8,69,24.1,55.0
456117,2026-05-08,15,43,23.8,69,24.0,56.0
456118,2026-05-08,15,44,23.8,69,24.0,55.0
456119,2026-05-08,15,45,23.8,69,24.0,55.0
456120,2026-05-08,15,46,23.8,69,23.9,56.0
456121,2026-05-08,15,47,23.8,69,23.9,56.0
456122,2026-05-08,15,48,23.8,69,23.8,56.0
456123,2026-05-08,15,49,23.8,69,23.8,56.0
456124,2026-05-08,15,50,23.8,69,23.8,56.0
456125,2026-05-08,15,51,23.8,68,23.7,56.0
456126,2026-05-08,15,52,23.8,69,23.7,56.0
456127,2026-05-08,15,53,23.8,69,23.7,57.0
456128,2026-05-08,15,54,23.8,69,23.7,57.0
456129,2026-05-08,15,55,23.8,69,23.7,57.0
456130,2026-05-08,15,56,23.8,69,23.7,57.0
456131,2026-05-08,15,57,23.8,69,23.7,57.0
456132,2026-05-08,15,58,23.8,69,23.7,57.0
456133,2026-05-08,15,59,23.8,69,23.7,57.0
456134,2026-05-08,16,00,23.8,69,23.7,57.0
456135,2026-05-08,16,01,23.8,69,23.7,56.0
456136,2026-05-08,16,02,23.8,69,23.8,56.0
456137,2026-05-08,16,03,23.8,69,23.8,56.0
456138,2026-05-08,16,04,23.8,69,23.8,56.0
456139,2026-05-08,16,05,23.8,68,23.8,56.0
456140,2026-05-08,16,06,23.8,68,23.8,56.0
456141,2026-05-08,16,07,23.8,68,23.8,56.0
456142,2026-05-08,16,08,23.8,68,23.9,56.0
456143,2026-05-08,16,09,23.8,68,23.9,56.0
456144,2026-05-08,16,10,23.8,68,23.9,56.0
456145,2026-05-08,16,11,23.8,68,23.9,56.0
456146,2026-05-08,16,12,23.8,68,23.9,56.0
456147,2026-05-08,16,13,23.8,68,23.9,56.0
456148,2026-05-08,16,14,23.8,68,24.0,56.0
456149,2026-05-08,16,15,23.8,68,24.0,56.0
456150,2026-05-08,16,16,23.8,68,24.0,56.0
456151,2026-05-08,16,17,23.8,68,24.1,55.0
456152,2026-05-08,16,18,23.8,68,24.1,55.0
456153,2026-05-08,16,19,23.8,68,24.1,55.0
456154,2026-05-08,16,20,23.8,68,24.2,55.0
456155,2026-05-08,16,21,23.8,68,24.2,55.0
456156,2026-05-08,16,22,23.8,68,24.2,55.0
456157,2026-05-08,16,23,23.8,68,24.2,55.0
456158,2026-05-08,16,24,23.8,68,24.2,55.0
456159,2026-05-08,16,25,23.8,68,24.2,55.0
456160,2026-05-08,16,26,23.8,68,24.2,56.0
456161,2026-05-08,16,27,23.8,68,24.1,56.0
456162,2026-05-08,16,28,23.8,68,24.1,56.0
456163,2026-05-08,16,29,23.8,67,24.1,56.0
456164,2026-05-08,16,30,23.8,67,24.0,56.0
456165,2026-05-08,16,31,23.8,67,24.0,56.0
456166,2026-05-08,16,32,23.8,67,24.0,56.0
456167,2026-05-08,16,33,23.8,67,23.9,56.0
456168,2026-05-08,16,34,23.8,67,23.9,57.0
456169,2026-05-08,16,35,23.8,67,23.9,57.0
456170,2026-05-08,16,36,23.8,67,23.8,57.0
456171,2026-05-08,16,37,23.8,67,23.8,57.0
456172,2026-05-08,16,38,23.8,67,23.8,57.0
456173,2026-05-08,16,39,23.8,67,23.8,57.0
456174,2026-05-08,16,40,23.8,67,23.7,58.0
456175,2026-05-08,16,41,23.8,67,23.7,58.0
456176,2026-05-08,16,42,23.8,67,23.7,58.0
456177,2026-05-08,16,43,23.8,67,23.7,58.0
456178,2026-05-08,16,44,23.8,67,23.6,58.0
456179,2026-05-08,16,45,23.8,67,23.6,58.0
456180,2026-05-08,16,46,23.8,67,23.6,58.0
456181,2026-05-08,16,47,23.8,67,23.6,58.0
456182,2026-05-08,16,48,23.8,68,23.6,58.0
456183,2026-05-08,16,49,23.8,68,23.6,59.0
456184,2026-05-08,16,50,23.8,68,23.6,59.0
456185,2026-05-08,16,51,23.8,68,23.5,59.0
456186,2026-05-08,16,52,23.8,68,23.5,59.0
456187,2026-05-08,16,53,23.8,68,23.5,59.0
456188,2026-05-08,16,54,23.8,68,23.5,59.0
456189,2026-05-08,16,55,23.8,68,23.5,59.0
456190,2026-05-08,16,56,23.8,68,23.5,59.0
456191,2026-05-08,16,57,23.8,68,23.4,59.0
456192,2026-05-08,16,58,23.8,68,23.4,59.0
456193,2026-05-08,16,59,23.8,68,23.4,59.0
456194,2026-05-08,17,00,23.8,68,23.3,59.0
456195,2026-05-08,17,01,23.8,68,23.3,59.0
456196,2026-05-08,17,02,23.8,68,23.3,59.0
456197,2026-05-08,17,03,23.8,68,23.2,59.0
456198,2026-05-08,17,04,23.8,68,23.2,59.0
456199,2026-05-08,17,05,23.8,68,23.2,59.0
456200,2026-05-08,17,06,23.8,68,23.2,60.0
456201,2026-05-08,17,07,23.8,68,23.2,60.0
456202,2026-05-08,17,08,23.8,69,23.2,60.0
456203,2026-05-08,17,09,23.8,69,23.2,60.0
456204,2026-05-08,17,10,23.8,69,23.2,60.0
456205,2026-05-08,17,11,23.8,69,23.2,60.0
456206,2026-05-08,17,12,23.8,69,23.2,60.0
456207,2026-05-08,17,13,23.8,69,23.1,60.0
456208,2026-05-08,17,14,23.8,69,23.1,60.0
456209,2026-05-08,17,15,23.8,69,23.1,60.0
456210,2026-05-08,17,16,23.8,69,23.1,60.0
456211,2026-05-08,17,17,23.8,69,23.1,60.0
456212,2026-05-08,17,18,23.8,69,23.0,60.0
456213,2026-05-08,17,19,23.8,69,23.0,60.0
456214,2026-05-08,17,20,23.8,69,23.0,60.0
456215,2026-05-08,17,21,23.8,69,23.0,60.0
456216,2026-05-08,17,22,23.8,69,23.0,60.0
456217,2026-05-08,17,23,23.8,69,22.9,60.0
456218,2026-05-08,17,24,23.8,69,22.9,60.0
456219,2026-05-08,17,25,23.8,69,22.9,60.0
456220,2026-05-08,17,26,23.8,69,22.8,60.0
456221,2026-05-08,17,27,23.8,69,22.8,60.0
456222,2026-05-08,17,28,23.8,69,22.8,61.0
456223,2026-05-08,17,29,23.8,69,22.8,60.0
456224,2026-05-08,17,30,23.8,69,22.8,61.0
456225,2026-05-08,17,31,23.8,69,22.7,61.0
456226,2026-05-08,17,32,23.8,69,22.7,61.0
456227,2026-05-08,17,33,23.8,69,22.7,61.0
456228,2026-05-08,17,34,23.8,69,22.6,61.0
456229,2026-05-08,17,35,23.8,69,22.6,61.0
456230,2026-05-08,17,36,23.8,69,22.6,61.0
456231,2026-05-08,17,37,23.8,69,22.6,61.0
456232,2026-05-08,17,38,23.8,69,22.6,61.0
456233,2026-05-08,17,39,23.8,69,22.6,61.0
456234,2026-05-08,17,40,23.8,69,22.6,61.0
456235,2026-05-08,17,41,23.8,69,22.6,61.0
456236,2026-05-08,17,42,23.8,69,22.6,61.0
456237,2026-05-08,17,43,23.8,69,22.6,61.0
456238,2026-05-08,17,44,23.8,69,22.6,61.0
456239,2026-05-08,17,45,23.8,69,22.6,61.0
456240,2026-05-08,17,46,23.8,69,22.6,61.0
456241,2026-05-08,17,47,23.8,69,22.5,61.0
456242,2026-05-08,17,48,23.8,69,22.5,61.0
456243,2026-05-08,17,49,23.8,69,22.5,61.0
456244,2026-05-08,17,50,23.8,69,22.5,61.0
456245,2026-05-08,17,51,23.8,69,22.5,61.0
456246,2026-05-08,17,52,23.8,69,22.4,61.0
456247,2026-05-08,17,54,23.8,69,22.4,61.0
456248,2026-05-08,17,54,23.8,69,22.4,61.0
456249,2026-05-08,17,56,23.8,69,22.4,61.0
456250,2026-05-08,17,56,23.8,69,22.4,61.0
456251,2026-05-08,17,58,23.8,69,22.3,61.0
456252,2026-05-08,17,59,23.8,69,22.3,61.0
456253,2026-05-08,17,59,23.8,69,22.3,61.0
456254,2026-05-08,18,01,23.8,69,22.3,61.0
456255,2026-05-08,18,01,23.8,69,22.2,62.0
456256,2026-05-08,18,03,23.8,69,22.2,62.0
456257,2026-05-08,18,03,23.8,69,22.2,62.0
456258,2026-05-08,18,05,23.8,69,22.2,62.0
456259,2026-05-08,18,05,23.8,69,22.2,62.0
456260,2026-05-08,18,07,23.8,69,22.2,62.0
456261,2026-05-08,18,07,23.8,69,22.1,62.0
456262,2026-05-08,18,09,23.8,69,22.1,62.0
456263,2026-05-08,18,10,23.8,69,22.1,62.0
456264,2026-05-08,18,11,23.8,69,22.1,62.0
456265,2026-05-08,18,12,23.8,69,22.1,62.0
456266,2026-05-08,18,12,23.8,69,22.1,62.0
456267,2026-05-08,18,14,23.8,69,22.0,62.0
456268,2026-05-08,18,14,23.8,69,22.0,62.0
456269,2026-05-08,18,16,23.8,69,22.0,61.0
456270,2026-05-08,18,16,23.8,69,22.0,62.0
456271,2026-05-08,18,18,23.7,69,21.9,62.0
456272,2026-05-08,18,18,23.6,69,21.9,62.0
456273,2026-05-08,18,20,23.5,69,21.9,62.0
456274,2026-05-08,18,20,23.4,69,21.9,61.0
456275,2026-05-08,18,22,23.4,69,21.9,62.0
456276,2026-05-08,18,23,23.4,69,21.9,62.0
456277,2026-05-08,18,24,23.4,69,21.9,62.0
456278,2026-05-08,18,24,23.4,69,21.9,62.0
456279,2026-05-08,18,26,23.4,69,21.9,62.0
456280,2026-05-08,18,26,23.4,69,21.9,62.0
456281,2026-05-08,18,28,23.4,69,21.9,62.0
456282,2026-05-08,18,28,23.4,69,21.9,62.0
456283,2026-05-08,18,30,23.4,70,21.9,62.0
456284,2026-05-08,18,31,23.4,70,21.9,62.0
456285,2026-05-08,18,31,23.4,70,21.9,62.0
456286,2026-05-08,18,33,23.4,70,21.9,62.0
456287,2026-05-08,18,34,23.4,70,21.9,62.0
456288,2026-05-08,18,35,23.4,70,21.8,62.0
456289,2026-05-08,18,36,23.4,70,21.8,62.0
456290,2026-05-08,18,37,23.4,70,21.8,62.0
456291,2026-05-08,18,38,23.4,70,21.8,62.0
456292,2026-05-08,18,39,23.4,70,21.8,62.0
456293,2026-05-08,18,40,23.4,70,21.8,62.0
456294,2026-05-08,18,41,23.4,70,21.8,62.0
456295,2026-05-08,18,42,23.4,69,21.8,62.0
456296,2026-05-08,18,43,23.4,69,21.8,62.0
456297,2026-05-08,18,44,23.4,69,21.8,62.0
456298,2026-05-08,18,45,23.4,69,21.7,62.0
456299,2026-05-08,18,46,23.4,69,21.7,62.0
456300,2026-05-08,18,47,23.4,69,21.7,62.0
456301,2026-05-08,18,48,23.4,69,21.7,62.0
456302,2026-05-08,18,49,23.4,69,21.7,62.0
456303,2026-05-08,18,50,23.4,69,21.7,62.0
456304,2026-05-08,18,51,23.4,69,21.7,62.0
456305,2026-05-08,18,52,23.4,69,21.7,62.0
456306,2026-05-08,18,53,23.4,69,21.7,62.0
456307,2026-05-08,18,54,23.4,70,21.7,62.0
456308,2026-05-08,18,55,23.4,69,21.7,62.0
456309,2026-05-08,18,56,23.4,68,21.7,62.0
456310,2026-05-08,18,57,23.4,68,21.7,63.0
456311,2026-05-08,18,58,23.4,69,21.7,63.0
456312,2026-05-08,18,59,23.4,69,21.7,62.0
456313,2026-05-08,19,00,23.4,69,21.7,63.0
456314,2026-05-08,19,01,23.4,69,21.7,63.0
456315,2026-05-08,19,02,23.4,69,21.7,62.0
456316,2026-05-08,19,03,23.4,69,21.6,62.0
456317,2026-05-08,19,05,23.4,69,21.6,62.0
456318,2026-05-08,19,06,23.4,69,21.6,63.0
456319,2026-05-08,19,07,23.4,69,21.6,63.0
456320,2026-05-08,19,08,23.4,69,21.6,63.0
456321,2026-05-08,19,09,23.4,69,21.6,63.0
456322,2026-05-08,19,10,23.4,69,21.5,63.0
456323,2026-05-08,19,11,23.4,69,21.5,63.0
456324,2026-05-08,19,12,23.4,69,21.6,63.0
456325,2026-05-08,19,13,23.4,69,21.5,63.0
456326,2026-05-08,19,14,23.4,69,21.6,63.0
456327,2026-05-08,19,15,23.4,69,21.6,63.0
456328,2026-05-08,19,16,23.4,69,21.6,63.0
456329,2026-05-08,19,17,23.4,69,21.6,63.0
456330,2026-05-08,19,18,23.4,69,21.5,63.0
456331,2026-05-08,19,19,23.4,69,21.5,62.0
456332,2026-05-08,19,20,23.4,69,21.5,63.0
456333,2026-05-08,19,21,23.4,69,21.5,63.0
456334,2026-05-08,19,22,23.4,69,21.5,63.0
456335,2026-05-08,19,23,23.4,69,21.5,63.0
456336,2026-05-08,19,24,23.4,69,21.5,63.0
456337,2026-05-08,19,25,23.4,69,21.5,63.0
456338,2026-05-08,19,26,23.4,69,21.4,63.0
456339,2026-05-08,19,27,23.4,69,21.4,63.0
456340,2026-05-08,19,28,23.4,69,21.4,63.0
456341,2026-05-08,19,29,23.4,69,21.4,64.0
456342,2026-05-08,19,30,23.4,69,21.4,64.0
456343,2026-05-08,19,31,23.4,69,21.4,64.0
456344,2026-05-08,19,32,23.4,69,21.4,64.0
456345,2026-05-08,19,33,23.4,69,21.4,64.0
456346,2026-05-08,19,34,23.4,69,21.4,64.0
456347,2026-05-08,19,35,23.4,69,21.3,64.0
456348,2026-05-08,19,36,23.4,69,21.3,64.0
456349,2026-05-08,19,37,23.4,69,21.3,64.0
456350,2026-05-08,19,38,23.4,69,21.3,65.0
456351,2026-05-08,19,39,23.4,69,21.3,65.0
456352,2026-05-08,19,40,23.4,69,21.3,65.0
456353,2026-05-08,19,41,23.4,69,21.3,65.0
456354,2026-05-08,19,42,23.4,69,21.2,65.0
456355,2026-05-08,19,43,23.4,69,21.2,65.0
456356,2026-05-08,19,44,23.4,69,21.2,65.0
456357,2026-05-08,19,45,23.4,69,21.2,65.0
456358,2026-05-08,19,46,23.4,69,21.2,65.0
456359,2026-05-08,19,47,23.4,69,21.2,65.0
456360,2026-05-08,19,48,23.4,69,21.2,65.0
456361,2026-05-08,19,49,23.4,69,21.1,65.0
456362,2026-05-08,19,50,23.4,69,21.1,65.0
456363,2026-05-08,19,51,23.4,69,21.1,65.0
456364,2026-05-08,19,52,23.4,69,21.1,65.0
456365,2026-05-08,19,53,23.4,69,21.1,65.0
456366,2026-05-08,19,54,23.4,69,21.1,65.0
456367,2026-05-08,19,55,23.4,69,21.1,66.0
456368,2026-05-08,19,56,23.4,69,21.1,66.0
456369,2026-05-08,19,57,23.4,69,21.1,65.0
456370,2026-05-08,19,58,23.4,69,21.1,65.0
456371,2026-05-08,19,59,23.4,69,21.1,65.0
456372,2026-05-08,20,00,23.4,69,21.1,65.0
456373,2026-05-08,20,01,23.3,69,21.1,65.0
456374,2026-05-08,20,02,23.2,69,21.1,65.0
456375,2026-05-08,20,03,23.1,69,21.1,65.0
456376,2026-05-08,20,04,23.0,69,21.1,65.0
456377,2026-05-08,20,05,23.0,69,21.0,65.0
456378,2026-05-08,20,06,23.0,69,21.0,65.0
456379,2026-05-08,20,07,23.0,69,21.0,66.0
456380,2026-05-08,20,08,23.0,69,21.0,66.0
456381,2026-05-08,20,09,23.0,69,21.0,66.0
456382,2026-05-08,20,10,23.0,69,21.0,66.0
456383,2026-05-08,20,11,23.0,69,21.0,66.0
456384,2026-05-08,20,12,23.0,69,21.0,66.0
456385,2026-05-08,20,13,23.0,69,21.0,66.0
456386,2026-05-08,20,15,23.0,69,21.0,66.0
456387,2026-05-08,20,16,23.0,69,21.0,66.0
456388,2026-05-08,20,17,23.0,69,21.0,66.0
456389,2026-05-08,20,18,23.0,69,21.0,66.0
456390,2026-05-08,20,19,23.0,69,21.0,66.0
456391,2026-05-08,20,20,23.0,69,21.0,66.0
456392,2026-05-08,20,21,23.0,69,21.0,66.0
456393,2026-05-08,20,22,23.0,69,21.0,66.0
456394,2026-05-08,20,23,23.0,69,21.0,66.0
456395,2026-05-08,20,24,23.0,69,21.0,66.0
456396,2026-05-08,20,25,23.0,69,20.9,66.0
456397,2026-05-08,20,26,23.0,69,20.9,66.0
456398,2026-05-08,20,27,23.0,69,20.9,66.0
456399,2026-05-08,20,28,23.0,69,20.9,66.0
456400,2026-05-08,20,29,23.0,69,20.9,66.0
456401,2026-05-08,20,30,23.0,69,20.9,66.0
456402,2026-05-08,20,31,23.0,69,20.9,66.0
456403,2026-05-08,20,32,23.0,69,20.9,66.0
456404,2026-05-08,20,33,23.0,69,20.9,66.0
456405,2026-05-08,20,34,23.0,69,20.9,66.0
456406,2026-05-08,20,35,23.0,69,20.9,66.0
456407,2026-05-08,20,36,23.0,69,20.9,66.0
456408,2026-05-08,20,37,23.0,69,20.9,66.0
456409,2026-05-08,20,38,23.0,69,20.8,66.0
456410,2026-05-08,20,39,23.0,69,20.8,66.0
456411,2026-05-08,20,40,23.0,69,20.8,66.0
456412,2026-05-08,20,41,23.0,69,20.8,66.0
456413,2026-05-08,20,42,23.0,69,20.8,66.0
456414,2026-05-08,20,43,23.0,69,20.8,66.0
456415,2026-05-08,20,44,23.0,69,20.8,66.0
456416,2026-05-08,20,45,23.0,69,20.8,66.0
456417,2026-05-08,20,46,23.0,69,20.8,66.0
456418,2026-05-08,20,47,23.0,69,20.7,66.0
456419,2026-05-08,20,48,23.0,69,20.7,66.0
456420,2026-05-08,20,49,23.0,69,20.7,66.0
456421,2026-05-08,20,50,23.0,69,20.7,66.0
456422,2026-05-08,20,51,23.0,69,20.7,66.0
456423,2026-05-08,20,52,23.0,69,20.7,66.0
456424,2026-05-08,20,53,23.0,69,20.7,66.0
456425,2026-05-08,20,54,23.0,69,20.7,66.0
456426,2026-05-08,20,55,23.0,69,20.7,66.0
456427,2026-05-08,20,56,23.0,69,20.7,66.0
456428,2026-05-08,20,57,23.0,69,20.7,66.0
456429,2026-05-08,20,58,23.0,69,20.7,66.0
456430,2026-05-08,20,59,23.0,69,20.7,66.0
456431,2026-05-08,21,00,23.0,69,20.6,66.0
456432,2026-05-08,21,01,23.0,69,20.6,66.0
456433,2026-05-08,21,02,23.0,69,20.6,66.0
456434,2026-05-08,21,03,23.0,69,20.6,66.0
456435,2026-05-08,21,04,23.0,69,20.6,66.0
456436,2026-05-08,21,05,23.0,69,20.6,66.0
456437,2026-05-08,21,06,23.0,69,20.6,66.0
456438,2026-05-08,21,07,23.0,69,20.6,66.0
456439,2026-05-08,21,08,23.0,69,20.6,66.0
456440,2026-05-08,21,09,23.0,69,20.6,66.0
456441,2026-05-08,21,10,23.0,69,20.5,66.0
456442,2026-05-08,21,11,23.0,69,20.5,66.0
456443,2026-05-08,21,12,23.0,69,20.5,66.0
456444,2026-05-08,21,13,23.0,69,20.5,66.0
456445,2026-05-08,21,14,23.0,69,20.5,66.0
456446,2026-05-08,21,15,23.0,69,20.5,66.0
456447,2026-05-08,21,16,23.0,69,20.5,66.0
456448,2026-05-08,21,17,23.0,69,20.5,66.0
456449,2026-05-08,21,18,23.0,69,20.5,66.0
456450,2026-05-08,21,19,23.0,69,20.4,66.0
456451,2026-05-08,21,20,23.0,69,20.4,66.0
456452,2026-05-08,21,21,23.0,69,20.4,67.0
456453,2026-05-08,21,22,23.0,69,20.4,67.0
456454,2026-05-08,21,23,23.0,69,20.4,67.0
456455,2026-05-08,21,24,23.0,69,20.4,67.0
456456,2026-05-08,21,25,23.0,69,20.4,67.0
456457,2026-05-08,21,26,22.9,69,20.3,67.0
456458,2026-05-08,21,27,22.7,69,20.4,67.0
456459,2026-05-08,21,28,22.7,69,20.3,67.0
456460,2026-05-08,21,29,22.7,69,20.3,67.0
456461,2026-05-08,21,30,22.7,69,20.3,67.0
456462,2026-05-08,21,31,22.6,69,20.3,67.0
456463,2026-05-08,21,32,22.6,69,20.3,67.0
456464,2026-05-08,21,33,22.6,69,20.3,67.0
456465,2026-05-08,21,34,22.6,69,20.3,67.0
456466,2026-05-08,21,35,22.6,69,20.2,67.0
456467,2026-05-08,21,36,22.6,69,20.3,67.0
456468,2026-05-08,21,37,22.6,69,20.2,67.0
456469,2026-05-08,21,38,22.6,69,20.2,67.0
456470,2026-05-08,21,39,22.6,69,20.2,67.0
456471,2026-05-08,21,40,22.6,69,20.2,67.0
456472,2026-05-08,21,41,22.6,69,20.2,67.0
456473,2026-05-08,21,42,22.6,69,20.2,67.0
456474,2026-05-08,21,43,22.6,69,20.2,67.0
456475,2026-05-08,21,44,22.6,69,20.2,67.0
456476,2026-05-08,21,45,22.6,69,20.2,67.0
456477,2026-05-08,21,46,22.6,69,20.2,67.0
456478,2026-05-08,21,47,22.6,69,20.2,67.0
456479,2026-05-08,21,48,22.6,69,20.2,67.0
456480,2026-05-08,21,49,22.6,69,20.1,67.0
456481,2026-05-08,21,50,22.6,69,20.1,67.0
456482,2026-05-08,21,51,22.6,69,20.1,67.0
456483,2026-05-08,21,53,22.6,69,20.1,67.0
456484,2026-05-08,21,54,22.6,69,20.1,67.0
456485,2026-05-08,21,55,22.6,69,20.1,67.0
456486,2026-05-08,21,56,22.6,69,20.1,67.0
456487,2026-05-08,21,57,22.6,69,20.1,67.0
456488,2026-05-08,21,58,22.6,69,20.1,67.0
456489,2026-05-08,21,59,22.6,69,20.1,67.0
456490,2026-05-08,22,00,22.6,69,20.0,67.0
456491,2026-05-08,22,01,22.6,69,20.0,67.0
456492,2026-05-08,22,02,22.6,69,20.0,67.0
456493,2026-05-08,22,03,22.6,69,20.0,67.0
456494,2026-05-08,22,04,22.6,69,20.0,67.0
456495,2026-05-08,22,05,22.6,69,20.0,67.0
456496,2026-05-08,22,06,22.6,69,20.0,67.0
456497,2026-05-08,22,07,22.6,69,20.0,67.0
456498,2026-05-08,22,08,22.6,69,19.9,67.0
456499,2026-05-08,22,09,22.6,69,19.9,67.0
456500,2026-05-08,22,10,22.6,69,19.9,67.0
456501,2026-05-08,22,11,22.6,69,19.9,67.0
456502,2026-05-08,22,12,22.6,69,19.9,67.0
456503,2026-05-08,22,13,22.6,69,19.9,67.0
456504,2026-05-08,22,14,22.6,69,19.8,67.0
456505,2026-05-08,22,15,22.6,69,19.8,67.0
456506,2026-05-08,22,16,22.6,69,19.8,67.0
456507,2026-05-08,22,17,22.6,69,19.8,67.0
456508,2026-05-08,22,18,22.6,69,19.8,67.0
456509,2026-05-08,22,19,22.6,69,19.8,67.0
456510,2026-05-08,22,20,22.6,69,19.8,67.0
456511,2026-05-08,22,21,22.6,69,19.8,67.0
456512,2026-05-08,22,22,22.6,69,19.8,67.0
456513,2026-05-08,22,23,22.6,69,19.8,67.0
456514,2026-05-08,22,24,22.6,69,19.8,67.0
456515,2026-05-08,22,25,22.6,69,19.7,67.0
456516,2026-05-08,22,26,22.6,69,19.7,67.0
456517,2026-05-08,22,27,22.6,69,19.7,67.0
456518,2026-05-08,22,28,22.3,69,19.7,67.0
456519,2026-05-08,22,29,22.3,69,19.7,67.0
456520,2026-05-08,22,30,22.3,69,19.7,67.0
456521,2026-05-08,22,31,22.2,69,19.7,67.0
456522,2026-05-08,22,32,22.2,69,19.7,67.0
456523,2026-05-08,22,33,22.2,69,19.7,67.0
456524,2026-05-08,22,34,22.2,69,19.6,67.0
456525,2026-05-08,22,35,22.2,69,19.6,67.0
456526,2026-05-08,22,36,22.2,69,19.6,67.0
456527,2026-05-08,22,37,22.2,69,19.6,67.0
456528,2026-05-08,22,38,22.2,69,19.6,67.0
456529,2026-05-08,22,39,22.2,69,19.6,67.0
456530,2026-05-08,22,40,22.2,69,19.6,67.0
456531,2026-05-08,22,41,22.2,69,19.6,67.0
456532,2026-05-08,22,42,22.2,69,19.6,68.0
456533,2026-05-08,22,43,22.2,69,19.6,68.0
456534,2026-05-08,22,44,22.2,69,19.6,68.0
456535,2026-05-08,22,45,22.2,69,19.6,68.0
456536,2026-05-08,22,46,22.2,69,19.6,68.0
456537,2026-05-08,22,47,22.2,69,19.6,68.0
456538,2026-05-08,22,48,22.2,69,19.6,68.0
456539,2026-05-08,22,49,22.2,69,19.5,68.0
456540,2026-05-08,22,50,22.2,69,19.5,68.0
456541,2026-05-08,22,51,22.2,69,19.5,68.0
456542,2026-05-08,22,52,22.2,69,19.5,68.0
456543,2026-05-08,22,53,22.2,69,19.5,68.0
456544,2026-05-08,22,54,22.2,69,19.5,68.0
456545,2026-05-08,22,55,22.2,69,19.5,68.0
456546,2026-05-08,22,56,22.2,69,19.5,68.0
456547,2026-05-08,22,57,22.2,69,19.5,68.0
456548,2026-05-08,22,58,22.2,69,19.5,68.0
456549,2026-05-08,22,59,22.2,69,19.4,68.0
456550,2026-05-08,23,00,22.2,69,19.4,68.0
456551,2026-05-08,23,01,22.2,69,19.4,68.0
456552,2026-05-08,23,02,22.2,69,19.4,68.0
456553,2026-05-08,23,03,22.2,69,19.4,68.0
456554,2026-05-08,23,04,22.2,69,19.4,68.0
456555,2026-05-08,23,05,22.2,69,19.4,68.0
456556,2026-05-08,23,06,22.2,69,19.3,68.0
456557,2026-05-08,23,07,22.2,69,19.3,68.0
456558,2026-05-08,23,08,22.2,69,19.3,68.0
456559,2026-05-08,23,09,22.2,69,19.3,68.0
456560,2026-05-08,23,10,22.2,69,19.3,68.0
456561,2026-05-08,23,11,22.2,69,19.3,68.0
456562,2026-05-08,23,12,22.2,69,19.3,68.0
456563,2026-05-08,23,13,22.2,69,19.3,68.0
456564,2026-05-08,23,14,22.2,70,19.3,68.0
456565,2026-05-08,23,15,22.2,69,19.3,68.0
456566,2026-05-08,23,16,22.2,69,19.3,68.0
456567,2026-05-08,23,17,22.2,69,19.3,68.0
456568,2026-05-08,23,18,22.2,70,19.3,68.0
456569,2026-05-08,23,19,22.2,70,19.3,68.0
456570,2026-05-08,23,20,22.2,70,19.3,68.0
456571,2026-05-08,23,21,22.2,70,19.2,68.0
456572,2026-05-08,23,22,22.2,70,19.2,68.0
456573,2026-05-08,23,23,22.2,70,19.2,68.0
456574,2026-05-08,23,24,22.2,70,19.2,68.0
456575,2026-05-08,23,25,22.2,70,19.2,68.0
456576,2026-05-08,23,26,22.2,70,19.2,68.0
456577,2026-05-08,23,27,22.2,70,19.2,68.0
456578,2026-05-08,23,28,22.2,70,19.2,68.0
456579,2026-05-08,23,29,22.2,70,19.1,68.0
456580,2026-05-08,23,30,22.2,70,19.2,68.0
456581,2026-05-08,23,31,22.2,70,19.1,68.0
456582,2026-05-08,23,32,22.2,70,19.1,69.0
456583,2026-05-08,23,33,22.2,70,19.1,69.0
456584,2026-05-08,23,34,22.2,70,19.1,69.0
456585,2026-05-08,23,35,22.0,70,19.1,69.0
456586,2026-05-08,23,36,21.9,70,19.1,69.0
456587,2026-05-08,23,37,21.9,69,19.1,69.0
456588,2026-05-08,23,38,21.9,70,19.1,69.0
456589,2026-05-08,23,39,21.8,70,19.1,69.0
456590,2026-05-08,23,40,21.8,69,19.1,69.0
456591,2026-05-08,23,41,21.8,69,19.1,69.0
456592,2026-05-08,23,42,21.8,69,19.1,69.0
456593,2026-05-08,23,43,21.8,69,19.0,69.0
456594,2026-05-08,23,44,21.8,69,19.0,69.0
456595,2026-05-08,23,45,21.8,69,19.0,69.0
456596,2026-05-08,23,46,21.8,69,19.0,69.0
456597,2026-05-08,23,47,21.8,69,19.0,69.0
456598,2026-05-08,23,48,21.8,69,19.0,69.0
456599,2026-05-08,23,49,21.8,69,19.0,69.0
456600,2026-05-08,23,50,21.8,69,19.0,69.0
456601,2026-05-08,23,51,21.8,69,19.0,69.0
456602,2026-05-08,23,52,21.8,69,19.0,69.0
456603,2026-05-08,23,53,21.8,69,19.0,69.0
456604,2026-05-08,23,54,21.8,69,18.9,69.0
456605,2026-05-08,23,55,21.8,69,18.9,69.0
456606,2026-05-08,23,56,21.8,69,18.9,69.0
456607,2026-05-08,23,57,21.8,69,18.9,69.0
456608,2026-05-08,23,58,21.8,69,18.9,69.0
456609,2026-05-08,23,59,21.8,69,18.9,69.0
456610,2026-05-09,00,00,21.8,69,18.9,69.0
456611,2026-05-09,00,01,21.8,69,18.9,69.0
456612,2026-05-09,00,02,21.8,69,18.9,69.0
456613,2026-05-09,00,03,21.8,69,18.9,69.0
456614,2026-05-09,00,04,21.8,69,18.9,69.0
456615,2026-05-09,00,05,21.8,69,18.9,69.0
456616,2026-05-09,00,06,21.8,69,18.9,69.0
456617,2026-05-09,00,07,21.8,69,18.9,69.0
456618,2026-05-09,00,08,21.8,70,18.9,69.0
456619,2026-05-09,00,09,21.8,70,18.8,69.0
456620,2026-05-09,00,10,21.8,70,18.8,69.0
456621,2026-05-09,00,11,21.8,70,18.8,69.0
456622,2026-05-09,00,12,21.8,70,18.8,69.0
456623,2026-05-09,00,13,21.8,70,18.8,69.0
456624,2026-05-09,00,14,21.8,70,18.8,69.0
456625,2026-05-09,00,15,21.8,70,18.8,69.0
456626,2026-05-09,00,16,21.8,70,18.8,69.0
456627,2026-05-09,00,17,21.8,70,18.8,69.0
456628,2026-05-09,00,18,21.8,70,18.8,69.0
456629,2026-05-09,00,19,21.8,70,18.8,69.0
456630,2026-05-09,00,20,21.8,70,18.8,69.0
456631,2026-05-09,00,21,21.8,70,18.8,69.0
456632,2026-05-09,00,22,21.8,70,18.8,69.0
456633,2026-05-09,00,23,21.8,70,18.7,69.0
456634,2026-05-09,00,24,21.8,70,18.7,69.0
456635,2026-05-09,00,25,21.8,70,18.7,69.0
456636,2026-05-09,00,26,21.8,70,18.7,69.0
456637,2026-05-09,00,27,21.8,70,18.7,69.0
456638,2026-05-09,00,28,21.8,70,18.7,69.0
456639,2026-05-09,00,29,21.8,70,18.7,69.0
456640,2026-05-09,00,30,21.8,70,18.7,69.0
456641,2026-05-09,00,31,21.8,70,18.7,69.0
456642,2026-05-09,00,32,21.8,70,18.7,69.0
456643,2026-05-09,00,33,21.5,70,18.6,69.0
456644,2026-05-09,00,34,21.5,70,18.6,69.0
456645,2026-05-09,00,35,21.5,70,18.6,69.0
456646,2026-05-09,00,36,21.4,70,18.6,69.0
456647,2026-05-09,00,37,21.4,70,18.6,69.0
456648,2026-05-09,00,38,21.4,70,18.6,69.0
456649,2026-05-09,00,39,21.4,70,18.6,69.0
456650,2026-05-09,00,40,21.4,70,18.6,69.0
456651,2026-05-09,00,41,21.4,70,18.6,69.0
456652,2026-05-09,00,42,21.4,70,18.6,69.0
456653,2026-05-09,00,43,21.4,70,18.6,69.0
456654,2026-05-09,00,44,21.4,70,18.6,69.0
456655,2026-05-09,00,45,21.4,70,18.6,69.0
456656,2026-05-09,00,46,21.4,70,18.6,69.0
456657,2026-05-09,00,47,21.4,70,18.6,69.0
456658,2026-05-09,00,48,21.4,70,18.6,69.0
456659,2026-05-09,00,49,21.4,70,18.5,69.0
456660,2026-05-09,00,50,21.4,70,18.5,69.0
456661,2026-05-09,00,51,21.4,70,18.5,69.0
456662,2026-05-09,00,52,21.4,70,18.5,70.0
456663,2026-05-09,00,53,21.4,70,18.5,69.0
456664,2026-05-09,00,54,21.4,70,18.5,70.0
456665,2026-05-09,00,55,21.4,70,18.5,70.0
456666,2026-05-09,00,56,21.4,70,18.5,70.0
456667,2026-05-09,00,57,21.4,70,18.5,70.0
456668,2026-05-09,00,58,21.4,70,18.5,70.0
456669,2026-05-09,00,59,21.4,70,18.5,70.0
456670,2026-05-09,01,00,21.4,70,18.5,70.0
456671,2026-05-09,01,01,21.4,70,18.5,70.0
456672,2026-05-09,01,02,21.4,70,18.5,70.0
456673,2026-05-09,01,03,21.4,70,18.4,70.0
456674,2026-05-09,01,04,21.4,70,18.4,70.0
456675,2026-05-09,01,05,21.4,70,18.4,70.0
456676,2026-05-09,01,06,21.4,70,18.4,70.0
456677,2026-05-09,01,07,21.4,70,18.4,70.0
456678,2026-05-09,01,08,21.4,70,18.4,70.0
456679,2026-05-09,01,09,21.4,70,18.4,70.0
456680,2026-05-09,01,10,21.4,70,18.4,70.0
456681,2026-05-09,01,11,21.4,70,18.4,70.0
456682,2026-05-09,01,12,21.4,70,18.4,70.0
456683,2026-05-09,01,13,21.4,70,18.4,70.0
456684,2026-05-09,01,14,21.4,70,18.4,70.0
456685,2026-05-09,01,15,21.4,70,18.4,70.0
456686,2026-05-09,01,16,21.4,70,18.4,70.0
456687,2026-05-09,01,17,21.4,70,18.4,70.0
456688,2026-05-09,01,18,21.4,70,18.3,70.0
456689,2026-05-09,01,19,21.4,70,18.3,70.0
456690,2026-05-09,01,20,21.4,70,18.4,70.0
456691,2026-05-09,01,21,21.4,70,18.3,70.0
456692,2026-05-09,01,22,21.4,70,18.3,70.0
456693,2026-05-09,01,23,21.4,70,18.3,70.0
456694,2026-05-09,01,24,21.4,70,18.3,70.0
456695,2026-05-09,01,25,21.4,70,18.3,70.0
456696,2026-05-09,01,26,21.4,70,18.3,70.0
456697,2026-05-09,01,27,21.4,70,18.3,70.0
456698,2026-05-09,01,28,21.4,70,18.3,70.0
456699,2026-05-09,01,29,21.4,70,18.3,70.0
456700,2026-05-09,01,30,21.4,70,18.3,70.0
456701,2026-05-09,01,31,21.4,70,18.3,70.0
456702,2026-05-09,01,32,21.4,70,18.3,70.0
456703,2026-05-09,01,33,21.4,70,18.3,70.0
456704,2026-05-09,01,34,21.4,70,18.3,70.0
456705,2026-05-09,01,35,21.3,70,18.2,70.0
456706,2026-05-09,01,36,21.1,70,18.2,70.0
456707,2026-05-09,01,37,21.1,70,18.2,70.0
456708,2026-05-09,01,38,21.0,70,18.2,70.0
456709,2026-05-09,01,39,21.0,70,18.2,70.0
456710,2026-05-09,01,40,21.0,70,18.2,70.0
456711,2026-05-09,01,41,21.0,70,18.2,70.0
456712,2026-05-09,01,42,21.0,70,18.2,70.0
456713,2026-05-09,01,43,21.0,70,18.2,70.0
456714,2026-05-09,01,44,21.0,70,18.2,70.0
456715,2026-05-09,01,45,21.0,70,18.2,70.0
456716,2026-05-09,01,46,21.0,70,18.2,70.0
456717,2026-05-09,01,47,21.0,70,18.2,70.0
456718,2026-05-09,01,48,21.0,70,18.2,70.0
456719,2026-05-09,01,49,21.0,70,18.2,70.0
456720,2026-05-09,01,50,21.0,70,18.2,70.0
456721,2026-05-09,01,51,21.0,70,18.1,70.0
456722,2026-05-09,01,52,21.0,70,18.1,70.0
456723,2026-05-09,01,53,21.0,70,18.1,70.0
456724,2026-05-09,01,54,21.0,70,18.1,70.0
456725,2026-05-09,01,55,21.0,70,18.1,70.0
456726,2026-05-09,01,56,21.0,70,18.1,70.0
456727,2026-05-09,01,57,21.0,70,18.1,70.0
456728,2026-05-09,01,58,21.0,70,18.1,70.0
456729,2026-05-09,01,59,21.0,70,18.1,70.0
456730,2026-05-09,02,00,21.0,70,18.1,70.0
456731,2026-05-09,02,01,21.0,70,18.1,70.0
456732,2026-05-09,02,02,21.0,70,18.1,70.0
456733,2026-05-09,02,03,21.0,70,18.1,70.0
456734,2026-05-09,02,04,21.0,70,18.0,70.0
456735,2026-05-09,02,05,21.0,70,18.0,70.0
456736,2026-05-09,02,06,21.0,70,18.0,70.0
456737,2026-05-09,02,07,21.0,70,18.0,70.0
456738,2026-05-09,02,08,21.0,70,18.0,70.0
456739,2026-05-09,02,09,21.0,70,18.0,70.0
456740,2026-05-09,02,10,21.0,70,18.0,70.0
456741,2026-05-09,02,11,21.0,70,18.0,70.0
456742,2026-05-09,02,12,21.0,70,18.0,70.0
456743,2026-05-09,02,13,21.0,70,17.9,70.0
456744,2026-05-09,02,14,21.0,70,18.0,70.0
456745,2026-05-09,02,15,21.0,70,17.9,70.0
456746,2026-05-09,02,16,21.0,70,17.9,70.0
456747,2026-05-09,02,17,21.0,70,17.9,70.0
456748,2026-05-09,02,18,21.0,70,17.9,70.0
456749,2026-05-09,02,19,21.0,70,17.9,70.0
456750,2026-05-09,02,20,21.0,70,17.9,70.0
456751,2026-05-09,02,21,21.0,70,17.9,70.0
456752,2026-05-09,02,22,21.0,70,17.9,70.0
456753,2026-05-09,02,23,21.0,70,17.9,70.0
456754,2026-05-09,02,24,21.0,70,17.9,70.0
456755,2026-05-09,02,25,21.0,70,17.8,70.0
456756,2026-05-09,02,26,21.0,70,17.8,70.0
456757,2026-05-09,02,27,21.0,70,17.8,70.0
456758,2026-05-09,02,28,21.0,70,17.8,70.0
456759,2026-05-09,02,29,21.0,70,17.8,70.0
456760,2026-05-09,02,30,21.0,70,17.8,70.0
456761,2026-05-09,02,31,21.0,70,17.8,70.0
456762,2026-05-09,02,32,21.0,70,17.8,70.0
456763,2026-05-09,02,33,21.0,70,17.8,70.0
456764,2026-05-09,02,34,21.0,70,17.8,70.0
456765,2026-05-09,02,35,20.8,71,17.8,70.0
456766,2026-05-09,02,36,20.6,71,17.8,70.0
456767,2026-05-09,02,37,20.6,71,17.8,70.0
456768,2026-05-09,02,38,20.6,71,17.8,70.0
456769,2026-05-09,02,39,20.6,71,17.8,70.0
456770,2026-05-09,02,40,20.6,71,17.8,70.0
456771,2026-05-09,02,41,20.6,71,17.8,70.0
456772,2026-05-09,02,42,20.6,71,17.8,70.0
456773,2026-05-09,02,43,20.6,71,17.7,70.0
456774,2026-05-09,02,44,20.6,71,17.8,70.0
456775,2026-05-09,02,45,20.6,71,17.8,70.0
456776,2026-05-09,02,46,20.6,71,17.8,70.0
456777,2026-05-09,02,47,20.6,71,17.7,70.0
456778,2026-05-09,02,48,20.6,71,17.7,70.0
456779,2026-05-09,02,49,20.6,71,17.7,70.0
456780,2026-05-09,02,50,20.6,71,17.7,70.0
456781,2026-05-09,02,51,20.6,71,17.7,70.0
456782,2026-05-09,02,52,20.6,71,17.7,70.0
456783,2026-05-09,02,53,20.6,71,17.7,70.0
456784,2026-05-09,02,54,20.6,71,17.7,70.0
456785,2026-05-09,02,55,20.6,71,17.7,70.0
456786,2026-05-09,02,56,20.6,71,17.7,70.0
456787,2026-05-09,02,57,20.6,71,17.7,70.0
456788,2026-05-09,02,58,20.6,71,17.7,70.0
456789,2026-05-09,02,59,20.6,71,17.7,70.0
456790,2026-05-09,03,00,20.6,71,17.7,70.0
456791,2026-05-09,03,01,20.6,71,17.6,70.0
456792,2026-05-09,03,02,20.6,71,17.7,70.0
456793,2026-05-09,03,03,20.6,71,17.6,70.0
456794,2026-05-09,03,04,20.6,71,17.6,70.0
456795,2026-05-09,03,05,20.6,71,17.7,70.0
456796,2026-05-09,03,06,20.6,71,17.6,70.0
456797,2026-05-09,03,07,20.6,71,17.6,70.0
456798,2026-05-09,03,08,20.6,71,17.7,70.0
456799,2026-05-09,03,09,20.6,71,17.7,70.0
456800,2026-05-09,03,10,20.6,71,17.6,70.0
456801,2026-05-09,03,11,20.6,71,17.6,70.0
456802,2026-05-09,03,12,20.6,71,17.6,70.0
456803,2026-05-09,03,13,20.6,71,17.6,70.0
456804,2026-05-09,03,14,20.6,71,17.6,70.0
456805,2026-05-09,03,15,20.6,71,17.6,70.0
456806,2026-05-09,03,16,20.6,71,17.6,70.0
456807,2026-05-09,03,17,20.6,71,17.6,70.0
456808,2026-05-09,03,18,20.6,71,17.6,70.0
456809,2026-05-09,03,19,20.6,71,17.6,70.0
456810,2026-05-09,03,20,20.6,71,17.6,70.0
456811,2026-05-09,03,21,20.6,71,17.6,70.0
456812,2026-05-09,03,22,20.6,71,17.6,70.0
456813,2026-05-09,03,23,20.6,71,17.6,70.0
456814,2026-05-09,03,24,20.6,71,17.6,70.0
456815,2026-05-09,03,25,20.6,71,17.6,70.0
456816,2026-05-09,03,26,20.6,71,17.6,70.0
456817,2026-05-09,03,27,20.6,71,17.6,70.0
456818,2026-05-09,03,28,20.6,71,17.6,70.0
456819,2026-05-09,03,29,20.6,71,17.6,70.0
456820,2026-05-09,03,30,20.6,71,17.6,70.0
456821,2026-05-09,03,31,20.6,71,17.6,70.0
456822,2026-05-09,03,32,20.6,71,17.6,70.0
456823,2026-05-09,03,33,20.6,71,17.6,70.0
456824,2026-05-09,03,34,20.6,71,17.6,70.0
456825,2026-05-09,03,35,20.6,71,17.6,70.0
456826,2026-05-09,03,36,20.6,71,17.6,70.0
456827,2026-05-09,03,37,20.6,71,17.6,70.0
456828,2026-05-09,03,38,20.6,71,17.6,70.0
456829,2026-05-09,03,39,20.6,71,17.6,70.0
456830,2026-05-09,03,40,20.6,71,17.5,70.0
456831,2026-05-09,03,41,20.6,71,17.5,70.0
456832,2026-05-09,03,42,20.6,71,17.5,70.0
456833,2026-05-09,03,43,20.6,71,17.5,70.0
456834,2026-05-09,03,44,20.4,71,17.5,70.0
456835,2026-05-09,03,45,20.3,71,17.5,70.0
456836,2026-05-09,03,46,20.2,71,17.5,70.0
456837,2026-05-09,03,47,20.2,71,17.5,70.0
456838,2026-05-09,03,48,20.2,71,17.5,70.0
456839,2026-05-09,03,49,20.2,71,17.5,70.0
456840,2026-05-09,03,50,20.2,71,17.5,70.0
456841,2026-05-09,03,51,20.2,71,17.5,70.0
456842,2026-05-09,03,52,20.2,71,17.5,70.0
456843,2026-05-09,03,53,20.2,71,17.5,70.0
456844,2026-05-09,03,54,20.2,71,17.5,70.0
456845,2026-05-09,03,55,20.2,71,17.5,70.0
456846,2026-05-09,03,56,20.2,71,17.5,70.0
456847,2026-05-09,03,57,20.2,71,17.5,70.0
456848,2026-05-09,03,58,20.2,71,17.5,70.0
456849,2026-05-09,03,59,20.2,71,17.5,70.0
456850,2026-05-09,04,00,20.2,71,17.5,70.0
456851,2026-05-09,04,01,20.2,71,17.5,70.0
456852,2026-05-09,04,02,20.2,71,17.5,70.0
456853,2026-05-09,04,03,20.2,71,17.5,70.0
456854,2026-05-09,04,04,20.2,71,17.5,70.0
456855,2026-05-09,04,05,20.2,71,17.5,70.0
456856,2026-05-09,04,06,20.2,71,17.4,70.0
456857,2026-05-09,04,07,20.2,71,17.4,70.0
456858,2026-05-09,04,08,20.2,71,17.4,70.0
456859,2026-05-09,04,09,20.2,71,17.4,70.0
456860,2026-05-09,04,10,20.2,71,17.4,70.0
456861,2026-05-09,04,11,20.2,71,17.4,70.0
456862,2026-05-09,04,12,20.2,71,17.4,70.0
456863,2026-05-09,04,13,20.2,71,17.4,70.0
456864,2026-05-09,04,14,20.2,71,17.4,70.0
456865,2026-05-09,04,15,20.2,71,17.4,70.0
456866,2026-05-09,04,16,20.2,71,17.4,70.0
456867,2026-05-09,04,17,20.2,71,17.4,70.0
456868,2026-05-09,04,18,20.2,71,17.4,70.0
456869,2026-05-09,04,19,20.2,71,17.4,70.0
456870,2026-05-09,04,20,20.2,71,17.4,70.0
456871,2026-05-09,04,21,20.2,71,17.3,70.0
456872,2026-05-09,04,22,20.2,71,17.3,70.0
456873,2026-05-09,04,23,20.2,71,17.3,70.0
456874,2026-05-09,04,24,20.2,71,17.3,70.0
456875,2026-05-09,04,25,20.2,71,17.3,70.0
456876,2026-05-09,04,26,20.2,71,17.3,70.0
456877,2026-05-09,04,27,20.2,71,17.3,70.0
456878,2026-05-09,04,28,20.2,71,17.3,70.0
456879,2026-05-09,04,29,20.2,71,17.3,70.0
456880,2026-05-09,04,30,20.2,71,17.3,70.0
456881,2026-05-09,04,31,20.2,71,17.3,70.0
456882,2026-05-09,04,32,20.2,71,17.3,70.0
456883,2026-05-09,04,33,20.2,71,17.3,70.0
456884,2026-05-09,04,34,20.2,71,17.3,70.0
456885,2026-05-09,04,35,20.2,71,17.3,70.0
456886,2026-05-09,04,36,20.2,71,17.3,70.0
456887,2026-05-09,04,37,20.2,71,17.3,70.0
456888,2026-05-09,04,38,20.2,71,17.3,70.0
456889,2026-05-09,04,39,20.2,71,17.3,70.0
456890,2026-05-09,04,40,20.2,71,17.3,70.0
456891,2026-05-09,04,41,20.2,71,17.3,70.0
456892,2026-05-09,04,42,20.2,71,17.3,70.0
456893,2026-05-09,04,43,20.2,71,17.3,70.0
456894,2026-05-09,04,44,20.2,71,17.3,70.0
456895,2026-05-09,04,45,20.2,71,17.3,70.0
456896,2026-05-09,04,46,20.2,71,17.3,70.0
456897,2026-05-09,04,47,20.2,71,17.3,70.0
456898,2026-05-09,04,48,20.2,71,17.2,70.0
456899,2026-05-09,04,49,20.2,71,17.3,70.0
456900,2026-05-09,04,50,20.2,71,17.2,70.0
456901,2026-05-09,04,51,20.2,71,17.2,70.0
456902,2026-05-09,04,52,20.2,71,17.2,70.0
456903,2026-05-09,04,53,20.2,71,17.2,70.0
456904,2026-05-09,04,54,20.2,71,17.2,70.0
456905,2026-05-09,04,55,20.2,71,17.2,70.0
456906,2026-05-09,04,56,20.2,71,17.2,70.0
456907,2026-05-09,04,57,20.2,71,17.2,70.0
456908,2026-05-09,04,58,20.2,71,17.2,70.0
456909,2026-05-09,04,59,20.0,71,17.2,70.0
456910,2026-05-09,05,00,19.8,71,17.2,70.0
456911,2026-05-09,05,01,19.8,71,17.2,70.0
456912,2026-05-09,05,02,19.8,71,17.2,70.0
456913,2026-05-09,05,03,19.8,71,17.2,70.0
456914,2026-05-09,05,04,19.8,71,17.2,70.0
456915,2026-05-09,05,05,19.8,71,17.2,70.0
456916,2026-05-09,05,06,19.8,71,17.2,70.0
456917,2026-05-09,05,07,19.8,71,17.2,70.0
456918,2026-05-09,05,08,19.8,71,17.2,70.0
456919,2026-05-09,05,09,19.8,71,17.2,70.0
456920,2026-05-09,05,10,19.8,71,17.2,70.0
456921,2026-05-09,05,11,19.8,71,17.2,70.0
456922,2026-05-09,05,12,19.8,71,17.2,70.0
456923,2026-05-09,05,13,19.8,71,17.2,70.0
456924,2026-05-09,05,14,19.8,71,17.1,70.0
456925,2026-05-09,05,15,19.8,71,17.1,70.0
456926,2026-05-09,05,16,19.8,71,17.1,70.0
456927,2026-05-09,05,17,19.8,71,17.1,70.0
456928,2026-05-09,05,18,19.8,71,17.1,70.0
456929,2026-05-09,05,19,19.8,71,17.1,70.0
456930,2026-05-09,05,20,19.8,71,17.1,70.0
456931,2026-05-09,05,21,19.8,71,17.1,70.0
456932,2026-05-09,05,22,19.8,71,17.1,70.0
456933,2026-05-09,05,23,19.8,71,17.1,70.0
456934,2026-05-09,05,24,19.8,71,17.1,70.0
456935,2026-05-09,05,25,19.8,71,17.1,70.0
456936,2026-05-09,05,26,19.8,71,17.1,70.0
456937,2026-05-09,05,27,19.8,71,17.1,70.0
456938,2026-05-09,05,28,19.8,71,17.1,70.0
456939,2026-05-09,05,29,19.8,71,17.1,70.0
456940,2026-05-09,05,30,19.8,71,17.1,70.0
456941,2026-05-09,05,31,19.8,71,17.1,70.0
456942,2026-05-09,05,32,19.8,71,17.1,70.0
456943,2026-05-09,05,33,19.8,71,17.1,70.0
456944,2026-05-09,05,34,19.8,71,17.1,70.0
456945,2026-05-09,05,35,19.8,71,17.1,70.0
456946,2026-05-09,05,36,19.8,71,17.1,70.0
456947,2026-05-09,05,37,19.8,71,17.1,70.0
456948,2026-05-09,05,38,19.8,71,17.1,70.0
456949,2026-05-09,05,39,19.8,71,17.1,70.0
456950,2026-05-09,05,40,19.8,71,17.0,70.0
456951,2026-05-09,05,41,19.8,71,17.0,70.0
456952,2026-05-09,05,42,19.8,71,17.0,70.0
456953,2026-05-09,05,43,19.8,71,17.0,70.0
456954,2026-05-09,05,44,19.8,71,17.0,70.0
456955,2026-05-09,05,45,19.8,71,17.1,70.0
456956,2026-05-09,05,46,19.8,71,17.0,70.0
456957,2026-05-09,05,47,19.8,71,17.0,70.0
456958,2026-05-09,05,48,19.8,71,17.0,70.0
456959,2026-05-09,05,49,19.8,71,17.0,70.0
456960,2026-05-09,05,50,19.8,71,17.0,70.0
456961,2026-05-09,05,51,19.8,71,17.0,70.0
456962,2026-05-09,05,52,19.8,71,17.0,70.0
456963,2026-05-09,05,53,19.8,71,17.0,70.0
456964,2026-05-09,05,54,19.8,71,17.0,70.0
456965,2026-05-09,05,55,19.8,71,17.0,70.0
456966,2026-05-09,05,56,19.8,71,17.0,70.0
456967,2026-05-09,05,57,19.8,71,17.0,70.0
456968,2026-05-09,05,58,19.8,71,17.0,70.0
456969,2026-05-09,05,59,19.8,71,17.0,70.0
456970,2026-05-09,06,00,19.8,71,17.0,70.0
456971,2026-05-09,06,01,19.8,71,17.0,70.0
456972,2026-05-09,06,02,19.8,71,17.0,70.0
456973,2026-05-09,06,03,19.8,71,17.0,70.0
456974,2026-05-09,06,04,19.8,71,17.0,70.0
456975,2026-05-09,06,05,19.8,71,17.0,70.0
456976,2026-05-09,06,06,19.8,71,17.0,70.0
456977,2026-05-09,06,07,19.8,71,17.0,70.0
456978,2026-05-09,06,08,19.8,71,17.0,70.0
456979,2026-05-09,06,09,19.8,71,17.0,70.0
456980,2026-05-09,06,10,19.8,71,17.0,70.0
456981,2026-05-09,06,11,19.8,71,17.0,70.0
456982,2026-05-09,06,12,19.8,71,17.0,70.0
456983,2026-05-09,06,13,19.8,71,17.0,70.0
456984,2026-05-09,06,14,19.8,71,17.0,70.0
456985,2026-05-09,06,15,19.8,71,17.0,70.0
456986,2026-05-09,06,16,19.8,71,17.0,70.0
456987,2026-05-09,06,17,19.8,71,17.0,70.0
456988,2026-05-09,06,18,19.8,71,17.0,70.0
456989,2026-05-09,06,19,19.8,71,17.0,70.0
456990,2026-05-09,06,20,19.8,71,17.0,70.0
456991,2026-05-09,06,21,19.8,71,17.1,70.0
456992,2026-05-09,06,22,19.8,71,17.1,70.0
456993,2026-05-09,06,23,19.8,71,17.1,70.0
456994,2026-05-09,06,24,19.8,71,17.1,70.0
456995,2026-05-09,06,25,19.8,71,17.1,70.0
456996,2026-05-09,06,26,19.8,71,17.1,70.0
456997,2026-05-09,06,27,19.8,71,17.1,69.0
456998,2026-05-09,06,28,19.8,71,17.1,69.0
456999,2026-05-09,06,29,19.7,71,17.1,69.0
457000,2026-05-09,06,30,19.7,71,17.1,69.0
457001,2026-05-09,06,31,19.8,71,17.1,69.0
457002,2026-05-09,06,32,19.8,71,17.1,69.0
457003,2026-05-09,06,33,19.5,71,17.1,69.0
457004,2026-05-09,06,34,19.4,71,17.1,69.0
457005,2026-05-09,06,35,19.5,71,17.1,69.0
457006,2026-05-09,06,36,19.4,71,17.1,69.0
457007,2026-05-09,06,37,19.4,71,17.1,69.0
457008,2026-05-09,06,38,19.5,71,17.1,69.0
457009,2026-05-09,06,39,19.8,71,17.1,69.0
457010,2026-05-09,06,40,19.8,71,17.1,69.0
457011,2026-05-09,06,41,19.7,71,17.1,69.0
457012,2026-05-09,06,42,19.7,71,17.2,69.0
457013,2026-05-09,06,43,19.8,71,17.1,69.0
457014,2026-05-09,06,44,19.8,71,17.2,69.0
457015,2026-05-09,06,45,19.8,71,17.2,69.0
457016,2026-05-09,06,46,19.8,71,17.2,69.0
457017,2026-05-09,06,47,19.8,71,17.2,69.0
457018,2026-05-09,06,48,19.8,71,17.2,69.0
457019,2026-05-09,06,49,19.8,71,17.2,69.0
457020,2026-05-09,06,50,19.8,71,17.2,69.0
457021,2026-05-09,06,51,19.8,71,17.2,69.0
457022,2026-05-09,06,52,19.8,71,17.2,69.0
457023,2026-05-09,06,53,19.8,71,17.2,69.0
457024,2026-05-09,06,54,19.8,71,17.3,69.0
457025,2026-05-09,06,55,19.8,71,17.2,69.0
457026,2026-05-09,06,56,19.8,71,17.3,69.0
457027,2026-05-09,06,57,19.8,71,17.3,69.0
457028,2026-05-09,06,58,19.8,71,17.3,69.0
457029,2026-05-09,06,59,19.8,71,17.3,69.0
457030,2026-05-09,07,00,19.8,71,17.3,69.0
457031,2026-05-09,07,01,19.8,71,17.3,69.0
457032,2026-05-09,07,02,19.8,71,17.3,69.0
457033,2026-05-09,07,03,19.8,71,17.3,69.0
457034,2026-05-09,07,04,19.8,71,17.3,69.0
457035,2026-05-09,07,05,19.8,71,17.3,69.0
457036,2026-05-09,07,06,19.8,71,17.4,68.0
457037,2026-05-09,07,07,19.8,71,17.4,68.0
457038,2026-05-09,07,08,19.8,71,17.4,68.0
457039,2026-05-09,07,09,19.8,71,17.4,68.0
457040,2026-05-09,07,10,19.8,71,17.4,68.0
457041,2026-05-09,07,11,19.8,71,17.4,68.0
457042,2026-05-09,07,12,19.8,71,17.4,68.0
457043,2026-05-09,07,13,19.8,71,17.4,68.0
457044,2026-05-09,07,14,19.8,71,17.5,68.0
457045,2026-05-09,07,15,19.8,71,17.5,68.0
457046,2026-05-09,07,16,19.8,70,17.5,68.0
457047,2026-05-09,07,17,19.8,70,17.5,68.0
457048,2026-05-09,07,18,19.8,70,17.5,68.0
457049,2026-05-09,07,19,19.8,70,17.5,68.0
457050,2026-05-09,07,20,19.8,70,17.5,68.0
457051,2026-05-09,07,21,19.8,70,17.5,68.0
457052,2026-05-09,07,22,19.8,70,17.6,68.0
457053,2026-05-09,07,23,19.8,70,17.6,68.0
457054,2026-05-09,07,24,19.8,70,17.5,68.0
457055,2026-05-09,07,26,19.8,70,17.6,68.0
457056,2026-05-09,07,27,19.8,70,17.6,68.0
457057,2026-05-09,07,28,19.8,70,17.6,68.0
457058,2026-05-09,07,29,19.8,70,17.6,68.0
457059,2026-05-09,07,30,19.8,70,17.6,68.0
457060,2026-05-09,07,31,19.8,70,17.7,68.0
457061,2026-05-09,07,32,19.8,70,17.7,68.0
457062,2026-05-09,07,33,19.8,70,17.7,68.0
457063,2026-05-09,07,34,19.8,70,17.7,68.0
457064,2026-05-09,07,35,19.8,70,17.7,68.0
457065,2026-05-09,07,36,19.8,70,17.8,68.0
457066,2026-05-09,07,37,19.8,71,17.8,68.0
457067,2026-05-09,07,38,19.8,71,17.8,68.0
457068,2026-05-09,07,39,19.8,71,17.9,68.0
457069,2026-05-09,07,40,19.8,71,17.9,68.0
457070,2026-05-09,07,41,19.8,71,17.9,68.0
457071,2026-05-09,07,42,19.8,71,18.0,68.0
457072,2026-05-09,07,43,19.8,72,18.0,68.0
457073,2026-05-09,07,44,19.8,72,18.1,68.0
457074,2026-05-09,07,45,19.8,72,18.1,69.0
457075,2026-05-09,07,46,19.8,72,18.2,68.0
457076,2026-05-09,07,47,19.8,72,18.2,68.0
457077,2026-05-09,07,48,19.8,72,18.3,68.0
457078,2026-05-09,07,49,19.8,73,18.3,68.0
457079,2026-05-09,07,50,19.8,73,18.4,68.0
457080,2026-05-09,07,51,20.2,73,18.5,68.0
457081,2026-05-09,07,52,20.2,73,18.5,68.0
457082,2026-05-09,07,53,20.2,73,18.6,68.0
457083,2026-05-09,07,54,20.2,73,18.6,68.0
457084,2026-05-09,07,55,20.2,73,18.7,68.0
457085,2026-05-09,07,56,20.2,73,18.8,68.0
457086,2026-05-09,07,57,20.2,73,18.9,68.0
457087,2026-05-09,07,58,20.2,73,18.9,68.0
457088,2026-05-09,07,59,20.2,74,19.0,67.0
457089,2026-05-09,08,00,20.2,74,19.1,67.0
457090,2026-05-09,08,01,20.2,74,19.2,67.0
457091,2026-05-09,08,02,20.2,74,19.3,67.0
457092,2026-05-09,08,03,20.2,74,19.4,66.0
457093,2026-05-09,08,04,20.2,74,19.5,66.0
457094,2026-05-09,08,05,20.2,73,19.6,66.0
457095,2026-05-09,08,06,20.2,73,19.6,66.0
457096,2026-05-09,08,07,20.2,73,19.7,65.0
457097,2026-05-09,08,08,20.2,73,19.8,65.0
457098,2026-05-09,08,09,20.2,73,19.9,65.0
457099,2026-05-09,08,10,20.2,73,20.0,64.0
457100,2026-05-09,08,11,20.2,73,20.2,64.0
457101,2026-05-09,08,12,20.2,73,20.3,64.0
457102,2026-05-09,08,13,20.2,73,20.5,64.0
457103,2026-05-09,08,14,20.2,74,20.6,63.0
457104,2026-05-09,08,15,20.2,74,20.8,63.0
457105,2026-05-09,08,16,20.2,74,20.9,63.0
457106,2026-05-09,08,17,20.2,74,21.1,63.0
457107,2026-05-09,08,18,20.2,74,21.3,63.0
457108,2026-05-09,08,19,20.6,74,21.4,62.0
457109,2026-05-09,08,20,20.6,74,21.6,62.0
457110,2026-05-09,08,21,20.6,74,21.7,61.0
457111,2026-05-09,08,22,20.6,74,21.8,61.0
457112,2026-05-09,08,23,20.6,74,22.0,60.0
457113,2026-05-09,08,24,20.6,74,22.1,60.0
457114,2026-05-09,08,25,20.6,74,22.3,60.0
457115,2026-05-09,08,26,20.6,74,22.4,59.0
457116,2026-05-09,08,27,20.6,74,22.6,59.0
457117,2026-05-09,08,28,20.6,74,22.7,59.0
457118,2026-05-09,08,29,20.6,74,22.9,58.0
457119,2026-05-09,08,30,20.6,74,23.2,58.0
457120,2026-05-09,08,31,20.6,74,23.4,57.0
457121,2026-05-09,08,32,20.6,74,23.7,57.0
457122,2026-05-09,08,33,20.6,74,24.0,56.0
457123,2026-05-09,08,34,20.6,74,24.2,55.0
457124,2026-05-09,08,35,20.6,74,24.5,55.0
457125,2026-05-09,08,36,20.6,74,24.8,54.0
457126,2026-05-09,08,37,20.6,74,25.1,53.0
457127,2026-05-09,08,38,20.6,74,25.4,53.0
457128,2026-05-09,08,39,20.6,74,25.6,52.0
457129,2026-05-09,08,40,20.6,74,26.1,51.0
457130,2026-05-09,08,41,20.6,74,26.8,50.0
457131,2026-05-09,08,42,20.6,74,27.8,48.0
457132,2026-05-09,08,43,21.0,73,28.7,46.0
457133,2026-05-09,08,44,21.0,73,29.4,45.0
457134,2026-05-09,08,45,21.0,73,30.1,44.0
457135,2026-05-09,08,46,21.0,73,30.7,43.0
457136,2026-05-09,08,47,21.0,73,31.2,42.0
457137,2026-05-09,08,48,21.0,73,31.5,41.0
457138,2026-05-09,08,49,21.0,73,31.7,41.0
457139,2026-05-09,08,50,21.0,73,31.9,40.0
457140,2026-05-09,08,51,21.0,73,32.2,40.0
457141,2026-05-09,08,52,21.0,73,32.4,39.0
457142,2026-05-09,08,53,21.0,73,32.6,39.0
457143,2026-05-09,08,54,21.0,73,32.8,39.0
457144,2026-05-09,08,55,21.0,73,33.0,39.0
457145,2026-05-09,08,56,21.0,73,33.1,38.0
457146,2026-05-09,08,57,21.0,73,33.3,38.0
457147,2026-05-09,08,58,21.0,73,33.4,38.0
457148,2026-05-09,08,59,21.0,73,33.6,38.0
457149,2026-05-09,09,00,21.0,73,33.9,37.0
457150,2026-05-09,09,01,21.0,73,33.4,37.0
457151,2026-05-09,09,02,21.0,73,31.6,39.0
457152,2026-05-09,09,03,21.0,73,30.0,42.0
457153,2026-05-09,09,04,21.0,73,28.6,44.0
457154,2026-05-09,09,05,21.0,73,28.9,44.0
457155,2026-05-09,09,06,21.0,73,30.0,43.0
457156,2026-05-09,09,07,21.0,73,31.2,41.0
457157,2026-05-09,09,08,21.0,73,32.1,40.0
457158,2026-05-09,09,09,21.0,73,32.8,39.0
457159,2026-05-09,09,10,21.0,73,33.3,38.0
457160,2026-05-09,09,11,21.0,73,33.6,38.0
457161,2026-05-09,09,12,21.0,73,34.0,37.0
457162,2026-05-09,09,13,21.0,73,34.4,37.0
457163,2026-05-09,09,14,21.0,73,34.6,36.0
457164,2026-05-09,09,15,21.0,73,34.7,36.0
457165,2026-05-09,09,16,21.0,73,34.9,36.0
457166,2026-05-09,09,17,21.0,73,35.0,36.0
457167,2026-05-09,09,18,21.0,73,35.0,36.0
457168,2026-05-09,09,19,21.0,73,35.0,36.0
457169,2026-05-09,09,20,21.0,73,34.7,36.0
457170,2026-05-09,09,21,21.0,73,34.0,37.0
457171,2026-05-09,09,22,21.0,73,34.3,37.0
457172,2026-05-09,09,23,21.0,73,34.6,36.0
457173,2026-05-09,09,24,21.0,73,35.0,36.0
457174,2026-05-09,09,25,21.0,73,35.3,35.0
457175,2026-05-09,09,26,21.0,73,35.5,35.0
457176,2026-05-09,09,27,21.3,73,35.7,35.0
457177,2026-05-09,09,28,21.1,73,35.8,35.0
457178,2026-05-09,09,29,21.1,73,35.9,34.0
457179,2026-05-09,09,30,21.4,73,36.0,35.0
457180,2026-05-09,09,31,21.4,73,36.1,34.0
457181,2026-05-09,09,32,21.4,73,36.2,34.0
457182,2026-05-09,09,33,21.4,73,36.2,34.0
457183,2026-05-09,09,34,21.4,73,36.3,34.0
457184,2026-05-09,09,35,21.4,73,36.3,34.0
457185,2026-05-09,09,36,21.4,73,36.3,34.0
457186,2026-05-09,09,37,21.4,73,36.4,34.0
457187,2026-05-09,09,38,21.4,73,36.4,34.0
457188,2026-05-09,09,39,21.4,73,36.4,34.0
457189,2026-05-09,09,40,21.4,73,36.4,34.0
457190,2026-05-09,09,41,21.4,73,36.4,34.0
457191,2026-05-09,09,42,21.4,73,36.4,34.0
457192,2026-05-09,09,43,21.4,73,36.4,34.0
457193,2026-05-09,09,44,21.4,73,36.4,34.0
457194,2026-05-09,09,45,21.4,73,36.3,34.0
457195,2026-05-09,09,46,21.4,73,36.3,34.0
457196,2026-05-09,09,47,21.4,73,36.2,34.0
457197,2026-05-09,09,48,21.4,73,36.2,34.0
457198,2026-05-09,09,49,21.4,73,36.1,34.0
457199,2026-05-09,09,50,21.4,73,36.0,34.0
457200,2026-05-09,09,51,21.4,73,35.9,34.0
457201,2026-05-09,09,52,21.4,73,35.7,34.0
457202,2026-05-09,09,53,21.4,73,35.5,35.0
457203,2026-05-09,09,54,21.4,73,35.3,35.0
457204,2026-05-09,09,55,21.4,73,35.0,35.0
457205,2026-05-09,09,56,21.4,73,34.8,35.0
457206,2026-05-09,09,57,21.4,73,34.6,36.0
457207,2026-05-09,09,58,21.4,73,34.6,36.0
457208,2026-05-09,09,59,21.4,73,34.6,36.0
457209,2026-05-09,10,00,21.5,73,34.5,36.0
457210,2026-05-09,10,01,21.4,73,34.3,36.0
457211,2026-05-09,10,02,21.4,73,34.2,36.0
457212,2026-05-09,10,03,21.4,73,33.9,36.0
457213,2026-05-09,10,04,21.5,73,33.7,37.0
457214,2026-05-09,10,05,21.6,73,33.0,37.0
457215,2026-05-09,10,06,21.8,73,32.0,39.0
457216,2026-05-09,10,07,21.8,73,30.9,40.0
457217,2026-05-09,10,08,21.8,73,29.9,42.0
457218,2026-05-09,10,09,21.8,73,29.1,43.0
457219,2026-05-09,10,10,21.8,73,28.6,44.0
457220,2026-05-09,10,11,21.8,73,28.1,46.0
457221,2026-05-09,10,12,21.8,73,27.8,46.0
457222,2026-05-09,10,13,21.8,73,27.6,47.0
457223,2026-05-09,10,14,21.8,73,27.6,47.0
457224,2026-05-09,10,15,21.8,73,27.5,47.0
457225,2026-05-09,10,16,21.8,73,27.3,47.0
457226,2026-05-09,10,17,21.8,73,27.1,48.0
457227,2026-05-09,10,18,21.8,73,26.9,48.0
457228,2026-05-09,10,19,21.8,73,26.7,48.0
457229,2026-05-09,10,20,21.8,73,26.5,49.0
457230,2026-05-09,10,21,21.8,73,26.4,49.0
457231,2026-05-09,10,22,21.8,73,26.4,49.0
457232,2026-05-09,10,23,21.8,73,26.3,49.0
457233,2026-05-09,10,24,21.8,73,26.2,49.0
457234,2026-05-09,10,25,21.8,73,26.2,50.0
457235,2026-05-09,10,26,21.8,73,26.1,50.0
457236,2026-05-09,10,27,21.8,73,26.0,50.0
457237,2026-05-09,10,28,21.9,72,25.9,51.0
457238,2026-05-09,10,29,22.2,72,25.8,51.0
457239,2026-05-09,10,30,22.2,72,25.8,51.0
457240,2026-05-09,10,31,22.2,72,25.7,51.0
457241,2026-05-09,10,32,22.2,72,25.7,51.0
457242,2026-05-09,10,33,22.2,72,25.7,51.0
457243,2026-05-09,10,34,22.2,72,25.7,51.0
457244,2026-05-09,10,35,22.2,72,25.6,51.0
457245,2026-05-09,10,36,22.2,72,25.6,52.0
457246,2026-05-09,10,37,22.2,72,25.7,51.0
457247,2026-05-09,10,38,22.2,73,25.8,51.0
457248,2026-05-09,10,39,22.2,73,25.9,51.0
457249,2026-05-09,10,40,22.2,73,25.9,51.0
457250,2026-05-09,10,41,22.2,73,25.9,51.0
457251,2026-05-09,10,42,22.2,73,25.8,51.0
457252,2026-05-09,10,43,22.2,73,25.7,52.0
457253,2026-05-09,10,44,22.2,73,25.6,52.0
457254,2026-05-09,10,45,22.2,73,25.6,52.0
457255,2026-05-09,10,46,22.2,72,25.4,52.0
457256,2026-05-09,10,47,22.2,72,25.4,52.0
457257,2026-05-09,10,48,22.2,72,25.3,52.0
457258,2026-05-09,10,49,22.3,72,25.3,52.0
457259,2026-05-09,10,50,22.6,72,25.3,52.0
457260,2026-05-09,10,51,22.6,71,25.3,52.0
457261,2026-05-09,10,52,22.3,71,25.3,52.0
457262,2026-05-09,10,53,22.2,71,25.3,53.0
457263,2026-05-09,10,54,22.3,71,25.3,52.0
457264,2026-05-09,10,55,22.2,71,25.2,52.0
457265,2026-05-09,10,56,22.2,72,25.2,52.0
457266,2026-05-09,10,57,22.2,72,25.2,52.0
457267,2026-05-09,10,58,22.2,72,25.1,52.0
457268,2026-05-09,10,59,22.2,72,25.1,53.0
457269,2026-05-09,11,00,22.2,72,25.1,53.0
457270,2026-05-09,11,01,22.2,72,25.1,53.0
457271,2026-05-09,11,02,22.2,72,25.1,53.0
457272,2026-05-09,11,03,22.6,71,25.1,53.0
457273,2026-05-09,11,04,22.6,71,25.1,53.0
457274,2026-05-09,11,05,22.6,71,25.1,53.0
457275,2026-05-09,11,06,22.6,71,25.1,53.0
457276,2026-05-09,11,07,22.6,71,25.1,53.0
457277,2026-05-09,11,08,22.6,71,25.1,53.0
457278,2026-05-09,11,09,22.6,71,25.1,53.0
457279,2026-05-09,11,10,22.6,71,25.1,53.0
457280,2026-05-09,11,11,22.6,71,25.1,53.0
457281,2026-05-09,11,12,22.6,71,25.1,53.0
457282,2026-05-09,11,13,22.6,71,25.1,53.0
457283,2026-05-09,11,14,22.6,71,25.1,53.0
457284,2026-05-09,11,15,22.6,71,25.1,53.0
457285,2026-05-09,11,16,22.6,71,25.1,53.0
457286,2026-05-09,11,17,22.6,71,25.1,53.0
457287,2026-05-09,11,18,22.6,71,25.1,53.0
457288,2026-05-09,11,19,22.6,71,25.0,53.0
457289,2026-05-09,11,20,22.6,71,25.0,53.0
457290,2026-05-09,11,21,22.6,71,25.0,53.0
457291,2026-05-09,11,22,22.6,71,25.0,53.0
457292,2026-05-09,11,23,22.6,71,25.1,53.0
457293,2026-05-09,11,24,22.6,71,25.1,53.0
457294,2026-05-09,11,25,22.6,71,25.1,53.0
457295,2026-05-09,11,26,22.6,71,25.1,53.0
457296,2026-05-09,11,27,22.6,70,25.1,53.0
457297,2026-05-09,11,28,22.6,71,25.1,53.0
457298,2026-05-09,11,29,22.6,71,25.1,53.0
457299,2026-05-09,11,30,22.6,71,25.1,53.0
457300,2026-05-09,11,31,22.6,71,25.0,53.0
457301,2026-05-09,11,32,22.6,71,25.0,53.0
457302,2026-05-09,11,33,22.6,71,25.1,53.0
457303,2026-05-09,11,34,22.7,71,25.1,53.0
457304,2026-05-09,11,35,23.0,71,25.1,53.0
457305,2026-05-09,11,36,23.0,70,25.1,53.0
457306,2026-05-09,11,37,22.7,71,25.0,53.0
457307,2026-05-09,11,38,22.6,71,25.0,53.0
457308,2026-05-09,11,39,22.6,71,25.0,53.0
457309,2026-05-09,11,40,22.6,71,25.0,53.0
457310,2026-05-09,11,41,22.6,71,25.0,53.0
457311,2026-05-09,11,42,23.0,71,25.0,53.0
457312,2026-05-09,11,43,23.0,71,25.0,53.0
457313,2026-05-09,11,44,23.0,71,25.0,53.0
457314,2026-05-09,11,45,23.0,70,25.0,53.0
457315,2026-05-09,11,46,23.0,70,25.1,53.0
457316,2026-05-09,11,47,23.0,70,25.1,53.0
457317,2026-05-09,11,48,23.0,70,25.0,53.0
457318,2026-05-09,11,49,23.0,70,25.0,53.0
457319,2026-05-09,11,50,23.0,70,25.0,53.0
457320,2026-05-09,11,51,23.0,70,25.0,53.0
457321,2026-05-09,11,52,23.0,70,25.0,53.0
457322,2026-05-09,11,53,23.0,70,25.0,53.0
457323,2026-05-09,11,54,23.0,70,25.0,53.0
457324,2026-05-09,11,55,23.0,70,25.1,53.0
457325,2026-05-09,11,56,23.0,70,25.0,53.0
457326,2026-05-09,11,57,23.0,70,25.1,53.0
457327,2026-05-09,11,58,23.0,70,25.1,52.0
457328,2026-05-09,11,59,23.0,70,25.1,52.0
457329,2026-05-09,12,00,23.0,70,25.1,52.0
457330,2026-05-09,12,01,23.0,70,25.1,52.0
457331,2026-05-09,12,02,23.0,70,25.1,52.0
457332,2026-05-09,12,03,23.0,69,25.1,52.0
457333,2026-05-09,12,04,23.4,69,25.2,52.0
457334,2026-05-09,12,05,23.4,69,25.2,53.0
457335,2026-05-09,12,06,23.4,69,25.2,53.0
457336,2026-05-09,12,07,23.4,69,25.2,52.0
457337,2026-05-09,12,08,23.4,69,25.2,52.0
457338,2026-05-09,12,09,23.4,69,25.3,52.0
457339,2026-05-09,12,10,23.4,69,25.3,52.0
457340,2026-05-09,12,11,23.4,69,25.3,51.0
457341,2026-05-09,12,12,23.4,70,25.3,51.0
457342,2026-05-09,12,13,23.4,70,25.3,51.0
457343,2026-05-09,12,14,23.4,70,25.3,51.0
457344,2026-05-09,12,15,23.4,70,25.3,52.0
457345,2026-05-09,12,17,23.4,70,25.4,51.0
457346,2026-05-09,12,17,23.4,71,25.4,51.0
457347,2026-05-09,12,19,23.8,71,25.4,52.0
457348,2026-05-09,12,19,23.8,71,25.4,53.0
457349,2026-05-09,12,21,23.8,71,25.4,53.0
457350,2026-05-09,12,21,23.8,71,25.5,54.0
457351,2026-05-09,12,23,23.8,71,25.5,54.0
457352,2026-05-09,12,23,23.8,71,25.5,54.0
457353,2026-05-09,12,25,23.8,71,25.5,54.0
457354,2026-05-09,12,25,23.8,71,25.5,53.0
457355,2026-05-09,12,27,23.8,70,25.6,53.0
457356,2026-05-09,12,27,23.8,70,25.6,53.0
457357,2026-05-09,12,29,23.8,70,25.6,53.0
457358,2026-05-09,12,29,23.8,71,25.6,52.0
457359,2026-05-09,12,31,23.8,71,25.6,52.0
457360,2026-05-09,12,31,23.8,72,25.7,52.0
457361,2026-05-09,12,33,23.8,72,25.7,52.0
457362,2026-05-09,12,33,23.8,72,25.7,53.0
457363,2026-05-09,12,35,23.8,73,25.8,52.0
457364,2026-05-09,12,36,23.8,73,25.8,52.0
457365,2026-05-09,12,37,23.8,73,25.8,52.0
457366,2026-05-09,12,38,23.8,73,25.9,52.0
457367,2026-05-09,12,39,24.1,73,25.9,52.0
457368,2026-05-09,12,39,24.1,73,26.0,51.0
457369,2026-05-09,12,41,24.1,73,26.0,51.0
457370,2026-05-09,12,41,24.1,73,26.1,51.0
457371,2026-05-09,12,43,24.1,73,26.1,51.0
457372,2026-05-09,12,43,24.1,73,26.2,52.0
457373,2026-05-09,12,45,24.1,73,26.2,52.0
457374,2026-05-09,12,45,24.1,73,26.2,52.0
457375,2026-05-09,12,47,24.1,73,26.2,52.0
457376,2026-05-09,12,47,24.1,73,26.2,52.0
457377,2026-05-09,12,49,24.1,73,26.2,53.0
457378,2026-05-09,12,49,24.1,73,26.2,53.0
457379,2026-05-09,12,51,24.1,73,26.2,53.0
457380,2026-05-09,12,52,24.1,73,26.2,53.0
457381,2026-05-09,12,53,24.1,73,26.2,53.0
457382,2026-05-09,12,54,24.1,73,26.3,53.0
457383,2026-05-09,12,55,24.1,73,26.4,53.0
457384,2026-05-09,12,56,24.1,73,26.5,52.0
457385,2026-05-09,12,57,24.1,73,26.5,52.0
457386,2026-05-09,12,58,24.1,73,26.5,52.0
457387,2026-05-09,12,59,24.1,73,26.5,51.0
457388,2026-05-09,13,00,24.1,73,26.5,51.0
457389,2026-05-09,13,01,24.1,74,26.4,52.0
457390,2026-05-09,13,02,24.5,74,26.4,52.0
457391,2026-05-09,13,03,24.5,74,26.4,53.0
457392,2026-05-09,13,04,24.5,74,26.5,53.0
457393,2026-05-09,13,05,24.5,74,26.6,53.0
457394,2026-05-09,13,06,24.5,74,26.6,53.0
457395,2026-05-09,13,07,24.5,74,26.6,53.0
457396,2026-05-09,13,08,24.5,74,26.6,54.0
457397,2026-05-09,13,09,24.5,74,26.5,54.0
457398,2026-05-09,13,10,24.5,73,26.4,54.0
457399,2026-05-09,13,11,24.5,73,26.4,54.0
457400,2026-05-09,13,12,24.5,73,26.4,54.0
457401,2026-05-09,13,13,24.5,73,26.3,53.0
457402,2026-05-09,13,14,24.5,73,26.4,54.0
457403,2026-05-09,13,15,24.5,73,26.4,54.0
457404,2026-05-09,13,16,24.5,74,26.4,54.0
457405,2026-05-09,13,17,24.5,74,26.4,53.0
457406,2026-05-09,13,18,24.5,74,26.4,52.0
457407,2026-05-09,13,19,24.5,74,26.4,53.0
457408,2026-05-09,13,20,24.5,74,26.4,54.0
457409,2026-05-09,13,21,24.5,75,26.4,53.0
457410,2026-05-09,13,22,24.5,74,26.4,53.0
457411,2026-05-09,13,23,24.5,73,26.5,53.0
457412,2026-05-09,13,24,24.5,73,26.5,53.0
457413,2026-05-09,13,25,24.5,73,26.6,53.0
457414,2026-05-09,13,26,24.5,73,26.6,53.0
457415,2026-05-09,13,27,24.5,73,26.7,53.0
457416,2026-05-09,13,28,24.5,73,26.8,53.0
457417,2026-05-09,13,29,24.5,72,26.9,53.0
457418,2026-05-09,13,30,24.5,72,27.0,53.0
457419,2026-05-09,13,31,24.5,71,27.1,52.0
457420,2026-05-09,13,32,24.5,71,27.1,52.0
457421,2026-05-09,13,33,24.5,70,27.2,52.0
457422,2026-05-09,13,34,24.5,69,27.2,52.0
457423,2026-05-09,13,35,24.5,69,27.2,52.0
457424,2026-05-09,13,36,24.5,69,27.1,52.0
457425,2026-05-09,13,37,24.5,69,27.1,52.0
457426,2026-05-09,13,38,24.5,69,27.0,52.0
457427,2026-05-09,13,39,24.5,69,27.1,52.0
457428,2026-05-09,13,40,24.5,69,27.1,52.0
457429,2026-05-09,13,41,24.5,69,27.1,51.0
457430,2026-05-09,13,42,24.5,68,27.1,51.0
457431,2026-05-09,13,43,24.5,68,27.1,51.0
457432,2026-05-09,13,44,24.5,68,27.0,51.0
457433,2026-05-09,13,45,24.5,68,26.9,52.0
457434,2026-05-09,13,46,24.5,68,26.9,51.0
457435,2026-05-09,13,47,24.5,67,26.9,51.0
457436,2026-05-09,13,48,24.5,68,26.9,51.0
457437,2026-05-09,13,49,24.5,68,26.9,51.0
457438,2026-05-09,13,50,24.5,68,26.8,51.0
457439,2026-05-09,13,51,24.5,68,26.7,52.0
457440,2026-05-09,13,52,24.5,68,26.7,52.0
457441,2026-05-09,13,53,24.5,68,26.7,52.0
457442,2026-05-09,13,54,24.5,68,26.7,52.0
457443,2026-05-09,13,55,24.5,68,26.7,51.0
457444,2026-05-09,13,56,24.5,68,26.8,52.0
457445,2026-05-09,13,57,24.5,68,26.9,51.0
457446,2026-05-09,13,58,24.5,68,27.0,51.0
457447,2026-05-09,13,59,24.5,67,27.1,51.0
457448,2026-05-09,14,00,24.5,67,27.1,51.0
457449,2026-05-09,14,01,24.5,67,27.1,50.0
457450,2026-05-09,14,02,24.5,66,27.2,51.0
457451,2026-05-09,14,03,24.5,66,27.2,50.0
457452,2026-05-09,14,04,24.5,66,27.2,50.0
457453,2026-05-09,14,05,24.5,66,27.3,50.0
457454,2026-05-09,14,06,24.5,65,27.3,50.0
457455,2026-05-09,14,07,24.5,66,27.3,50.0
457456,2026-05-09,14,08,24.5,65,27.3,50.0
457457,2026-05-09,14,09,24.5,65,27.3,50.0
457458,2026-05-09,14,10,24.5,65,27.3,50.0
457459,2026-05-09,14,11,24.5,65,27.2,50.0
457460,2026-05-09,14,12,24.5,66,27.2,50.0
457461,2026-05-09,14,13,24.5,66,27.1,50.0
457462,2026-05-09,14,14,24.5,66,27.1,50.0
457463,2026-05-09,14,15,24.5,65,27.0,50.0
457464,2026-05-09,14,16,24.5,65,27.0,50.0
457465,2026-05-09,14,17,24.5,66,27.0,50.0
457466,2026-05-09,14,18,24.5,65,26.9,51.0
457467,2026-05-09,14,19,24.5,66,26.9,51.0
457468,2026-05-09,14,20,24.5,66,27.0,50.0
457469,2026-05-09,14,21,24.5,65,27.1,50.0
457470,2026-05-09,14,22,24.5,64,27.2,50.0
457471,2026-05-09,14,23,24.8,64,27.2,50.0
457472,2026-05-09,14,24,24.8,64,27.2,50.0
457473,2026-05-09,14,25,24.8,64,27.2,50.0
457474,2026-05-09,14,26,24.8,64,27.2,50.0
457475,2026-05-09,14,27,24.8,63,27.3,49.0
457476,2026-05-09,14,28,24.8,63,27.3,49.0
457477,2026-05-09,14,29,24.8,63,27.3,49.0
457478,2026-05-09,14,30,24.8,63,27.3,49.0
457479,2026-05-09,14,31,24.8,63,27.3,49.0
457480,2026-05-09,14,32,24.8,62,27.3,49.0
457481,2026-05-09,14,33,24.8,62,27.3,49.0
457482,2026-05-09,14,34,24.8,62,27.3,49.0
457483,2026-05-09,14,35,24.8,61,27.3,49.0
457484,2026-05-09,14,36,24.8,62,27.3,49.0
457485,2026-05-09,14,37,24.8,62,27.3,49.0
457486,2026-05-09,14,38,24.8,62,27.4,49.0
457487,2026-05-09,14,39,24.8,61,27.4,49.0
457488,2026-05-09,14,40,24.8,62,27.5,49.0
457489,2026-05-09,14,41,24.8,62,27.5,49.0
457490,2026-05-09,14,42,24.8,62,27.5,49.0
457491,2026-05-09,14,43,24.8,62,27.6,49.0
457492,2026-05-09,14,44,24.8,62,27.6,48.0
457493,2026-05-09,14,45,24.8,62,27.6,48.0
457494,2026-05-09,14,46,24.8,62,27.7,48.0
457495,2026-05-09,14,47,24.8,61,27.7,48.0
457496,2026-05-09,14,48,24.8,62,27.8,48.0
457497,2026-05-09,14,49,24.8,61,27.8,48.0
457498,2026-05-09,14,50,24.8,61,27.8,48.0
457499,2026-05-09,14,51,24.8,61,27.8,48.0
457500,2026-05-09,14,52,24.8,61,27.9,48.0
457501,2026-05-09,14,53,24.8,61,27.9,48.0
457502,2026-05-09,14,54,24.8,61,27.9,48.0
457503,2026-05-09,14,55,24.9,61,27.9,48.0
457504,2026-05-09,14,56,25.2,61,27.9,48.0
457505,2026-05-09,14,57,24.8,61,28.0,48.0
457506,2026-05-09,14,58,24.8,62,28.0,48.0
457507,2026-05-09,14,59,24.8,62,28.0,48.0
457508,2026-05-09,15,00,24.8,62,28.1,47.0
457509,2026-05-09,15,01,24.8,62,28.1,47.0
457510,2026-05-09,15,02,24.8,62,28.2,47.0
457511,2026-05-09,15,03,24.8,62,28.2,47.0
457512,2026-05-09,15,04,24.9,62,28.2,47.0
457513,2026-05-09,15,05,25.0,62,28.2,47.0
457514,2026-05-09,15,06,25.3,61,28.3,47.0
457515,2026-05-09,15,07,25.3,61,28.3,47.0
457516,2026-05-09,15,08,25.3,61,28.3,47.0
457517,2026-05-09,15,09,25.3,61,28.4,47.0
457518,2026-05-09,15,10,25.3,61,28.4,47.0
457519,2026-05-09,15,11,25.3,61,28.3,47.0
457520,2026-05-09,15,12,25.3,61,28.2,47.0
457521,2026-05-09,15,13,25.3,61,28.1,47.0
457522,2026-05-09,15,14,25.3,61,28.0,48.0
457523,2026-05-09,15,15,25.3,61,28.1,47.0
457524,2026-05-09,15,16,25.3,61,28.2,47.0
457525,2026-05-09,15,17,25.3,60,28.3,47.0
457526,2026-05-09,15,18,25.3,60,28.3,47.0
457527,2026-05-09,15,19,25.3,61,28.4,47.0
457528,2026-05-09,15,20,25.3,60,28.5,47.0
457529,2026-05-09,15,21,25.3,61,28.5,47.0
457530,2026-05-09,15,22,25.3,61,28.6,46.0
457531,2026-05-09,15,23,25.3,61,28.6,46.0
457532,2026-05-09,15,24,25.3,61,28.6,46.0
457533,2026-05-09,15,25,25.3,61,28.6,46.0
457534,2026-05-09,15,26,25.3,61,28.7,46.0
457535,2026-05-09,15,27,25.3,60,28.7,46.0
457536,2026-05-09,15,28,25.3,60,28.7,46.0
457537,2026-05-09,15,29,25.3,60,28.6,46.0
457538,2026-05-09,15,30,25.3,60,28.6,46.0
457539,2026-05-09,15,31,25.3,60,28.5,46.0
457540,2026-05-09,15,32,25.3,60,28.4,47.0
457541,2026-05-09,15,33,25.3,60,28.4,47.0
457542,2026-05-09,15,34,25.3,60,28.3,47.0
457543,2026-05-09,15,35,25.3,60,28.1,47.0
457544,2026-05-09,15,36,25.3,60,28.0,47.0
457545,2026-05-09,15,37,25.3,60,27.9,48.0
457546,2026-05-09,15,38,25.3,60,27.8,48.0
457547,2026-05-09,15,39,25.3,59,27.7,48.0
457548,2026-05-09,15,40,25.3,59,27.5,48.0
457549,2026-05-09,15,41,25.3,59,27.4,48.0
457550,2026-05-09,15,42,25.3,59,27.4,48.0
457551,2026-05-09,15,43,25.3,60,27.4,48.0
457552,2026-05-09,15,44,25.3,61,27.4,48.0
457553,2026-05-09,15,45,25.3,61,27.5,48.0
457554,2026-05-09,15,46,25.3,61,27.5,48.0
457555,2026-05-09,15,47,25.3,61,27.6,48.0
457556,2026-05-09,15,48,25.3,60,27.6,48.0
457557,2026-05-09,15,49,25.3,60,27.6,48.0
457558,2026-05-09,15,50,25.3,60,27.7,48.0
457559,2026-05-09,15,51,25.3,59,27.7,48.0
457560,2026-05-09,15,52,25.3,60,27.7,48.0
457561,2026-05-09,15,53,25.3,59,27.7,48.0
457562,2026-05-09,15,54,25.3,59,27.7,48.0
457563,2026-05-09,15,55,25.3,60,27.7,48.0
457564,2026-05-09,15,56,25.3,60,27.7,48.0
457565,2026-05-09,15,57,25.3,60,27.7,48.0
457566,2026-05-09,15,58,25.3,60,27.8,48.0
457567,2026-05-09,15,59,25.3,60,27.7,48.0
457568,2026-05-09,16,00,25.3,60,27.7,48.0
457569,2026-05-09,16,01,25.3,60,27.7,48.0
457570,2026-05-09,16,02,25.3,60,27.8,48.0
457571,2026-05-09,16,03,25.3,60,27.7,48.0
457572,2026-05-09,16,04,25.3,60,27.7,48.0
457573,2026-05-09,16,05,25.3,60,27.7,48.0
457574,2026-05-09,16,06,25.3,60,27.7,48.0
457575,2026-05-09,16,07,25.3,60,27.8,48.0
457576,2026-05-09,16,08,25.3,60,27.8,48.0
457577,2026-05-09,16,09,25.3,60,27.8,48.0
457578,2026-05-09,16,10,25.3,60,27.8,48.0
457579,2026-05-09,16,11,25.3,60,27.8,48.0
457580,2026-05-09,16,12,25.3,60,27.8,48.0
457581,2026-05-09,16,13,25.3,60,27.8,48.0
457582,2026-05-09,16,14,25.3,60,27.8,48.0
457583,2026-05-09,16,15,25.3,60,27.9,48.0
457584,2026-05-09,16,16,25.3,60,27.9,48.0
457585,2026-05-09,16,17,25.3,60,27.9,48.0
457586,2026-05-09,16,18,25.3,61,27.9,48.0
457587,2026-05-09,16,19,25.3,61,27.9,48.0
457588,2026-05-09,16,20,25.3,61,27.9,48.0
457589,2026-05-09,16,21,25.3,61,27.9,48.0
457590,2026-05-09,16,22,25.3,61,28.0,48.0
457591,2026-05-09,16,23,25.3,61,28.0,48.0
457592,2026-05-09,16,24,25.3,61,28.0,48.0
457593,2026-05-09,16,25,25.3,61,28.0,48.0
457594,2026-05-09,16,26,25.3,61,28.0,48.0
457595,2026-05-09,16,27,25.3,61,28.0,48.0
457596,2026-05-09,16,28,25.3,61,27.9,48.0
457597,2026-05-09,16,29,25.3,61,27.9,48.0
457598,2026-05-09,16,30,25.3,61,27.9,48.0
457599,2026-05-09,16,31,25.3,61,27.9,48.0
457600,2026-05-09,16,32,25.3,61,27.9,48.0
457601,2026-05-09,16,33,25.5,61,27.8,48.0
457602,2026-05-09,16,34,25.7,61,27.8,48.0
457603,2026-05-09,16,35,25.8,61,27.7,48.0
457604,2026-05-09,16,36,25.8,61,27.7,48.0
457605,2026-05-09,16,37,25.8,61,27.7,48.0
457606,2026-05-09,16,38,25.8,61,27.8,48.0
457607,2026-05-09,16,39,25.8,61,27.8,48.0
457608,2026-05-09,16,40,25.8,62,27.8,48.0
457609,2026-05-09,16,41,25.8,61,27.9,48.0
457610,2026-05-09,16,42,25.8,62,27.9,48.0
457611,2026-05-09,16,43,25.8,62,28.0,48.0
457612,2026-05-09,16,44,25.8,62,28.0,48.0
457613,2026-05-09,16,45,25.8,62,28.0,48.0
457614,2026-05-09,16,46,25.8,62,28.0,48.0
457615,2026-05-09,16,47,25.8,62,28.0,48.0
457616,2026-05-09,16,48,25.8,62,27.9,48.0
457617,2026-05-09,16,49,25.8,62,27.9,48.0
457618,2026-05-09,16,50,25.8,62,28.0,48.0
457619,2026-05-09,16,51,25.8,62,28.0,48.0
457620,2026-05-09,16,52,25.8,62,28.0,48.0
457621,2026-05-09,16,53,25.8,62,28.0,48.0
457622,2026-05-09,16,54,25.8,62,28.0,48.0
457623,2026-05-09,16,55,25.8,62,28.0,48.0
457624,2026-05-09,16,56,25.8,62,28.0,48.0
457625,2026-05-09,16,57,25.8,62,28.0,48.0
457626,2026-05-09,16,58,25.8,62,28.0,48.0
457627,2026-05-09,16,59,25.8,62,28.0,48.0
457628,2026-05-09,17,00,25.8,62,27.9,48.0
457629,2026-05-09,17,01,25.8,62,27.9,48.0
457630,2026-05-09,17,02,25.8,62,27.7,49.0
457631,2026-05-09,17,03,25.8,62,27.7,49.0
457632,2026-05-09,17,04,25.8,62,27.7,49.0
457633,2026-05-09,17,05,25.8,62,27.6,49.0
457634,2026-05-09,17,06,25.8,62,27.6,49.0
457635,2026-05-09,17,07,25.8,62,27.6,49.0
457636,2026-05-09,17,08,25.8,62,27.5,49.0
457637,2026-05-09,17,09,25.8,62,27.4,49.0
457638,2026-05-09,17,10,25.8,62,27.4,49.0
457639,2026-05-09,17,11,25.8,62,27.3,50.0
457640,2026-05-09,17,12,25.8,62,27.2,50.0
457641,2026-05-09,17,13,25.8,62,27.2,50.0
457642,2026-05-09,17,14,25.8,62,27.1,50.0
457643,2026-05-09,17,15,25.8,62,27.0,50.0
457644,2026-05-09,17,16,25.8,62,26.9,51.0
457645,2026-05-09,17,17,25.8,61,26.8,51.0
457646,2026-05-09,17,18,25.8,61,26.7,51.0
457647,2026-05-09,17,19,25.8,61,26.7,51.0
457648,2026-05-09,17,20,25.8,61,26.6,50.0
457649,2026-05-09,17,21,25.8,61,26.6,49.0
457650,2026-05-09,17,22,25.8,61,26.5,48.0
457651,2026-05-09,17,23,25.8,61,26.5,49.0
457652,2026-05-09,17,24,25.8,61,26.4,49.0
457653,2026-05-09,17,25,25.8,61,26.4,49.0
457654,2026-05-09,17,26,25.8,61,26.3,49.0
457655,2026-05-09,17,27,25.8,61,26.3,50.0
457656,2026-05-09,17,28,25.8,61,26.3,50.0
457657,2026-05-09,17,29,25.8,61,26.2,50.0
457658,2026-05-09,17,30,25.8,61,26.2,50.0
457659,2026-05-09,17,31,25.8,61,26.1,50.0
457660,2026-05-09,17,32,25.8,61,26.1,50.0
457661,2026-05-09,17,33,25.8,61,26.0,50.0
457662,2026-05-09,17,34,25.8,61,26.0,50.0
457663,2026-05-09,17,35,25.8,61,25.9,51.0
457664,2026-05-09,17,36,25.8,61,25.9,51.0
457665,2026-05-09,17,37,25.8,61,25.9,51.0
457666,2026-05-09,17,38,25.8,61,25.9,51.0
457667,2026-05-09,17,39,25.8,61,25.9,51.0
457668,2026-05-09,17,40,25.8,61,25.9,51.0
457669,2026-05-09,17,41,25.7,61,25.9,51.0
457670,2026-05-09,17,42,25.6,61,25.9,51.0
457671,2026-05-09,17,43,25.4,61,25.9,51.0
457672,2026-05-09,17,44,25.3,61,25.8,51.0
457673,2026-05-09,17,45,25.3,61,25.8,51.0
457674,2026-05-09,17,46,25.3,61,25.8,51.0
457675,2026-05-09,17,47,25.3,61,25.7,51.0
457676,2026-05-09,17,48,25.3,61,25.7,51.0
457677,2026-05-09,17,49,25.3,61,25.6,51.0
457678,2026-05-09,17,50,25.3,61,25.6,51.0
457679,2026-05-09,17,51,25.3,61,25.6,51.0
457680,2026-05-09,17,52,25.3,61,25.6,51.0
457681,2026-05-09,17,53,25.3,61,25.6,52.0
457682,2026-05-09,17,54,25.3,61,25.6,52.0
457683,2026-05-09,17,55,25.3,61,25.5,52.0
457684,2026-05-09,17,56,25.3,61,25.5,52.0
457685,2026-05-09,17,57,25.3,61,25.4,52.0
457686,2026-05-09,17,58,25.3,61,25.4,52.0
457687,2026-05-09,17,59,25.3,61,25.3,52.0
457688,2026-05-09,18,00,25.3,61,25.3,52.0
457689,2026-05-09,18,01,25.3,61,25.2,52.0
457690,2026-05-09,18,02,25.3,61,25.2,52.0
457691,2026-05-09,18,03,25.3,61,25.1,53.0
457692,2026-05-09,18,04,25.3,61,25.1,53.0
457693,2026-05-09,18,05,25.3,61,25.1,53.0
457694,2026-05-09,18,06,25.3,61,25.0,53.0
457695,2026-05-09,18,07,25.3,61,25.0,53.0
457696,2026-05-09,18,08,25.3,62,24.9,53.0
457697,2026-05-09,18,09,25.3,62,24.9,53.0
457698,2026-05-09,18,10,25.3,62,24.8,53.0
457699,2026-05-09,18,11,25.3,62,24.8,53.0
457700,2026-05-09,18,12,25.3,62,24.8,53.0
457701,2026-05-09,18,13,25.3,62,24.7,53.0
457702,2026-05-09,18,14,25.3,62,24.7,53.0
457703,2026-05-09,18,15,25.3,62,24.7,53.0
457704,2026-05-09,18,16,25.3,62,24.6,53.0
457705,2026-05-09,18,17,25.3,62,24.6,53.0
457706,2026-05-09,18,18,25.3,62,24.6,53.0
457707,2026-05-09,18,19,25.3,62,24.5,53.0
457708,2026-05-09,18,20,25.3,62,24.5,53.0
457709,2026-05-09,18,21,25.3,62,24.4,53.0
457710,2026-05-09,18,22,25.3,62,24.4,53.0
457711,2026-05-09,18,23,25.3,62,24.4,54.0
457712,2026-05-09,18,24,25.3,62,24.4,53.0
457713,2026-05-09,18,25,25.3,62,24.3,53.0
457714,2026-05-09,18,26,25.3,62,24.3,53.0
457715,2026-05-09,18,27,25.3,62,24.3,53.0
457716,2026-05-09,18,28,25.3,62,24.2,54.0
457717,2026-05-09,18,29,25.3,62,24.2,53.0
457718,2026-05-09,18,30,25.3,62,24.2,54.0
457719,2026-05-09,18,31,25.3,62,24.2,54.0
457720,2026-05-09,18,32,25.3,62,24.1,54.0
457721,2026-05-09,18,33,25.3,62,24.1,54.0
457722,2026-05-09,18,34,25.3,62,24.1,54.0
457723,2026-05-09,18,35,25.3,62,24.0,54.0
457724,2026-05-09,18,36,25.3,62,24.0,54.0
457725,2026-05-09,18,37,25.3,62,24.0,54.0
457726,2026-05-09,18,38,25.3,62,24.0,54.0
457727,2026-05-09,18,39,25.3,62,23.9,54.0
457728,2026-05-09,18,40,25.3,62,23.9,54.0
457729,2026-05-09,18,41,25.3,62,23.9,54.0
457730,2026-05-09,18,42,25.3,62,23.9,54.0
457731,2026-05-09,18,43,25.3,62,23.8,54.0
457732,2026-05-09,18,44,25.3,62,23.8,54.0
457733,2026-05-09,18,45,25.3,62,23.8,54.0
457734,2026-05-09,18,46,25.3,62,23.7,54.0
457735,2026-05-09,18,47,25.3,62,23.7,54.0
457736,2026-05-09,18,48,25.3,62,23.7,54.0
457737,2026-05-09,18,49,25.3,62,23.7,55.0
457738,2026-05-09,18,50,25.3,62,23.7,55.0
457739,2026-05-09,18,51,25.3,62,23.7,55.0
457740,2026-05-09,18,52,25.3,61,23.6,55.0
457741,2026-05-09,18,53,25.3,61,23.6,56.0
457742,2026-05-09,18,54,25.3,62,23.6,56.0
457743,2026-05-09,18,55,25.3,62,23.6,56.0
457744,2026-05-09,18,56,25.3,62,23.5,56.0
457745,2026-05-09,18,57,25.3,62,23.5,56.0
457746,2026-05-09,18,58,25.3,62,23.5,56.0
457747,2026-05-09,18,59,25.3,62,23.5,56.0
457748,2026-05-09,19,00,25.3,62,23.4,56.0
457749,2026-05-09,19,01,25.3,62,23.4,56.0
457750,2026-05-09,19,02,25.3,62,23.4,56.0
457751,2026-05-09,19,03,25.3,62,23.4,56.0
457752,2026-05-09,19,04,25.3,62,23.3,56.0
457753,2026-05-09,19,05,25.0,62,23.3,56.0
457754,2026-05-09,19,06,24.9,62,23.3,56.0
457755,2026-05-09,19,07,24.9,63,23.3,56.0
457756,2026-05-09,19,08,24.8,63,23.3,56.0
457757,2026-05-09,19,09,24.8,63,23.3,56.0
457758,2026-05-09,19,10,24.8,63,23.3,56.0
457759,2026-05-09,19,11,24.8,63,23.2,56.0
457760,2026-05-09,19,12,24.8,63,23.2,56.0
457761,2026-05-09,19,13,24.8,62,23.2,56.0
457762,2026-05-09,19,14,24.8,62,23.1,57.0
457763,2026-05-09,19,15,24.8,62,23.1,57.0
457764,2026-05-09,19,16,24.8,62,23.1,57.0
457765,2026-05-09,19,17,24.8,62,23.1,57.0
457766,2026-05-09,19,18,24.8,62,23.1,58.0
457767,2026-05-09,19,19,24.8,62,23.1,58.0
457768,2026-05-09,19,20,24.8,62,23.1,58.0
457769,2026-05-09,19,21,24.8,63,23.1,58.0
457770,2026-05-09,19,22,24.8,63,23.1,58.0
457771,2026-05-09,19,23,24.8,63,23.1,58.0
457772,2026-05-09,19,24,24.8,63,23.0,58.0
457773,2026-05-09,19,25,24.8,63,23.0,58.0
457774,2026-05-09,19,26,24.8,63,23.0,58.0
457775,2026-05-09,19,27,24.8,63,23.0,58.0
457776,2026-05-09,19,28,24.8,63,23.0,58.0
457777,2026-05-09,19,29,24.8,63,23.0,58.0
457778,2026-05-09,19,30,24.8,63,22.9,58.0
457779,2026-05-09,19,31,24.8,63,22.9,58.0
457780,2026-05-09,19,32,24.8,63,22.9,58.0
457781,2026-05-09,19,33,24.8,63,22.9,58.0
457782,2026-05-09,19,34,24.8,63,22.9,58.0
457783,2026-05-09,19,35,24.8,63,22.9,58.0
457784,2026-05-09,19,36,24.8,64,22.9,58.0
457785,2026-05-09,19,37,24.8,64,22.9,58.0
457786,2026-05-09,19,38,24.8,64,22.8,58.0
457787,2026-05-09,19,39,24.8,64,22.8,58.0
457788,2026-05-09,19,40,24.8,64,22.8,58.0
457789,2026-05-09,19,41,24.8,64,22.8,58.0
457790,2026-05-09,19,42,24.8,64,22.8,58.0
457791,2026-05-09,19,43,24.8,64,22.8,58.0
457792,2026-05-09,19,44,24.8,64,22.7,58.0
457793,2026-05-09,19,45,24.8,64,22.7,58.0
457794,2026-05-09,19,46,24.8,64,22.7,58.0
457795,2026-05-09,19,47,24.8,64,22.7,58.0
457796,2026-05-09,19,48,24.8,65,22.6,59.0
457797,2026-05-09,19,49,24.8,65,22.6,59.0
457798,2026-05-09,19,50,24.8,65,22.6,59.0
457799,2026-05-09,19,51,24.8,65,22.6,59.0
457800,2026-05-09,19,52,24.8,66,22.6,59.0
457801,2026-05-09,19,53,24.8,65,22.6,59.0
457802,2026-05-09,19,54,24.8,65,22.6,59.0
457803,2026-05-09,19,55,24.8,65,22.6,59.0
457804,2026-05-09,19,56,24.8,65,22.6,59.0
457805,2026-05-09,19,57,24.8,65,22.6,59.0
457806,2026-05-09,19,58,24.8,65,22.6,59.0
457807,2026-05-09,19,59,24.8,65,22.6,59.0
457808,2026-05-09,20,00,24.8,65,22.6,59.0
457809,2026-05-09,20,01,24.8,65,22.6,59.0
457810,2026-05-09,20,02,24.8,65,22.6,60.0
457811,2026-05-09,20,03,24.8,65,22.6,60.0
457812,2026-05-09,20,04,24.8,65,22.6,60.0
457813,2026-05-09,20,05,24.8,65,22.6,60.0
457814,2026-05-09,20,06,24.8,65,22.5,60.0
457815,2026-05-09,20,07,24.8,65,22.5,60.0
457816,2026-05-09,20,08,24.8,65,22.5,60.0
457817,2026-05-09,20,09,24.8,65,22.5,60.0
457818,2026-05-09,20,10,24.8,65,22.5,60.0
457819,2026-05-09,20,11,24.8,65,22.5,60.0
457820,2026-05-09,20,12,24.8,65,22.5,60.0
457821,2026-05-09,20,13,24.8,65,22.4,60.0
457822,2026-05-09,20,15,24.8,65,22.4,60.0
457823,2026-05-09,20,16,24.8,65,22.4,60.0
457824,2026-05-09,20,17,24.8,66,22.4,60.0
457825,2026-05-09,20,18,24.8,66,22.4,60.0
457826,2026-05-09,20,19,24.8,66,22.3,60.0
457827,2026-05-09,20,20,24.8,66,22.3,60.0
457828,2026-05-09,20,21,24.8,66,22.3,60.0
457829,2026-05-09,20,22,24.8,66,22.3,60.0
457830,2026-05-09,20,23,24.8,66,22.3,60.0
457831,2026-05-09,20,24,24.8,66,22.3,60.0
457832,2026-05-09,20,25,24.8,66,22.2,60.0
457833,2026-05-09,20,26,24.8,66,22.2,60.0
457834,2026-05-09,20,27,24.8,66,22.2,60.0
457835,2026-05-09,20,28,24.5,66,22.2,60.0
457836,2026-05-09,20,29,24.5,67,22.2,60.0
457837,2026-05-09,20,30,24.5,67,22.2,60.0
457838,2026-05-09,20,31,24.5,67,22.2,60.0
457839,2026-05-09,20,32,24.5,67,22.2,60.0
457840,2026-05-09,20,33,24.5,67,22.2,60.0
457841,2026-05-09,20,34,24.5,67,22.2,60.0
457842,2026-05-09,20,35,24.5,67,22.1,60.0
457843,2026-05-09,20,36,24.5,67,22.1,60.0
457844,2026-05-09,20,37,24.5,67,22.1,60.0
457845,2026-05-09,20,38,24.5,67,22.1,60.0
457846,2026-05-09,20,39,24.5,67,22.1,60.0
457847,2026-05-09,20,40,24.5,67,22.1,61.0
457848,2026-05-09,20,41,24.5,67,22.1,61.0
457849,2026-05-09,20,42,24.5,67,22.0,61.0
457850,2026-05-09,20,43,24.5,67,22.0,61.0
457851,2026-05-09,20,44,24.5,67,22.0,61.0
457852,2026-05-09,20,45,24.5,67,22.0,61.0
457853,2026-05-09,20,46,24.5,67,22.0,61.0
457854,2026-05-09,20,47,24.5,67,22.0,61.0
457855,2026-05-09,20,48,24.5,68,22.0,61.0
457856,2026-05-09,20,49,24.5,67,22.0,61.0
457857,2026-05-09,20,50,24.5,68,21.9,61.0
457858,2026-05-09,20,51,24.5,68,21.9,61.0
457859,2026-05-09,20,52,24.5,68,21.9,61.0
457860,2026-05-09,20,53,24.5,68,21.9,61.0
457861,2026-05-09,20,54,24.5,67,21.8,61.0
457862,2026-05-09,20,55,24.5,67,21.8,61.0
457863,2026-05-09,20,56,24.5,67,21.8,61.0
457864,2026-05-09,20,57,24.5,68,21.8,61.0
457865,2026-05-09,20,58,24.5,68,21.8,61.0
457866,2026-05-09,20,59,24.5,68,21.8,61.0
457867,2026-05-09,21,00,24.5,68,21.8,61.0
457868,2026-05-09,21,01,24.5,68,21.8,61.0
457869,2026-05-09,21,02,24.5,68,21.7,61.0
457870,2026-05-09,21,03,24.5,68,21.7,61.0
457871,2026-05-09,21,04,24.5,67,21.7,61.0
457872,2026-05-09,21,05,24.5,67,21.7,61.0
457873,2026-05-09,21,06,24.5,67,21.7,61.0
457874,2026-05-09,21,07,24.5,67,21.7,61.0
457875,2026-05-09,21,08,24.5,68,21.7,61.0
457876,2026-05-09,21,09,24.5,68,21.7,61.0
457877,2026-05-09,21,10,24.5,67,21.7,61.0
457878,2026-05-09,21,11,24.5,67,21.7,61.0
457879,2026-05-09,21,12,24.5,67,21.7,61.0
457880,2026-05-09,21,13,24.5,68,21.7,61.0
457881,2026-05-09,21,14,24.5,68,21.6,61.0
457882,2026-05-09,21,15,24.5,67,21.6,61.0
457883,2026-05-09,21,16,24.5,67,21.6,61.0
457884,2026-05-09,21,17,24.5,68,21.6,61.0
457885,2026-05-09,21,18,24.5,68,21.6,62.0
457886,2026-05-09,21,19,24.5,68,21.6,62.0
457887,2026-05-09,21,20,24.5,68,21.6,62.0
457888,2026-05-09,21,21,24.5,68,21.6,62.0
457889,2026-05-09,21,22,24.5,68,21.6,62.0
457890,2026-05-09,21,23,24.5,68,21.5,62.0
457891,2026-05-09,21,24,24.4,68,21.6,62.0
457892,2026-05-09,21,25,24.2,68,21.5,62.0
457893,2026-05-09,21,26,24.2,68,21.5,62.0
457894,2026-05-09,21,27,24.2,68,21.5,62.0
457895,2026-05-09,21,28,24.1,68,21.5,62.0
457896,2026-05-09,21,29,24.1,68,21.5,62.0
457897,2026-05-09,21,30,24.1,68,21.5,62.0
457898,2026-05-09,21,31,24.1,68,21.5,62.0
457899,2026-05-09,21,32,24.1,68,21.5,62.0
457900,2026-05-09,21,33,24.1,68,21.4,62.0
457901,2026-05-09,21,34,24.1,68,21.4,62.0
457902,2026-05-09,21,35,24.1,68,21.4,62.0
457903,2026-05-09,21,36,24.1,68,21.4,62.0
457904,2026-05-09,21,37,24.1,68,21.4,62.0
457905,2026-05-09,21,38,24.1,68,21.4,62.0
457906,2026-05-09,21,39,24.1,69,21.4,62.0
457907,2026-05-09,21,40,24.1,68,21.4,62.0
457908,2026-05-09,21,41,24.1,68,21.4,62.0
457909,2026-05-09,21,42,24.1,68,21.3,62.0
457910,2026-05-09,21,43,24.1,68,21.3,62.0
457911,2026-05-09,21,44,24.1,69,21.3,62.0
457912,2026-05-09,21,45,24.1,69,21.3,62.0
457913,2026-05-09,21,46,24.1,69,21.3,62.0
457914,2026-05-09,21,47,24.1,69,21.3,62.0
457915,2026-05-09,21,48,24.1,69,21.3,62.0
457916,2026-05-09,21,49,24.1,69,21.3,62.0
457917,2026-05-09,21,50,24.1,69,21.3,62.0
457918,2026-05-09,21,51,24.1,69,21.2,62.0
457919,2026-05-09,21,52,24.1,68,21.2,62.0
457920,2026-05-09,21,53,24.1,69,21.2,62.0
457921,2026-05-09,21,54,24.1,68,21.2,62.0
457922,2026-05-09,21,55,24.1,68,21.2,62.0
457923,2026-05-09,21,56,24.1,69,21.2,62.0
457924,2026-05-09,21,57,24.1,69,21.2,62.0
457925,2026-05-09,21,58,24.1,69,21.2,62.0
457926,2026-05-09,21,59,24.1,69,21.2,63.0
457927,2026-05-09,22,00,24.1,69,21.2,63.0
457928,2026-05-09,22,01,24.1,69,21.1,63.0
457929,2026-05-09,22,02,24.1,69,21.1,63.0
457930,2026-05-09,22,03,24.1,68,21.1,63.0
457931,2026-05-09,22,04,24.1,68,21.1,63.0
457932,2026-05-09,22,05,24.1,69,21.1,63.0
457933,2026-05-09,22,06,24.1,69,21.1,63.0
457934,2026-05-09,22,07,24.1,69,21.1,63.0
457935,2026-05-09,22,08,24.1,69,21.1,63.0
457936,2026-05-09,22,09,24.1,69,21.1,63.0
457937,2026-05-09,22,10,24.1,69,21.1,63.0
457938,2026-05-09,22,11,24.1,68,21.1,62.0
457939,2026-05-09,22,12,24.1,68,21.1,62.0
457940,2026-05-09,22,13,24.1,68,21.1,62.0
457941,2026-05-09,22,14,24.1,68,21.1,62.0
457942,2026-05-09,22,15,24.1,68,21.1,62.0
457943,2026-05-09,22,16,24.1,68,21.1,62.0
457944,2026-05-09,22,17,24.1,68,21.1,62.0
457945,2026-05-09,22,18,24.1,68,21.1,62.0
457946,2026-05-09,22,19,24.1,68,21.1,62.0
457947,2026-05-09,22,20,23.8,67,21.1,62.0
457948,2026-05-09,22,21,23.8,67,21.1,62.0
457949,2026-05-09,22,22,23.8,66,21.1,62.0
457950,2026-05-09,22,23,23.8,66,21.1,62.0
457951,2026-05-09,22,24,23.8,66,21.1,63.0
457952,2026-05-09,22,25,23.8,66,21.1,63.0
457953,2026-05-09,22,26,23.8,66,21.0,63.0
457954,2026-05-09,22,27,23.8,66,21.0,63.0
457955,2026-05-09,22,28,23.8,66,21.0,63.0
457956,2026-05-09,22,29,23.8,67,21.0,63.0
457957,2026-05-09,22,30,23.8,66,21.0,63.0
457958,2026-05-09,22,31,23.8,66,21.0,63.0
457959,2026-05-09,22,32,23.8,66,21.0,63.0
457960,2026-05-09,22,33,23.8,66,20.9,63.0
457961,2026-05-09,22,34,23.8,66,20.9,63.0
457962,2026-05-09,22,35,23.8,65,20.9,63.0
457963,2026-05-09,22,36,23.8,65,20.9,63.0
457964,2026-05-09,22,37,23.8,65,20.9,63.0
457965,2026-05-09,22,38,23.8,65,20.9,63.0
457966,2026-05-09,22,39,23.8,65,20.9,63.0
457967,2026-05-09,22,40,23.8,65,20.9,63.0
457968,2026-05-09,22,41,23.8,65,20.8,63.0
457969,2026-05-09,22,42,23.8,66,20.8,63.0
457970,2026-05-09,22,43,23.8,66,20.8,63.0
457971,2026-05-09,22,44,23.8,65,20.8,63.0
457972,2026-05-09,22,45,23.8,66,20.8,63.0
457973,2026-05-09,22,46,23.8,65,20.8,63.0
457974,2026-05-09,22,47,23.8,66,20.8,63.0
457975,2026-05-09,22,48,23.8,65,20.8,63.0
457976,2026-05-09,22,49,23.8,65,20.8,63.0
457977,2026-05-09,22,50,23.8,65,20.8,63.0
457978,2026-05-09,22,51,23.8,64,20.8,63.0
457979,2026-05-09,22,52,23.8,64,20.8,63.0
457980,2026-05-09,22,53,23.8,64,20.8,63.0
457981,2026-05-09,22,54,23.8,64,20.8,63.0
457982,2026-05-09,22,55,23.8,65,20.8,63.0
457983,2026-05-09,22,56,23.8,65,20.8,63.0
457984,2026-05-09,22,57,23.8,65,20.8,63.0
457985,2026-05-09,22,58,23.8,66,20.8,63.0
457986,2026-05-09,22,59,23.8,66,20.7,63.0
457987,2026-05-09,23,00,23.8,65,20.8,63.0
457988,2026-05-09,23,01,23.8,65,20.8,63.0
457989,2026-05-09,23,02,23.8,65,20.8,63.0
457990,2026-05-09,23,03,23.8,65,20.8,63.0
457991,2026-05-09,23,04,23.8,64,20.7,63.0
457992,2026-05-09,23,05,23.8,64,20.7,63.0
457993,2026-05-09,23,06,23.8,64,20.8,63.0
457994,2026-05-09,23,07,23.8,64,20.7,63.0
457995,2026-05-09,23,08,23.8,65,20.7,63.0
457996,2026-05-09,23,09,23.8,65,20.7,63.0
457997,2026-05-09,23,10,23.8,65,20.7,63.0
457998,2026-05-09,23,11,23.8,66,20.7,63.0
457999,2026-05-09,23,12,23.8,66,20.7,63.0
458000,2026-05-09,23,13,23.8,66,20.7,63.0
458001,2026-05-09,23,14,23.8,67,20.7,63.0
458002,2026-05-09,23,15,23.8,67,20.7,63.0
458003,2026-05-09,23,16,23.8,67,20.6,63.0
458004,2026-05-09,23,17,23.8,67,20.6,63.0
458005,2026-05-09,23,18,23.8,68,20.6,63.0
458006,2026-05-09,23,19,23.7,68,20.6,63.0
458007,2026-05-09,23,20,23.7,68,20.6,63.0
458008,2026-05-09,23,21,23.5,68,20.6,64.0
458009,2026-05-09,23,22,23.4,69,20.6,64.0
458010,2026-05-09,23,23,23.4,69,20.6,64.0
458011,2026-05-09,23,24,23.4,69,20.6,64.0
458012,2026-05-09,23,25,23.4,69,20.6,64.0
458013,2026-05-09,23,26,23.4,69,20.6,64.0
458014,2026-05-09,23,27,23.4,69,20.6,64.0
458015,2026-05-09,23,28,23.4,69,20.6,64.0
458016,2026-05-09,23,29,23.4,69,20.6,64.0
458017,2026-05-09,23,30,23.4,69,20.6,64.0
458018,2026-05-09,23,31,23.4,69,20.6,64.0
458019,2026-05-09,23,32,23.4,69,20.6,64.0
458020,2026-05-09,23,33,23.4,69,20.6,64.0
458021,2026-05-09,23,34,23.4,69,20.5,64.0
458022,2026-05-09,23,35,23.4,69,20.5,64.0
458023,2026-05-09,23,36,23.4,69,20.5,64.0
458024,2026-05-09,23,37,23.4,69,20.5,64.0
458025,2026-05-09,23,38,23.4,69,20.5,64.0
458026,2026-05-09,23,39,23.4,69,20.5,64.0
458027,2026-05-09,23,40,23.4,69,20.5,64.0
458028,2026-05-09,23,41,23.4,69,20.5,64.0
458029,2026-05-09,23,42,23.4,69,20.5,64.0
458030,2026-05-09,23,43,23.4,69,20.5,65.0
458031,2026-05-09,23,44,23.4,69,20.5,65.0
458032,2026-05-09,23,45,23.4,69,20.4,65.0
458033,2026-05-09,23,46,23.4,69,20.4,65.0
458034,2026-05-09,23,47,23.4,69,20.4,65.0
458035,2026-05-09,23,48,23.4,69,20.4,65.0
458036,2026-05-09,23,49,23.4,69,20.4,65.0
458037,2026-05-09,23,50,23.4,69,20.4,65.0
458038,2026-05-09,23,51,23.4,69,20.4,65.0
458039,2026-05-09,23,52,23.4,69,20.4,65.0
458040,2026-05-09,23,53,23.4,69,20.3,65.0
458041,2026-05-09,23,54,23.4,69,20.3,65.0
458042,2026-05-09,23,55,23.4,69,20.3,65.0
458043,2026-05-09,23,56,23.4,69,20.3,66.0
458044,2026-05-09,23,57,23.4,69,20.3,66.0
458045,2026-05-09,23,58,23.4,69,20.3,66.0
458046,2026-05-09,23,59,23.4,69,20.3,66.0
458047,2026-05-10,00,00,23.4,69,20.3,66.0
458048,2026-05-10,00,01,23.4,69,20.2,66.0
458049,2026-05-10,00,02,23.4,69,20.2,66.0
458050,2026-05-10,00,03,23.4,69,20.2,66.0
458051,2026-05-10,00,04,23.4,69,20.2,66.0
458052,2026-05-10,00,05,23.4,69,20.2,66.0
458053,2026-05-10,00,06,23.4,69,20.2,66.0
458054,2026-05-10,00,07,23.4,69,20.2,66.0
458055,2026-05-10,00,08,23.4,69,20.2,66.0
458056,2026-05-10,00,09,23.4,69,20.1,66.0
458057,2026-05-10,00,10,23.4,69,20.1,66.0
458058,2026-05-10,00,11,23.4,69,20.1,66.0
458059,2026-05-10,00,12,23.4,69,20.1,66.0
458060,2026-05-10,00,13,23.4,69,20.1,66.0
458061,2026-05-10,00,14,23.4,69,20.1,66.0
458062,2026-05-10,00,15,23.4,69,20.1,66.0
458063,2026-05-10,00,16,23.4,69,20.1,66.0
458064,2026-05-10,00,17,23.3,69,20.1,66.0
458065,2026-05-10,00,18,23.1,69,20.1,66.0
458066,2026-05-10,00,19,23.0,69,20.0,67.0
458067,2026-05-10,00,20,23.0,69,20.0,67.0
458068,2026-05-10,00,21,23.0,69,20.0,67.0
458069,2026-05-10,00,22,23.0,69,20.0,67.0
458070,2026-05-10,00,23,23.0,69,20.0,67.0
458071,2026-05-10,00,24,23.0,69,20.0,67.0
458072,2026-05-10,00,25,23.0,69,20.0,67.0
458073,2026-05-10,00,26,23.0,69,20.0,67.0
458074,2026-05-10,00,27,23.0,69,20.0,67.0
458075,2026-05-10,00,28,23.0,69,20.0,67.0
458076,2026-05-10,00,29,23.0,69,20.0,67.0
458077,2026-05-10,00,30,23.0,69,19.9,67.0
458078,2026-05-10,00,31,23.0,69,19.9,67.0
458079,2026-05-10,00,32,23.0,69,19.9,67.0
458080,2026-05-10,00,33,23.0,69,19.9,67.0
458081,2026-05-10,00,34,23.0,69,19.9,67.0
458082,2026-05-10,00,35,23.0,69,19.9,67.0
458083,2026-05-10,00,36,23.0,69,19.9,67.0
458084,2026-05-10,00,37,23.0,69,19.9,67.0
458085,2026-05-10,00,38,23.0,69,19.8,67.0
458086,2026-05-10,00,39,23.0,69,19.8,67.0
458087,2026-05-10,00,40,23.0,69,19.8,67.0
458088,2026-05-10,00,41,23.0,69,19.9,67.0
458089,2026-05-10,00,42,23.0,69,19.8,67.0
458090,2026-05-10,00,43,23.0,69,19.8,67.0
458091,2026-05-10,00,44,23.0,69,19.8,67.0
458092,2026-05-10,00,45,23.0,69,19.8,67.0
458093,2026-05-10,00,46,23.0,69,19.8,67.0
458094,2026-05-10,00,47,23.0,69,19.8,67.0
458095,2026-05-10,00,48,23.0,69,19.7,67.0
458096,2026-05-10,00,49,23.0,69,19.7,67.0
458097,2026-05-10,00,50,23.0,69,19.7,67.0
458098,2026-05-10,00,51,23.0,69,19.7,67.0
458099,2026-05-10,00,52,23.0,69,19.7,67.0
458100,2026-05-10,00,53,23.0,69,19.7,67.0
458101,2026-05-10,00,54,23.0,69,19.7,67.0
458102,2026-05-10,00,55,23.0,69,19.7,67.0
458103,2026-05-10,00,56,23.0,69,19.7,67.0
458104,2026-05-10,00,57,23.0,69,19.7,67.0
458105,2026-05-10,00,58,23.0,69,19.7,67.0
458106,2026-05-10,00,59,23.0,69,19.7,67.0
458107,2026-05-10,01,00,23.0,69,19.7,67.0
458108,2026-05-10,01,01,23.0,69,19.7,67.0
458109,2026-05-10,01,02,23.0,69,19.7,67.0
458110,2026-05-10,01,03,23.0,69,19.6,67.0
458111,2026-05-10,01,04,23.0,69,19.6,67.0
458112,2026-05-10,01,05,23.0,69,19.6,67.0
458113,2026-05-10,01,06,23.0,69,19.6,67.0
458114,2026-05-10,01,07,23.0,69,19.6,67.0
458115,2026-05-10,01,08,23.0,69,19.6,67.0
458116,2026-05-10,01,09,23.0,69,19.6,67.0
458117,2026-05-10,01,10,23.0,68,19.6,67.0
458118,2026-05-10,01,11,22.7,68,19.6,67.0
458119,2026-05-10,01,12,22.7,68,19.6,67.0
458120,2026-05-10,01,13,22.7,68,19.6,67.0
458121,2026-05-10,01,14,22.6,68,19.6,67.0
458122,2026-05-10,01,15,22.6,68,19.6,67.0
458123,2026-05-10,01,16,22.6,68,19.6,67.0
458124,2026-05-10,01,17,22.6,68,19.6,67.0
458125,2026-05-10,01,18,22.6,68,19.6,67.0
458126,2026-05-10,01,19,22.6,68,19.6,67.0
458127,2026-05-10,01,20,22.6,68,19.6,67.0
458128,2026-05-10,01,21,22.6,68,19.6,67.0
458129,2026-05-10,01,22,22.6,68,19.6,67.0
458130,2026-05-10,01,23,22.6,68,19.6,67.0
458131,2026-05-10,01,24,22.6,68,19.6,67.0
458132,2026-05-10,01,25,22.6,68,19.5,67.0
458133,2026-05-10,01,26,22.6,68,19.5,67.0
458134,2026-05-10,01,27,22.6,68,19.5,67.0
458135,2026-05-10,01,28,22.6,68,19.5,67.0
458136,2026-05-10,01,29,22.6,68,19.5,67.0
458137,2026-05-10,01,30,22.6,68,19.5,67.0
458138,2026-05-10,01,31,22.6,68,19.5,67.0
458139,2026-05-10,01,32,22.6,68,19.5,67.0
458140,2026-05-10,01,33,22.6,68,19.5,67.0
458141,2026-05-10,01,34,22.6,68,19.5,67.0
458142,2026-05-10,01,35,22.6,68,19.5,67.0
458143,2026-05-10,01,36,22.6,68,19.5,68.0
458144,2026-05-10,01,37,22.6,68,19.5,67.0
458145,2026-05-10,01,38,22.6,68,19.5,67.0
458146,2026-05-10,01,39,22.6,68,19.5,67.0
458147,2026-05-10,01,40,22.6,68,19.4,67.0
458148,2026-05-10,01,41,22.6,68,19.4,67.0
458149,2026-05-10,01,42,22.6,68,19.4,67.0
458150,2026-05-10,01,43,22.6,68,19.4,67.0
458151,2026-05-10,01,44,22.6,68,19.4,67.0
458152,2026-05-10,01,45,22.6,68,19.4,67.0
458153,2026-05-10,01,46,22.6,68,19.4,67.0
458154,2026-05-10,01,47,22.6,68,19.4,67.0
458155,2026-05-10,01,48,22.6,68,19.4,67.0
458156,2026-05-10,01,49,22.6,68,19.4,68.0
458157,2026-05-10,01,50,22.6,68,19.4,67.0
458158,2026-05-10,01,51,22.6,68,19.4,67.0
458159,2026-05-10,01,52,22.6,68,19.4,67.0
458160,2026-05-10,01,53,22.6,68,19.4,67.0
458161,2026-05-10,01,54,22.6,68,19.4,67.0
458162,2026-05-10,01,55,22.6,68,19.3,67.0
458163,2026-05-10,01,56,22.6,68,19.3,67.0
458164,2026-05-10,01,57,22.6,68,19.3,67.0
458165,2026-05-10,01,58,22.6,68,19.3,67.0
458166,2026-05-10,01,59,22.6,68,19.3,67.0
458167,2026-05-10,02,00,22.6,68,19.3,67.0
458168,2026-05-10,02,01,22.6,68,19.3,67.0
458169,2026-05-10,02,02,22.3,68,19.3,67.0
458170,2026-05-10,02,03,22.3,68,19.2,67.0
458171,2026-05-10,02,04,22.2,68,19.2,67.0
458172,2026-05-10,02,05,22.2,68,19.2,67.0
458173,2026-05-10,02,06,22.2,68,19.2,67.0
458174,2026-05-10,02,07,22.2,68,19.2,67.0
458175,2026-05-10,02,08,22.2,68,19.2,67.0
458176,2026-05-10,02,09,22.2,68,19.2,67.0
458177,2026-05-10,02,10,22.2,68,19.2,67.0
458178,2026-05-10,02,11,22.2,68,19.2,67.0
458179,2026-05-10,02,12,22.2,68,19.2,67.0
458180,2026-05-10,02,13,22.2,68,19.2,67.0
458181,2026-05-10,02,14,22.2,68,19.2,67.0
458182,2026-05-10,02,15,22.2,68,19.1,67.0
458183,2026-05-10,02,16,22.2,68,19.1,67.0
458184,2026-05-10,02,17,22.2,68,19.1,67.0
458185,2026-05-10,02,18,22.2,68,19.1,67.0
458186,2026-05-10,02,19,22.2,68,19.1,67.0
458187,2026-05-10,02,20,22.2,68,19.1,67.0
458188,2026-05-10,02,21,22.2,68,19.1,67.0
458189,2026-05-10,02,22,22.2,68,19.1,67.0
458190,2026-05-10,02,23,22.2,67,19.1,67.0
458191,2026-05-10,02,24,22.2,67,19.1,67.0
458192,2026-05-10,02,25,22.2,67,19.1,67.0
458193,2026-05-10,02,26,22.2,68,19.1,67.0
458194,2026-05-10,02,27,22.2,68,19.1,67.0
458195,2026-05-10,02,28,22.2,68,19.0,67.0
458196,2026-05-10,02,29,22.2,68,19.0,67.0
458197,2026-05-10,02,30,22.2,68,19.1,67.0
458198,2026-05-10,02,31,22.2,68,19.0,67.0
458199,2026-05-10,02,32,22.2,68,19.0,67.0
458200,2026-05-10,02,33,22.2,68,19.0,67.0
458201,2026-05-10,02,34,22.2,68,19.0,67.0
458202,2026-05-10,02,35,22.2,68,19.0,67.0
458203,2026-05-10,02,36,22.2,68,19.0,67.0
458204,2026-05-10,02,37,22.2,68,19.0,67.0
458205,2026-05-10,02,38,22.2,68,19.0,68.0
458206,2026-05-10,02,39,22.2,68,19.0,68.0
458207,2026-05-10,02,40,22.2,68,19.0,68.0
458208,2026-05-10,02,41,22.2,68,19.0,68.0
458209,2026-05-10,02,42,22.2,68,19.0,68.0
458210,2026-05-10,02,43,22.2,68,19.0,68.0
458211,2026-05-10,02,44,22.2,68,19.0,68.0
458212,2026-05-10,02,45,22.2,68,19.0,68.0
458213,2026-05-10,02,46,22.2,68,19.0,68.0
458214,2026-05-10,02,47,22.2,68,19.0,68.0
458215,2026-05-10,02,48,22.2,68,18.9,68.0
458216,2026-05-10,02,49,22.2,68,18.9,68.0
458217,2026-05-10,02,50,22.2,68,18.9,68.0
458218,2026-05-10,02,51,22.2,68,18.9,68.0
458219,2026-05-10,02,52,22.2,68,18.9,68.0
458220,2026-05-10,02,53,22.2,68,18.9,68.0
458221,2026-05-10,02,54,22.2,68,18.9,67.0
458222,2026-05-10,02,55,22.2,68,18.9,67.0
458223,2026-05-10,02,56,22.2,68,18.9,67.0
458224,2026-05-10,02,57,21.9,68,18.9,67.0
458225,2026-05-10,02,58,21.9,68,18.9,67.0
458226,2026-05-10,02,59,21.9,68,18.9,67.0
458227,2026-05-10,03,00,21.8,68,18.9,67.0
458228,2026-05-10,03,01,21.8,68,18.9,67.0
458229,2026-05-10,03,02,21.8,68,18.9,67.0
458230,2026-05-10,03,03,21.8,68,18.9,68.0
458231,2026-05-10,03,04,21.8,68,18.9,67.0
458232,2026-05-10,03,05,21.8,68,18.8,67.0
458233,2026-05-10,03,06,21.8,68,18.9,67.0
458234,2026-05-10,03,07,21.8,68,18.9,67.0
458235,2026-05-10,03,08,21.8,68,18.9,67.0
458236,2026-05-10,03,09,21.8,68,18.8,68.0
458237,2026-05-10,03,10,21.8,68,18.8,67.0
458238,2026-05-10,03,11,21.8,68,18.8,68.0
458239,2026-05-10,03,12,21.8,68,18.8,68.0
458240,2026-05-10,03,13,21.8,68,18.8,68.0
458241,2026-05-10,03,14,21.8,68,18.8,67.0
458242,2026-05-10,03,15,21.8,68,18.8,67.0
458243,2026-05-10,03,16,21.8,68,18.8,68.0
458244,2026-05-10,03,17,21.8,68,18.8,67.0
458245,2026-05-10,03,18,21.8,68,18.8,67.0
458246,2026-05-10,03,19,21.8,68,18.8,67.0
458247,2026-05-10,03,20,21.8,68,18.8,67.0
458248,2026-05-10,03,21,21.8,68,18.8,67.0
458249,2026-05-10,03,22,21.8,68,18.8,67.0
458250,2026-05-10,03,23,21.8,68,18.8,67.0
458251,2026-05-10,03,24,21.8,68,18.8,67.0
458252,2026-05-10,03,25,21.8,68,18.8,67.0
458253,2026-05-10,03,26,21.8,68,18.7,67.0
458254,2026-05-10,03,27,21.8,68,18.7,67.0
458255,2026-05-10,03,28,21.8,68,18.7,67.0
458256,2026-05-10,03,29,21.8,68,18.7,67.0
458257,2026-05-10,03,30,21.8,68,18.7,67.0
458258,2026-05-10,03,31,21.8,68,18.7,67.0
458259,2026-05-10,03,32,21.8,68,18.7,67.0
458260,2026-05-10,03,33,21.8,68,18.7,67.0
458261,2026-05-10,03,34,21.8,68,18.7,67.0
458262,2026-05-10,03,35,21.8,68,18.7,67.0
458263,2026-05-10,03,36,21.8,68,18.7,67.0
458264,2026-05-10,03,37,21.8,68,18.7,67.0
458265,2026-05-10,03,38,21.8,68,18.7,67.0
458266,2026-05-10,03,39,21.8,68,18.7,68.0
458267,2026-05-10,03,40,21.8,68,18.7,68.0
458268,2026-05-10,03,41,21.8,68,18.6,67.0
458269,2026-05-10,03,42,21.8,68,18.6,67.0
458270,2026-05-10,03,43,21.8,68,18.6,67.0
458271,2026-05-10,03,44,21.8,68,18.6,68.0
458272,2026-05-10,03,45,21.8,68,18.6,68.0
458273,2026-05-10,03,46,21.8,68,18.6,68.0
458274,2026-05-10,03,47,21.8,68,18.6,68.0
458275,2026-05-10,03,48,21.8,68,18.6,68.0
458276,2026-05-10,03,49,21.8,68,18.5,68.0
458277,2026-05-10,03,50,21.8,68,18.5,68.0
458278,2026-05-10,03,51,21.8,68,18.5,68.0
458279,2026-05-10,03,52,21.8,68,18.5,68.0
458280,2026-05-10,03,53,21.5,68,18.5,68.0
458281,2026-05-10,03,54,21.5,68,18.5,68.0
458282,2026-05-10,03,55,21.4,68,18.5,68.0
458283,2026-05-10,03,56,21.5,68,18.5,68.0
458284,2026-05-10,03,57,21.4,68,18.5,68.0
458285,2026-05-10,03,58,21.4,68,18.5,68.0
458286,2026-05-10,03,59,21.4,68,18.5,68.0
458287,2026-05-10,04,00,21.4,68,18.5,68.0
458288,2026-05-10,04,01,21.4,68,18.5,68.0
458289,2026-05-10,04,02,21.4,68,18.5,68.0
458290,2026-05-10,04,03,21.4,68,18.5,68.0
458291,2026-05-10,04,04,21.4,68,18.5,68.0
458292,2026-05-10,04,05,21.4,68,18.5,68.0
458293,2026-05-10,04,06,21.4,68,18.5,68.0
458294,2026-05-10,04,07,21.4,68,18.5,68.0
458295,2026-05-10,04,08,21.4,68,18.5,68.0
458296,2026-05-10,04,09,21.4,68,18.5,68.0
458297,2026-05-10,04,10,21.4,68,18.5,68.0
458298,2026-05-10,04,11,21.4,68,18.5,68.0
458299,2026-05-10,04,12,21.4,68,18.5,68.0
458300,2026-05-10,04,13,21.4,68,18.5,68.0
458301,2026-05-10,04,14,21.4,68,18.5,68.0
458302,2026-05-10,04,16,21.4,68,18.5,68.0
458303,2026-05-10,04,17,21.4,68,18.5,68.0
458304,2026-05-10,04,18,21.4,68,18.5,68.0
458305,2026-05-10,04,19,21.4,68,18.5,68.0
458306,2026-05-10,04,20,21.4,68,18.4,68.0
458307,2026-05-10,04,21,21.4,68,18.4,68.0
458308,2026-05-10,04,22,21.4,68,18.4,68.0
458309,2026-05-10,04,23,21.4,68,18.4,68.0
458310,2026-05-10,04,24,21.4,68,18.4,68.0
458311,2026-05-10,04,25,21.4,68,18.4,68.0
458312,2026-05-10,04,26,21.4,68,18.4,68.0
458313,2026-05-10,04,27,21.4,68,18.4,68.0
458314,2026-05-10,04,28,21.4,68,18.4,68.0
458315,2026-05-10,04,29,21.4,68,18.4,68.0
458316,2026-05-10,04,30,21.4,68,18.4,68.0
458317,2026-05-10,04,31,21.4,68,18.3,68.0
458318,2026-05-10,04,32,21.4,68,18.4,68.0
458319,2026-05-10,04,33,21.4,68,18.4,68.0
458320,2026-05-10,04,34,21.4,68,18.3,68.0
458321,2026-05-10,04,35,21.4,68,18.4,68.0
458322,2026-05-10,04,36,21.4,68,18.3,68.0
458323,2026-05-10,04,37,21.4,68,18.4,68.0
458324,2026-05-10,04,38,21.4,68,18.4,68.0
458325,2026-05-10,04,39,21.4,68,18.3,68.0
458326,2026-05-10,04,40,21.4,68,18.3,68.0
458327,2026-05-10,04,41,21.4,68,18.3,68.0
458328,2026-05-10,04,42,21.4,68,18.3,68.0
458329,2026-05-10,04,43,21.4,68,18.3,68.0
458330,2026-05-10,04,44,21.4,68,18.3,68.0
458331,2026-05-10,04,45,21.4,68,18.3,68.0
458332,2026-05-10,04,46,21.4,68,18.3,68.0
458333,2026-05-10,04,47,21.4,68,18.3,68.0
458334,2026-05-10,04,48,21.4,68,18.3,68.0
458335,2026-05-10,04,49,21.4,68,18.3,68.0
458336,2026-05-10,04,50,21.4,68,18.3,68.0
458337,2026-05-10,04,51,21.4,68,18.3,68.0
458338,2026-05-10,04,52,21.4,68,18.3,68.0
458339,2026-05-10,04,53,21.4,68,18.3,68.0
458340,2026-05-10,04,54,21.4,68,18.3,68.0
458341,2026-05-10,04,55,21.4,68,18.3,68.0
458342,2026-05-10,04,56,21.4,68,18.3,68.0
458343,2026-05-10,04,57,21.4,68,18.3,68.0
458344,2026-05-10,04,58,21.4,68,18.2,68.0
458345,2026-05-10,04,59,21.4,68,18.2,68.0
458346,2026-05-10,05,00,21.4,68,18.2,68.0
458347,2026-05-10,05,01,21.4,68,18.3,68.0
458348,2026-05-10,05,02,21.4,68,18.2,68.0
458349,2026-05-10,05,03,21.4,68,18.2,68.0
458350,2026-05-10,05,04,21.4,68,18.2,68.0
458351,2026-05-10,05,05,21.4,68,18.2,68.0
458352,2026-05-10,05,06,21.4,68,18.2,68.0
458353,2026-05-10,05,07,21.4,68,18.2,68.0
458354,2026-05-10,05,08,21.4,68,18.2,68.0
458355,2026-05-10,05,09,21.1,68,18.2,68.0
458356,2026-05-10,05,10,21.0,68,18.2,68.0
458357,2026-05-10,05,11,21.0,68,18.1,68.0
458358,2026-05-10,05,12,21.0,68,18.1,68.0
458359,2026-05-10,05,13,21.0,68,18.1,68.0
458360,2026-05-10,05,14,21.0,68,18.1,68.0
458361,2026-05-10,05,15,21.0,68,18.1,68.0
458362,2026-05-10,05,16,21.0,68,18.1,68.0
458363,2026-05-10,05,17,21.0,68,18.1,68.0
458364,2026-05-10,05,18,21.0,68,18.1,68.0
458365,2026-05-10,05,19,21.0,68,18.1,68.0
458366,2026-05-10,05,20,21.0,68,18.1,68.0
458367,2026-05-10,05,21,21.0,68,18.1,68.0
458368,2026-05-10,05,22,21.0,68,18.1,68.0
458369,2026-05-10,05,23,21.0,68,18.1,68.0
458370,2026-05-10,05,24,21.0,68,18.0,68.0
458371,2026-05-10,05,25,21.0,68,18.0,68.0
458372,2026-05-10,05,26,21.0,68,18.0,68.0
458373,2026-05-10,05,27,21.0,68,18.0,68.0
458374,2026-05-10,05,28,21.0,68,18.0,68.0
458375,2026-05-10,05,29,21.0,68,18.0,68.0
458376,2026-05-10,05,30,21.0,68,18.0,68.0
458377,2026-05-10,05,31,21.0,68,18.0,68.0
458378,2026-05-10,05,32,21.0,68,18.0,68.0
458379,2026-05-10,05,33,21.0,68,18.0,68.0
458380,2026-05-10,05,34,21.0,68,18.0,68.0
458381,2026-05-10,05,35,21.0,68,18.0,68.0
458382,2026-05-10,05,36,21.0,68,18.0,68.0
458383,2026-05-10,05,37,21.0,68,18.0,68.0
458384,2026-05-10,05,38,21.0,68,18.0,68.0
458385,2026-05-10,05,39,21.0,68,18.0,68.0
458386,2026-05-10,05,40,21.0,68,18.0,68.0
458387,2026-05-10,05,41,21.0,68,18.0,68.0
458388,2026-05-10,05,42,21.0,68,18.0,68.0
458389,2026-05-10,05,43,21.0,68,18.0,68.0
458390,2026-05-10,05,44,21.0,68,18.0,68.0
458391,2026-05-10,05,45,21.0,68,18.0,68.0
458392,2026-05-10,05,46,21.0,68,18.0,68.0
458393,2026-05-10,05,47,21.0,68,18.0,68.0
458394,2026-05-10,05,48,21.0,68,18.0,68.0
458395,2026-05-10,05,49,21.0,68,18.0,68.0
458396,2026-05-10,05,50,21.0,68,17.9,68.0
458397,2026-05-10,05,51,21.0,68,18.0,68.0
458398,2026-05-10,05,52,21.0,68,18.0,68.0
458399,2026-05-10,05,53,21.0,68,18.0,68.0
458400,2026-05-10,05,54,21.0,68,18.0,68.0
458401,2026-05-10,05,55,21.0,68,17.9,68.0
458402,2026-05-10,05,56,21.0,68,18.0,68.0
458403,2026-05-10,05,57,21.0,68,17.9,68.0
458404,2026-05-10,05,58,21.0,68,17.9,68.0
458405,2026-05-10,05,59,21.0,68,17.9,68.0
458406,2026-05-10,06,00,21.0,68,17.9,68.0
458407,2026-05-10,06,01,21.0,68,17.9,68.0
458408,2026-05-10,06,02,21.0,68,17.9,68.0
458409,2026-05-10,06,03,21.0,68,18.0,68.0
458410,2026-05-10,06,04,21.0,68,18.0,68.0
458411,2026-05-10,06,05,21.0,68,17.9,68.0
458412,2026-05-10,06,06,21.0,68,17.9,68.0
458413,2026-05-10,06,07,21.0,68,18.0,68.0
458414,2026-05-10,06,08,21.0,68,18.0,68.0
458415,2026-05-10,06,09,21.0,68,18.0,68.0
458416,2026-05-10,06,10,21.0,68,18.0,68.0
458417,2026-05-10,06,11,21.0,68,18.0,68.0
458418,2026-05-10,06,12,21.0,68,18.0,68.0
458419,2026-05-10,06,13,21.0,68,18.0,68.0
458420,2026-05-10,06,14,21.0,68,18.0,68.0
458421,2026-05-10,06,15,21.0,68,17.9,68.0
458422,2026-05-10,06,16,21.0,68,17.9,68.0
458423,2026-05-10,06,17,21.0,68,18.0,68.0
458424,2026-05-10,06,18,21.0,68,18.0,68.0
458425,2026-05-10,06,19,21.0,68,17.9,68.0
458426,2026-05-10,06,20,21.0,68,18.0,68.0
458427,2026-05-10,06,21,21.0,68,18.0,68.0
458428,2026-05-10,06,22,21.0,68,18.0,68.0
458429,2026-05-10,06,23,21.0,68,18.0,68.0
458430,2026-05-10,06,24,21.0,68,18.0,68.0
458431,2026-05-10,06,25,21.0,68,18.0,68.0
458432,2026-05-10,06,26,21.0,68,18.0,68.0
458433,2026-05-10,06,27,21.0,68,18.0,68.0
458434,2026-05-10,06,28,21.0,68,18.0,68.0
458435,2026-05-10,06,29,21.0,68,18.0,68.0
458436,2026-05-10,06,30,21.0,68,18.0,68.0
458437,2026-05-10,06,31,21.0,68,18.0,68.0
458438,2026-05-10,06,32,21.0,68,18.0,68.0
458439,2026-05-10,06,33,21.0,68,18.0,68.0
458440,2026-05-10,06,34,21.0,68,18.0,68.0
458441,2026-05-10,06,35,20.8,69,18.0,67.0
458442,2026-05-10,06,36,20.7,69,18.0,67.0
458443,2026-05-10,06,37,20.6,69,18.0,67.0
458444,2026-05-10,06,38,20.6,69,18.1,67.0
458445,2026-05-10,06,39,20.6,69,18.1,67.0
458446,2026-05-10,06,40,20.6,69,18.1,67.0
458447,2026-05-10,06,41,20.6,69,18.1,67.0
458448,2026-05-10,06,42,20.6,69,18.1,67.0
458449,2026-05-10,06,43,20.6,69,18.1,67.0
458450,2026-05-10,06,44,20.6,69,18.1,67.0
458451,2026-05-10,06,45,20.6,69,18.1,67.0
458452,2026-05-10,06,46,20.6,69,18.1,67.0
458453,2026-05-10,06,47,20.6,69,18.2,67.0
458454,2026-05-10,06,48,20.6,69,18.2,67.0
458455,2026-05-10,06,49,20.6,69,18.2,67.0
458456,2026-05-10,06,50,20.6,69,18.2,67.0
458457,2026-05-10,06,51,20.6,69,18.3,67.0
458458,2026-05-10,06,52,20.6,68,18.3,67.0
458459,2026-05-10,06,53,20.6,68,18.3,67.0
458460,2026-05-10,06,54,20.6,68,18.3,66.0
458461,2026-05-10,06,55,20.6,68,18.3,66.0
458462,2026-05-10,06,56,20.6,68,18.3,66.0
458463,2026-05-10,06,57,20.6,67,18.3,66.0
458464,2026-05-10,06,58,20.6,67,18.3,66.0
458465,2026-05-10,06,59,20.6,67,18.3,66.0
458466,2026-05-10,07,00,20.6,67,18.3,66.0
458467,2026-05-10,07,01,20.6,67,18.3,66.0
458468,2026-05-10,07,02,20.6,67,18.3,66.0
458469,2026-05-10,07,03,20.6,67,18.4,66.0
458470,2026-05-10,07,04,20.6,67,18.4,66.0
458471,2026-05-10,07,05,20.6,67,18.4,66.0
458472,2026-05-10,07,06,20.6,67,18.4,66.0
458473,2026-05-10,07,07,20.6,67,18.5,66.0
458474,2026-05-10,07,08,20.6,67,18.5,66.0
458475,2026-05-10,07,09,20.6,68,18.5,66.0
458476,2026-05-10,07,10,20.6,68,18.6,66.0
458477,2026-05-10,07,11,20.6,68,18.6,66.0
458478,2026-05-10,07,12,20.6,68,18.6,66.0
458479,2026-05-10,07,13,20.6,68,18.6,66.0
458480,2026-05-10,07,14,20.6,68,18.7,66.0
458481,2026-05-10,07,15,20.6,69,18.7,66.0
458482,2026-05-10,07,16,20.6,69,18.8,66.0
458483,2026-05-10,07,17,20.6,69,18.8,66.0
458484,2026-05-10,07,18,20.6,69,18.9,66.0
458485,2026-05-10,07,19,20.6,69,18.9,66.0
458486,2026-05-10,07,20,20.7,70,18.9,66.0
458487,2026-05-10,07,21,20.7,70,18.9,66.0
458488,2026-05-10,07,22,20.7,70,18.9,66.0
458489,2026-05-10,07,23,20.7,70,18.9,66.0
458490,2026-05-10,07,24,20.7,70,18.9,66.0
458491,2026-05-10,07,25,20.7,70,18.9,66.0
458492,2026-05-10,07,26,20.6,70,18.9,66.0
458493,2026-05-10,07,27,20.6,70,18.9,66.0
458494,2026-05-10,07,28,20.7,70,18.9,66.0
458495,2026-05-10,07,29,20.7,70,18.9,66.0
458496,2026-05-10,07,30,20.7,70,18.9,66.0
458497,2026-05-10,07,31,21.0,69,18.9,66.0
458498,2026-05-10,07,32,20.8,70,18.9,66.0
458499,2026-05-10,07,33,20.7,70,18.9,66.0
458500,2026-05-10,07,34,20.6,70,19.0,66.0
458501,2026-05-10,07,35,20.7,70,19.0,66.0
458502,2026-05-10,07,36,20.8,70,19.1,66.0
458503,2026-05-10,07,37,21.0,69,19.1,66.0
458504,2026-05-10,07,38,21.0,69,19.2,65.0
458505,2026-05-10,07,39,20.8,70,19.3,65.0
458506,2026-05-10,07,40,20.8,70,19.3,65.0
458507,2026-05-10,07,41,20.6,70,19.3,65.0
458508,2026-05-10,07,42,20.6,70,19.4,65.0
458509,2026-05-10,07,43,20.6,70,19.5,65.0
458510,2026-05-10,07,44,20.6,70,19.5,64.0
458511,2026-05-10,07,45,20.7,70,19.6,64.0
458512,2026-05-10,07,46,20.6,70,19.6,64.0
458513,2026-05-10,07,47,20.6,70,19.6,64.0
458514,2026-05-10,07,48,20.6,70,19.6,64.0
458515,2026-05-10,07,49,20.8,70,19.6,64.0
458516,2026-05-10,07,50,21.0,69,19.6,64.0
458517,2026-05-10,07,51,20.8,70,19.6,64.0
458518,2026-05-10,07,52,21.0,69,19.6,64.0
458519,2026-05-10,07,53,20.9,70,19.7,64.0
458520,2026-05-10,07,54,21.0,69,19.7,64.0
458521,2026-05-10,07,55,21.0,69,19.8,64.0
458522,2026-05-10,07,56,21.0,69,19.9,63.0
458523,2026-05-10,07,57,21.0,69,20.0,63.0
458524,2026-05-10,07,58,21.0,69,20.0,63.0
458525,2026-05-10,07,59,21.0,69,20.1,63.0
458526,2026-05-10,08,00,21.0,69,20.2,63.0
458527,2026-05-10,08,01,21.0,69,20.3,63.0
458528,2026-05-10,08,02,21.0,69,20.3,63.0
458529,2026-05-10,08,03,21.0,69,20.4,62.0
458530,2026-05-10,08,04,21.0,69,20.5,62.0
458531,2026-05-10,08,05,21.0,69,20.6,62.0
458532,2026-05-10,08,06,21.0,69,20.7,62.0
458533,2026-05-10,08,07,21.0,69,20.8,61.0
458534,2026-05-10,08,08,21.0,69,20.8,61.0
458535,2026-05-10,08,09,21.0,69,20.9,61.0
458536,2026-05-10,08,10,21.0,69,20.9,61.0
458537,2026-05-10,08,11,21.0,69,21.0,61.0
458538,2026-05-10,08,12,21.0,69,21.1,60.0
458539,2026-05-10,08,13,21.0,69,21.3,60.0
458540,2026-05-10,08,14,21.0,69,21.5,59.0
458541,2026-05-10,08,15,21.0,69,21.9,59.0
458542,2026-05-10,08,16,21.0,69,22.0,59.0
458543,2026-05-10,08,17,21.0,69,21.9,59.0
458544,2026-05-10,08,18,21.0,69,21.9,59.0
458545,2026-05-10,08,19,21.0,69,21.8,59.0
458546,2026-05-10,08,20,21.0,69,21.8,59.0
458547,2026-05-10,08,21,21.0,69,21.8,59.0
458548,2026-05-10,08,22,21.0,69,21.8,59.0
458549,2026-05-10,08,23,21.0,70,21.8,59.0
458550,2026-05-10,08,24,21.0,70,21.8,59.0
458551,2026-05-10,08,25,21.0,70,21.8,59.0
458552,2026-05-10,08,26,21.0,70,21.8,59.0
458553,2026-05-10,08,27,21.0,70,21.8,59.0
458554,2026-05-10,08,28,21.0,70,21.9,59.0
458555,2026-05-10,08,29,21.0,70,22.0,59.0
458556,2026-05-10,08,30,21.0,70,22.1,59.0
458557,2026-05-10,08,31,21.0,70,22.1,58.0
458558,2026-05-10,08,32,21.0,70,22.2,58.0
458559,2026-05-10,08,33,21.0,70,22.2,58.0
458560,2026-05-10,08,34,21.0,70,22.2,58.0
458561,2026-05-10,08,35,21.0,70,22.3,58.0
458562,2026-05-10,08,36,21.0,70,22.4,58.0
458563,2026-05-10,08,37,21.0,70,22.4,58.0
458564,2026-05-10,08,38,21.0,70,22.6,57.0
458565,2026-05-10,08,39,21.0,70,22.6,57.0
458566,2026-05-10,08,40,21.0,70,22.8,57.0
458567,2026-05-10,08,41,21.0,70,22.8,57.0
458568,2026-05-10,08,42,21.0,70,22.9,56.0
458569,2026-05-10,08,43,21.0,70,23.0,56.0
458570,2026-05-10,08,44,21.0,70,23.0,56.0
458571,2026-05-10,08,45,21.0,70,23.1,56.0
458572,2026-05-10,08,46,21.0,70,23.2,56.0
458573,2026-05-10,08,47,21.0,70,23.2,56.0
458574,2026-05-10,08,48,21.0,70,23.2,56.0
458575,2026-05-10,08,49,21.0,70,23.3,55.0
458576,2026-05-10,08,50,21.1,70,23.4,55.0
458577,2026-05-10,08,51,21.4,70,24.0,54.0
458578,2026-05-10,08,52,21.2,70,24.8,53.0
458579,2026-05-10,08,53,21.4,70,26.3,49.0
458580,2026-05-10,08,54,21.4,70,26.3,49.0
458581,2026-05-10,08,55,21.4,70,25.8,49.0
458582,2026-05-10,08,56,21.4,70,25.6,50.0
458583,2026-05-10,08,57,21.4,70,25.5,50.0
458584,2026-05-10,08,58,21.4,70,25.7,50.0
458585,2026-05-10,08,59,21.4,69,25.7,50.0
458586,2026-05-10,09,00,21.4,69,25.6,50.0
458587,2026-05-10,09,01,21.4,69,25.9,49.0
458588,2026-05-10,09,02,21.4,69,26.3,49.0
458589,2026-05-10,09,03,21.4,69,27.8,47.0
458590,2026-05-10,09,04,21.4,69,29.6,44.0
458591,2026-05-10,09,05,21.4,69,31.1,42.0
458592,2026-05-10,09,06,21.4,69,31.7,41.0
458593,2026-05-10,09,07,21.4,69,31.7,40.0
458594,2026-05-10,09,08,21.4,69,31.3,40.0
458595,2026-05-10,09,09,21.4,69,30.2,42.0
458596,2026-05-10,09,10,21.4,69,28.9,43.0
458597,2026-05-10,09,11,21.4,69,27.9,45.0
458598,2026-05-10,09,12,21.4,69,27.2,46.0
458599,2026-05-10,09,13,21.4,69,26.8,47.0
458600,2026-05-10,09,14,21.4,69,26.4,48.0
458601,2026-05-10,09,15,21.4,69,26.0,48.0
458602,2026-05-10,09,16,21.4,69,26.1,49.0
458603,2026-05-10,09,17,21.4,69,28.1,46.0
458604,2026-05-10,09,18,21.4,69,28.9,44.0
458605,2026-05-10,09,19,21.4,69,30.1,43.0
458606,2026-05-10,09,20,21.5,69,31.2,41.0
458607,2026-05-10,09,21,21.6,69,31.1,41.0
458608,2026-05-10,09,22,21.6,69,30.0,42.0
458609,2026-05-10,09,23,21.8,69,29.9,42.0
458610,2026-05-10,09,24,21.8,69,29.4,43.0
458611,2026-05-10,09,25,21.8,69,29.3,43.0
458612,2026-05-10,09,26,21.8,69,28.9,44.0
458613,2026-05-10,09,27,21.8,69,28.3,45.0
458614,2026-05-10,09,28,21.8,69,28.1,45.0
458615,2026-05-10,09,29,21.8,69,27.7,46.0
458616,2026-05-10,09,30,21.8,69,27.7,46.0
458617,2026-05-10,09,31,21.8,69,27.9,46.0
458618,2026-05-10,09,32,21.8,69,27.4,46.0
458619,2026-05-10,09,33,21.8,69,26.9,47.0
458620,2026-05-10,09,34,21.8,69,26.4,48.0
458621,2026-05-10,09,35,21.8,69,26.1,49.0
458622,2026-05-10,09,36,21.8,69,25.9,49.0
458623,2026-05-10,09,37,21.8,69,25.7,49.0
458624,2026-05-10,09,38,21.8,69,25.6,49.0
458625,2026-05-10,09,39,21.8,69,25.4,50.0
458626,2026-05-10,09,40,21.8,69,25.3,50.0
458627,2026-05-10,09,41,21.8,69,25.2,50.0
458628,2026-05-10,09,42,21.8,69,25.2,50.0
458629,2026-05-10,09,43,21.8,69,25.1,51.0
458630,2026-05-10,09,44,21.8,69,25.0,51.0
458631,2026-05-10,09,45,21.8,69,24.9,51.0
458632,2026-05-10,09,46,21.8,69,24.7,51.0
458633,2026-05-10,09,47,21.8,69,24.7,51.0
458634,2026-05-10,09,48,21.8,69,24.7,52.0
458635,2026-05-10,09,49,21.8,69,24.7,52.0
458636,2026-05-10,09,50,21.8,69,24.6,52.0
458637,2026-05-10,09,51,21.8,69,24.7,51.0
458638,2026-05-10,09,52,21.8,69,24.7,51.0
458639,2026-05-10,09,53,21.8,69,24.7,52.0
458640,2026-05-10,09,54,21.8,69,25.0,51.0
458641,2026-05-10,09,55,21.8,69,25.5,51.0
458642,2026-05-10,09,56,21.8,69,26.6,49.0
458643,2026-05-10,09,57,21.8,69,28.1,47.0
458644,2026-05-10,09,58,21.8,69,29.3,44.0
458645,2026-05-10,09,59,21.8,69,30.4,42.0
458646,2026-05-10,10,00,21.8,69,30.9,41.0
458647,2026-05-10,10,01,21.8,69,31.4,40.0
458648,2026-05-10,10,02,21.8,69,30.4,41.0
458649,2026-05-10,10,03,21.8,69,29.6,42.0
458650,2026-05-10,10,04,21.8,69,29.1,43.0
458651,2026-05-10,10,05,21.8,69,28.7,44.0
458652,2026-05-10,10,06,21.8,69,28.4,44.0
458653,2026-05-10,10,07,21.8,69,28.2,45.0
458654,2026-05-10,10,08,21.8,69,27.9,45.0
458655,2026-05-10,10,09,21.8,69,27.8,46.0
458656,2026-05-10,10,10,22.2,69,27.7,46.0
458657,2026-05-10,10,11,22.2,69,27.6,46.0
458658,2026-05-10,10,12,22.2,68,27.5,46.0
458659,2026-05-10,10,13,22.2,68,27.3,47.0
458660,2026-05-10,10,14,22.2,68,27.2,47.0
458661,2026-05-10,10,15,22.2,68,27.2,47.0
458662,2026-05-10,10,16,22.2,68,27.2,47.0
458663,2026-05-10,10,17,22.2,68,27.3,47.0
458664,2026-05-10,10,18,22.2,68,27.4,47.0
458665,2026-05-10,10,19,22.2,68,27.4,47.0
458666,2026-05-10,10,20,22.2,68,27.4,47.0
458667,2026-05-10,10,21,22.2,68,27.4,47.0
458668,2026-05-10,10,22,22.2,68,27.4,47.0
458669,2026-05-10,10,23,22.2,68,27.4,47.0
458670,2026-05-10,10,24,22.2,68,27.4,47.0
458671,2026-05-10,10,25,22.2,68,27.4,47.0
458672,2026-05-10,10,26,22.2,68,27.3,47.0
458673,2026-05-10,10,27,22.2,68,27.3,47.0
458674,2026-05-10,10,28,22.2,68,27.3,47.0
458675,2026-05-10,10,29,22.2,68,27.2,47.0
458676,2026-05-10,10,30,22.2,68,27.1,47.0
458677,2026-05-10,10,31,22.6,68,27.1,47.0
458678,2026-05-10,10,32,22.6,68,27.1,47.0
458679,2026-05-10,10,33,22.5,68,27.2,47.0
458680,2026-05-10,10,34,22.3,68,27.3,47.0
458681,2026-05-10,10,35,22.2,68,27.3,47.0
458682,2026-05-10,10,36,22.3,68,27.3,47.0
458683,2026-05-10,10,37,22.6,68,27.3,47.0
458684,2026-05-10,10,38,22.6,68,27.3,47.0
458685,2026-05-10,10,39,22.6,68,27.3,47.0
458686,2026-05-10,10,40,22.6,68,27.4,47.0
458687,2026-05-10,10,41,22.6,67,27.4,47.0
458688,2026-05-10,10,42,22.6,67,27.5,47.0
458689,2026-05-10,10,43,22.6,67,27.5,46.0
458690,2026-05-10,10,44,22.6,67,27.6,46.0
458691,2026-05-10,10,45,22.6,67,27.6,46.0
458692,2026-05-10,10,46,22.6,67,27.7,46.0
458693,2026-05-10,10,47,22.6,67,27.7,46.0
458694,2026-05-10,10,48,22.6,67,27.6,46.0
458695,2026-05-10,10,49,22.6,67,27.5,46.0
458696,2026-05-10,10,50,22.6,67,27.5,46.0
458697,2026-05-10,10,51,22.6,67,27.5,46.0
458698,2026-05-10,10,52,22.6,67,27.4,46.0
458699,2026-05-10,10,53,22.6,66,27.4,46.0
458700,2026-05-10,10,54,22.6,66,27.5,46.0
458701,2026-05-10,10,55,22.6,66,27.5,46.0
458702,2026-05-10,10,56,22.6,66,27.5,46.0
458703,2026-05-10,10,57,22.7,65,27.5,46.0
458704,2026-05-10,10,58,23.0,65,27.4,46.0
458705,2026-05-10,10,59,23.0,65,27.3,47.0
458706,2026-05-10,11,00,23.0,65,27.2,47.0
458707,2026-05-10,11,01,23.0,66,27.2,47.0
458708,2026-05-10,11,02,22.6,66,27.2,47.0
458709,2026-05-10,11,03,22.6,67,27.2,47.0
458710,2026-05-10,11,04,22.6,67,27.2,47.0
458711,2026-05-10,11,05,22.7,66,27.2,47.0
458712,2026-05-10,11,06,23.0,66,27.2,47.0
458713,2026-05-10,11,07,23.0,66,27.2,47.0
458714,2026-05-10,11,08,23.0,66,27.3,47.0
458715,2026-05-10,11,09,23.0,65,27.3,47.0
458716,2026-05-10,11,10,23.0,65,27.3,47.0
458717,2026-05-10,11,11,23.0,65,27.3,47.0
458718,2026-05-10,11,12,23.0,65,27.4,47.0
458719,2026-05-10,11,13,23.0,65,27.5,47.0
458720,2026-05-10,11,14,23.0,65,27.6,46.0
458721,2026-05-10,11,15,23.0,65,27.6,46.0
458722,2026-05-10,11,16,23.0,65,27.6,46.0
458723,2026-05-10,11,17,23.0,65,27.7,46.0
458724,2026-05-10,11,18,23.0,65,27.6,46.0
458725,2026-05-10,11,19,23.0,65,27.5,46.0
458726,2026-05-10,11,20,23.0,65,27.4,47.0
458727,2026-05-10,11,21,23.0,65,27.4,47.0
458728,2026-05-10,11,22,23.0,65,27.3,47.0
458729,2026-05-10,11,23,23.0,65,27.4,47.0
458730,2026-05-10,11,24,23.0,65,27.4,47.0
458731,2026-05-10,11,25,23.0,65,27.4,47.0
458732,2026-05-10,11,26,23.0,65,27.5,47.0
458733,2026-05-10,11,27,23.0,65,27.5,47.0
458734,2026-05-10,11,28,23.0,65,27.5,47.0
458735,2026-05-10,11,29,23.0,65,27.5,47.0
458736,2026-05-10,11,30,23.0,65,27.5,47.0
458737,2026-05-10,11,31,23.0,65,27.6,46.0
458738,2026-05-10,11,32,23.0,65,27.6,47.0
458739,2026-05-10,11,33,23.0,65,27.6,47.0
458740,2026-05-10,11,34,23.0,65,27.6,47.0
458741,2026-05-10,11,35,23.0,65,27.6,46.0
458742,2026-05-10,11,36,23.0,65,27.6,46.0
458743,2026-05-10,11,37,23.0,65,27.7,46.0
458744,2026-05-10,11,38,23.0,65,27.7,46.0
458745,2026-05-10,11,39,23.0,65,27.7,46.0
458746,2026-05-10,11,40,23.0,66,27.7,46.0
458747,2026-05-10,11,41,23.0,66,27.8,46.0
458748,2026-05-10,11,42,23.4,66,27.8,46.0
458749,2026-05-10,11,43,23.4,66,27.8,46.0
458750,2026-05-10,11,44,23.4,66,27.9,46.0
458751,2026-05-10,11,45,23.4,65,28.0,46.0
458752,2026-05-10,11,46,23.4,66,28.0,46.0
458753,2026-05-10,11,47,23.4,66,28.0,46.0
458754,2026-05-10,11,48,23.4,66,28.0,46.0
458755,2026-05-10,11,49,23.4,66,28.0,46.0
458756,2026-05-10,11,50,23.4,66,28.0,46.0
458757,2026-05-10,11,51,23.4,66,28.0,46.0
458758,2026-05-10,11,52,23.4,66,27.9,46.0
458759,2026-05-10,11,53,23.4,66,27.8,46.0
458760,2026-05-10,11,54,23.4,66,27.8,46.0
458761,2026-05-10,11,55,23.4,66,27.8,46.0
458762,2026-05-10,11,56,23.4,66,27.8,46.0
458763,2026-05-10,11,57,23.4,66,27.8,47.0
458764,2026-05-10,11,58,23.4,66,27.9,46.0
458765,2026-05-10,11,59,23.4,66,27.9,46.0
458766,2026-05-10,12,00,23.4,66,27.9,46.0
458767,2026-05-10,12,01,23.4,66,28.0,46.0
458768,2026-05-10,12,02,23.4,66,28.0,46.0
458769,2026-05-10,12,03,23.4,66,28.0,46.0
458770,2026-05-10,12,04,23.4,66,28.0,46.0
458771,2026-05-10,12,05,23.4,66,28.0,47.0
458772,2026-05-10,12,06,23.7,66,28.0,46.0
458773,2026-05-10,12,07,23.8,66,28.0,46.0
458774,2026-05-10,12,08,23.8,66,28.0,47.0
458775,2026-05-10,12,09,23.8,66,28.0,47.0
458776,2026-05-10,12,10,23.8,66,28.0,47.0
458777,2026-05-10,12,11,23.8,66,28.0,47.0
458778,2026-05-10,12,12,23.8,66,28.0,46.0
458779,2026-05-10,12,13,23.8,66,28.1,46.0
458780,2026-05-10,12,14,23.8,66,28.2,46.0
458781,2026-05-10,12,15,23.8,66,28.3,46.0
458782,2026-05-10,12,16,23.8,66,28.3,46.0
458783,2026-05-10,12,17,23.8,66,28.2,46.0
458784,2026-05-10,12,18,23.8,66,28.2,46.0
458785,2026-05-10,12,19,23.8,66,28.1,46.0
458786,2026-05-10,12,20,23.8,66,28.0,47.0
458787,2026-05-10,12,21,23.8,66,28.0,47.0
458788,2026-05-10,12,22,23.8,66,28.0,47.0
458789,2026-05-10,12,23,23.8,66,28.0,47.0
458790,2026-05-10,12,24,23.8,65,28.0,47.0
458791,2026-05-10,12,25,23.8,65,27.9,47.0
458792,2026-05-10,12,26,23.8,65,27.8,47.0
458793,2026-05-10,12,27,23.8,65,27.7,47.0
458794,2026-05-10,12,28,23.8,65,27.7,47.0
458795,2026-05-10,12,29,23.8,65,27.6,47.0
458796,2026-05-10,12,30,23.8,65,27.5,48.0
458797,2026-05-10,12,31,23.8,65,27.5,48.0
458798,2026-05-10,12,32,23.8,65,27.5,48.0
458799,2026-05-10,12,33,23.8,65,27.4,48.0
458800,2026-05-10,12,34,23.8,65,27.4,48.0
458801,2026-05-10,12,35,23.8,65,27.3,48.0
458802,2026-05-10,12,36,23.8,65,27.3,48.0
458803,2026-05-10,12,37,24.1,65,27.3,48.0
458804,2026-05-10,12,38,24.1,65,27.3,48.0
458805,2026-05-10,12,39,24.1,65,27.3,48.0
458806,2026-05-10,12,40,24.1,65,27.4,48.0
458807,2026-05-10,12,41,24.1,65,27.5,48.0
458808,2026-05-10,12,42,24.1,65,27.6,48.0
458809,2026-05-10,12,43,24.1,65,27.8,47.0
458810,2026-05-10,12,44,24.1,65,27.8,47.0
458811,2026-05-10,12,45,24.1,65,28.0,47.0
458812,2026-05-10,12,46,24.1,65,28.0,47.0
458813,2026-05-10,12,47,24.1,65,28.0,47.0
458814,2026-05-10,12,48,24.1,65,28.1,47.0
458815,2026-05-10,12,49,24.1,65,28.1,47.0
458816,2026-05-10,12,50,24.1,65,28.2,47.0
458817,2026-05-10,12,51,24.1,65,28.2,47.0
458818,2026-05-10,12,52,24.1,65,28.3,47.0
458819,2026-05-10,12,53,24.1,65,28.3,47.0
458820,2026-05-10,12,54,24.1,65,28.3,47.0
458821,2026-05-10,12,55,24.1,65,28.3,47.0
458822,2026-05-10,12,56,24.1,64,28.3,47.0
458823,2026-05-10,12,57,24.1,64,28.4,47.0
458824,2026-05-10,12,58,24.3,64,28.3,47.0
458825,2026-05-10,12,59,24.5,64,28.3,47.0
458826,2026-05-10,13,00,24.5,64,28.2,47.0
458827,2026-05-10,13,01,24.5,64,28.1,47.0
458828,2026-05-10,13,02,24.5,64,28.1,47.0
458829,2026-05-10,13,03,24.5,64,28.0,47.0
458830,2026-05-10,13,04,24.5,64,27.9,47.0
458831,2026-05-10,13,05,24.5,64,27.9,47.0
458832,2026-05-10,13,06,24.5,64,28.0,47.0
458833,2026-05-10,13,07,24.5,64,28.0,47.0
458834,2026-05-10,13,08,24.5,64,28.1,47.0
458835,2026-05-10,13,09,24.5,64,28.2,47.0
458836,2026-05-10,13,10,24.5,64,28.3,47.0
458837,2026-05-10,13,11,24.5,64,28.3,47.0
458838,2026-05-10,13,12,24.5,64,28.3,47.0
458839,2026-05-10,13,13,24.5,64,28.3,47.0
458840,2026-05-10,13,14,24.5,64,28.3,47.0
458841,2026-05-10,13,15,24.5,64,28.4,47.0
458842,2026-05-10,13,16,24.5,64,28.5,47.0
458843,2026-05-10,13,17,24.5,64,28.5,47.0
458844,2026-05-10,13,18,24.5,64,28.6,46.0
458845,2026-05-10,13,19,24.5,64,28.6,46.0
458846,2026-05-10,13,20,24.5,64,28.6,46.0
458847,2026-05-10,13,21,24.5,64,28.6,46.0
458848,2026-05-10,13,22,24.5,64,28.5,46.0
458849,2026-05-10,13,23,24.5,64,28.4,47.0
458850,2026-05-10,13,24,24.5,64,28.3,47.0
458851,2026-05-10,13,25,24.5,64,28.2,47.0
458852,2026-05-10,13,26,24.5,63,28.1,47.0
458853,2026-05-10,13,27,24.5,63,28.0,47.0
458854,2026-05-10,13,28,24.5,63,28.0,47.0
458855,2026-05-10,13,29,24.5,63,28.0,47.0
458856,2026-05-10,13,30,24.5,64,28.0,48.0
458857,2026-05-10,13,31,24.5,64,28.0,48.0
458858,2026-05-10,13,32,24.5,64,28.1,48.0
458859,2026-05-10,13,33,24.5,64,28.1,48.0
458860,2026-05-10,13,34,24.5,64,28.1,48.0
458861,2026-05-10,13,35,24.8,65,28.1,48.0
458862,2026-05-10,13,36,24.8,65,28.1,48.0
458863,2026-05-10,13,37,24.8,66,28.2,48.0
458864,2026-05-10,13,38,24.8,66,28.2,48.0
458865,2026-05-10,13,39,24.8,66,28.2,48.0
458866,2026-05-10,13,40,24.8,67,28.3,48.0
458867,2026-05-10,13,41,24.8,67,28.3,48.0
458868,2026-05-10,13,42,24.8,67,28.3,48.0
458869,2026-05-10,13,43,24.8,67,28.4,49.0
458870,2026-05-10,13,44,24.8,68,28.4,49.0
458871,2026-05-10,13,45,24.8,68,28.4,49.0
458872,2026-05-10,13,46,24.8,68,28.3,49.0
458873,2026-05-10,13,47,24.8,69,28.2,49.0
458874,2026-05-10,13,48,24.8,69,28.1,49.0
458875,2026-05-10,13,49,24.8,69,28.1,49.0
458876,2026-05-10,13,50,24.8,69,28.0,49.0
458877,2026-05-10,13,51,24.8,69,28.0,50.0
458878,2026-05-10,13,52,24.8,70,27.9,50.0
458879,2026-05-10,13,53,24.8,70,27.8,50.0
458880,2026-05-10,13,54,24.8,70,27.8,51.0
458881,2026-05-10,13,55,24.8,71,27.7,51.0
458882,2026-05-10,13,56,24.8,71,27.7,52.0
458883,2026-05-10,13,57,24.8,71,27.6,52.0
458884,2026-05-10,13,58,24.8,71,27.5,52.0
458885,2026-05-10,13,59,24.8,72,27.4,53.0
458886,2026-05-10,14,00,24.8,72,27.3,53.0
458887,2026-05-10,14,01,24.8,72,27.3,53.0
458888,2026-05-10,14,02,24.8,72,27.2,54.0
458889,2026-05-10,14,03,24.8,72,27.2,54.0
458890,2026-05-10,14,04,24.8,72,27.3,53.0
458891,2026-05-10,14,05,24.8,72,27.3,54.0
458892,2026-05-10,14,06,24.8,72,27.3,54.0
458893,2026-05-10,14,07,24.8,73,27.4,54.0
458894,2026-05-10,14,08,24.8,73,27.3,54.0
458895,2026-05-10,14,09,24.8,73,27.3,55.0
458896,2026-05-10,14,10,24.8,73,27.2,55.0
458897,2026-05-10,14,11,24.8,73,27.1,55.0
458898,2026-05-10,14,12,24.8,73,27.0,55.0
458899,2026-05-10,14,13,24.8,73,26.9,55.0
458900,2026-05-10,14,14,24.8,73,26.8,55.0
458901,2026-05-10,14,15,24.8,73,26.8,56.0
458902,2026-05-10,14,16,24.8,73,26.8,56.0
458903,2026-05-10,14,17,24.8,73,26.7,56.0
458904,2026-05-10,14,18,24.8,73,26.7,56.0
458905,2026-05-10,14,19,24.8,73,26.8,56.0
458906,2026-05-10,14,20,24.8,73,26.8,56.0
458907,2026-05-10,14,21,24.8,73,26.9,55.0
458908,2026-05-10,14,22,24.8,73,26.9,55.0
458909,2026-05-10,14,23,24.8,73,27.0,55.0
458910,2026-05-10,14,24,24.8,73,27.2,55.0
458911,2026-05-10,14,25,24.8,73,27.3,54.0
458912,2026-05-10,14,26,24.8,73,27.4,54.0
458913,2026-05-10,14,27,24.8,73,27.5,53.0
458914,2026-05-10,14,28,24.8,72,27.6,53.0
458915,2026-05-10,14,29,24.8,72,27.7,53.0
458916,2026-05-10,14,30,24.8,72,27.8,53.0
458917,2026-05-10,14,31,24.8,72,27.9,53.0
458918,2026-05-10,14,32,24.8,72,28.1,53.0
458919,2026-05-10,14,33,24.8,72,28.1,52.0
458920,2026-05-10,14,34,24.8,72,28.1,52.0
458921,2026-05-10,14,35,24.8,72,28.2,52.0
458922,2026-05-10,14,36,24.8,72,28.4,52.0
458923,2026-05-10,14,37,24.8,72,28.5,52.0
458924,2026-05-10,14,38,24.8,72,28.4,52.0
458925,2026-05-10,14,39,24.8,72,28.4,52.0
458926,2026-05-10,14,40,24.8,72,28.3,52.0
458927,2026-05-10,14,41,24.8,72,28.2,52.0
458928,2026-05-10,14,42,24.8,72,28.2,53.0
458929,2026-05-10,14,43,24.8,71,28.1,53.0
458930,2026-05-10,14,44,24.8,71,28.0,53.0
458931,2026-05-10,14,45,24.8,71,27.9,53.0
458932,2026-05-10,14,46,24.8,71,27.8,52.0
458933,2026-05-10,14,47,24.8,71,27.8,52.0
458934,2026-05-10,14,48,24.8,71,27.7,52.0
458935,2026-05-10,14,49,24.8,71,27.7,52.0
458936,2026-05-10,14,50,24.8,71,27.7,52.0
458937,2026-05-10,14,51,24.8,71,27.7,52.0
458938,2026-05-10,14,52,24.8,71,27.6,51.0
458939,2026-05-10,14,53,24.8,71,27.6,50.0
458940,2026-05-10,14,54,24.8,71,27.5,49.0
458941,2026-05-10,14,55,24.8,71,27.5,51.0
458942,2026-05-10,14,56,24.8,71,27.4,52.0
458943,2026-05-10,14,57,24.8,70,27.3,51.0
458944,2026-05-10,14,58,24.8,70,27.2,51.0
458945,2026-05-10,14,59,24.8,70,27.0,50.0
458946,2026-05-10,15,00,24.8,70,26.9,51.0
458947,2026-05-10,15,01,24.8,70,26.8,51.0
458948,2026-05-10,15,02,24.8,70,26.6,51.0
458949,2026-05-10,15,03,24.8,70,26.6,52.0
458950,2026-05-10,15,05,24.8,70,26.5,52.0
458951,2026-05-10,15,06,24.8,70,26.6,52.0
458952,2026-05-10,15,07,24.8,69,26.6,52.0
458953,2026-05-10,15,08,24.8,69,26.7,51.0
458954,2026-05-10,15,09,24.8,69,26.6,51.0
458955,2026-05-10,15,10,24.8,69,26.6,51.0
458956,2026-05-10,15,11,24.8,69,26.5,51.0
458957,2026-05-10,15,12,24.8,69,26.5,51.0
458958,2026-05-10,15,13,24.8,69,26.5,50.0
458959,2026-05-10,15,14,24.8,69,26.4,50.0
458960,2026-05-10,15,15,24.8,69,26.4,50.0
458961,2026-05-10,15,16,24.8,69,26.4,50.0
458962,2026-05-10,15,17,24.8,69,26.3,51.0
458963,2026-05-10,15,18,24.8,69,26.3,51.0
458964,2026-05-10,15,19,24.8,69,26.3,51.0
458965,2026-05-10,15,20,24.8,69,26.2,51.0
458966,2026-05-10,15,21,24.8,68,26.1,52.0
458967,2026-05-10,15,22,24.8,68,26.1,52.0
458968,2026-05-10,15,23,24.8,69,26.0,52.0
458969,2026-05-10,15,24,24.8,68,26.0,51.0
458970,2026-05-10,15,25,24.8,68,25.9,52.0
458971,2026-05-10,15,26,24.8,68,25.8,51.0
458972,2026-05-10,15,27,24.8,68,25.8,51.0
458973,2026-05-10,15,28,24.8,68,25.7,51.0
458974,2026-05-10,15,29,24.8,68,25.7,51.0
458975,2026-05-10,15,30,24.8,67,25.7,51.0
458976,2026-05-10,15,31,24.8,67,25.7,51.0
458977,2026-05-10,15,32,24.8,67,25.7,51.0
458978,2026-05-10,15,33,24.8,67,25.7,51.0
458979,2026-05-10,15,34,24.8,66,25.8,51.0
458980,2026-05-10,15,35,24.8,66,25.9,51.0
458981,2026-05-10,15,36,24.8,66,25.9,50.0
458982,2026-05-10,15,37,24.8,66,26.0,50.0
458983,2026-05-10,15,38,24.8,66,26.1,50.0
458984,2026-05-10,15,39,24.8,66,26.2,49.0
458985,2026-05-10,15,40,24.8,66,26.4,49.0
458986,2026-05-10,15,41,24.8,66,26.5,48.0
458987,2026-05-10,15,42,24.8,66,26.5,48.0
458988,2026-05-10,15,43,24.8,66,26.5,49.0
458989,2026-05-10,15,44,24.8,65,26.5,49.0
458990,2026-05-10,15,45,24.8,65,26.4,49.0
458991,2026-05-10,15,46,24.8,65,26.4,49.0
458992,2026-05-10,15,47,24.8,65,26.4,49.0
458993,2026-05-10,15,48,24.8,65,26.4,50.0
458994,2026-05-10,15,49,24.8,65,26.4,50.0
458995,2026-05-10,15,50,24.8,65,26.4,50.0
458996,2026-05-10,15,51,24.8,65,26.5,50.0
458997,2026-05-10,15,52,24.8,65,26.6,49.0
458998,2026-05-10,15,53,24.8,65,26.6,49.0
458999,2026-05-10,15,54,24.8,65,26.5,49.0
459000,2026-05-10,15,55,24.8,65,26.5,49.0
459001,2026-05-10,15,56,24.8,65,26.4,49.0
459002,2026-05-10,15,57,24.8,65,26.4,50.0
459003,2026-05-10,15,58,24.8,65,26.3,50.0
459004,2026-05-10,15,59,24.8,65,26.4,50.0
459005,2026-05-10,16,00,24.8,65,26.5,50.0
459006,2026-05-10,16,01,24.8,65,26.5,50.0
459007,2026-05-10,16,02,24.8,65,26.6,50.0
459008,2026-05-10,16,03,24.8,65,26.7,50.0
459009,2026-05-10,16,04,24.8,65,26.7,50.0
459010,2026-05-10,16,05,24.8,65,26.7,50.0
459011,2026-05-10,16,06,24.8,65,26.8,50.0
459012,2026-05-10,16,07,24.8,65,26.8,50.0
459013,2026-05-10,16,08,24.8,65,26.8,50.0
459014,2026-05-10,16,09,24.8,65,26.7,50.0
459015,2026-05-10,16,10,24.8,65,26.7,50.0
459016,2026-05-10,16,11,24.8,65,26.7,50.0
459017,2026-05-10,16,12,24.8,65,26.8,50.0
459018,2026-05-10,16,13,24.9,65,26.8,50.0
459019,2026-05-10,16,14,24.9,65,26.8,50.0
459020,2026-05-10,16,15,24.9,65,26.8,50.0
459021,2026-05-10,16,16,25.0,65,26.8,50.0
459022,2026-05-10,16,17,25.0,65,26.8,51.0
459023,2026-05-10,16,18,24.9,65,26.9,51.0
459024,2026-05-10,16,19,24.9,64,26.9,50.0
459025,2026-05-10,16,20,25.0,64,26.9,51.0
459026,2026-05-10,16,21,25.3,64,26.9,51.0
459027,2026-05-10,16,22,25.3,64,26.8,51.0
459028,2026-05-10,16,23,25.3,64,26.8,51.0
459029,2026-05-10,16,24,25.3,64,26.8,51.0
459030,2026-05-10,16,25,25.3,64,26.7,51.0
459031,2026-05-10,16,26,25.3,64,26.7,51.0
459032,2026-05-10,16,27,25.3,64,26.6,51.0
459033,2026-05-10,16,28,25.3,64,26.6,50.0
459034,2026-05-10,16,29,25.3,64,26.5,51.0
459035,2026-05-10,16,30,25.3,64,26.5,50.0
459036,2026-05-10,16,31,25.3,65,26.4,50.0
459037,2026-05-10,16,32,25.3,65,26.4,50.0
459038,2026-05-10,16,33,25.3,65,26.4,50.0
459039,2026-05-10,16,34,25.3,65,26.3,50.0
459040,2026-05-10,16,35,25.3,65,26.3,50.0
459041,2026-05-10,16,36,25.3,65,26.2,50.0
459042,2026-05-10,16,37,25.3,65,26.2,50.0
459043,2026-05-10,16,38,25.3,65,26.2,50.0
459044,2026-05-10,16,39,25.3,65,26.1,51.0
459045,2026-05-10,16,40,25.3,64,26.0,51.0
459046,2026-05-10,16,41,25.3,64,26.0,51.0
459047,2026-05-10,16,42,25.3,64,25.9,51.0
459048,2026-05-10,16,43,25.3,64,25.8,51.0
459049,2026-05-10,16,44,25.3,64,25.8,51.0
459050,2026-05-10,16,45,25.3,65,25.7,51.0
459051,2026-05-10,16,46,25.3,65,25.7,51.0
459052,2026-05-10,16,47,25.3,65,25.6,51.0
459053,2026-05-10,16,48,25.3,65,25.6,51.0
459054,2026-05-10,16,49,25.3,65,25.6,51.0
459055,2026-05-10,16,50,25.3,64,25.6,52.0
459056,2026-05-10,16,51,25.3,64,25.6,52.0
459057,2026-05-10,16,52,25.3,64,25.5,52.0
459058,2026-05-10,16,53,25.3,64,25.5,52.0
459059,2026-05-10,16,54,25.3,64,25.4,52.0
459060,2026-05-10,16,55,25.3,64,25.4,52.0
459061,2026-05-10,16,56,25.3,64,25.3,53.0
459062,2026-05-10,16,57,25.3,64,25.3,53.0
459063,2026-05-10,16,58,25.3,64,25.3,53.0
459064,2026-05-10,16,59,25.3,64,25.2,54.0
459065,2026-05-10,17,00,25.3,64,25.2,53.0
459066,2026-05-10,17,01,25.3,64,25.1,53.0
459067,2026-05-10,17,02,25.3,64,25.1,52.0
459068,2026-05-10,17,03,25.2,64,25.1,52.0
459069,2026-05-10,17,04,24.9,65,25.0,53.0
459070,2026-05-10,17,05,24.9,65,25.0,53.0
459071,2026-05-10,17,06,24.9,65,25.0,53.0
459072,2026-05-10,17,07,24.8,65,24.9,53.0
459073,2026-05-10,17,08,24.8,65,24.9,54.0
459074,2026-05-10,17,09,24.8,64,24.9,54.0
459075,2026-05-10,17,10,24.8,65,24.8,54.0
459076,2026-05-10,17,11,24.8,65,24.8,53.0
459077,2026-05-10,17,12,24.8,64,24.8,53.0
459078,2026-05-10,17,13,24.8,65,24.7,54.0
459079,2026-05-10,17,14,24.8,65,24.7,54.0
459080,2026-05-10,17,15,24.8,65,24.7,54.0
459081,2026-05-10,17,16,24.8,64,24.7,54.0
459082,2026-05-10,17,17,24.8,64,24.7,54.0
459083,2026-05-10,17,18,24.8,64,24.7,54.0
459084,2026-05-10,17,19,24.8,64,24.7,54.0
459085,2026-05-10,17,20,24.8,64,24.7,54.0
459086,2026-05-10,17,21,24.8,64,24.6,54.0
459087,2026-05-10,17,22,24.8,64,24.6,54.0
459088,2026-05-10,17,23,24.8,64,24.6,54.0
459089,2026-05-10,17,24,24.8,65,24.6,54.0
459090,2026-05-10,17,25,24.8,65,24.5,54.0
459091,2026-05-10,17,26,24.8,65,24.5,54.0
459092,2026-05-10,17,27,24.8,65,24.5,54.0
459093,2026-05-10,17,28,24.8,65,24.4,54.0
459094,2026-05-10,17,29,24.8,65,24.4,54.0
459095,2026-05-10,17,30,24.8,65,24.4,55.0
459096,2026-05-10,17,31,24.8,65,24.4,54.0
459097,2026-05-10,17,32,24.8,65,24.4,55.0
459098,2026-05-10,17,33,24.8,65,24.3,55.0
459099,2026-05-10,17,34,24.8,65,24.3,55.0
459100,2026-05-10,17,35,24.8,66,24.3,55.0
459101,2026-05-10,17,36,24.8,66,24.2,55.0
459102,2026-05-10,17,37,24.8,66,24.2,55.0
459103,2026-05-10,17,38,24.8,66,24.2,55.0
459104,2026-05-10,17,39,24.8,66,24.2,55.0
459105,2026-05-10,17,40,24.8,66,24.1,55.0
459106,2026-05-10,17,41,24.8,66,24.1,55.0
459107,2026-05-10,17,42,24.8,66,24.1,55.0
459108,2026-05-10,17,43,24.8,66,24.1,55.0
459109,2026-05-10,17,44,24.8,67,24.0,55.0
459110,2026-05-10,17,45,24.8,67,24.0,55.0
459111,2026-05-10,17,46,24.8,67,24.0,56.0
459112,2026-05-10,17,47,24.8,68,24.0,56.0
459113,2026-05-10,17,48,24.8,68,23.9,56.0
459114,2026-05-10,17,49,24.8,68,23.9,56.0
459115,2026-05-10,17,50,24.8,68,23.9,56.0
459116,2026-05-10,17,51,24.8,68,23.8,56.0
459117,2026-05-10,17,52,24.8,68,23.8,56.0
459118,2026-05-10,17,53,24.8,69,23.8,56.0
459119,2026-05-10,17,54,24.8,69,23.7,56.0
459120,2026-05-10,17,55,24.8,69,23.7,56.0
459121,2026-05-10,17,56,24.8,69,23.7,56.0
459122,2026-05-10,17,57,24.8,69,23.7,57.0
459123,2026-05-10,17,58,24.8,69,23.6,57.0
459124,2026-05-10,17,59,24.8,69,23.6,57.0
459125,2026-05-10,18,00,24.8,69,23.6,57.0
459126,2026-05-10,18,01,24.8,69,23.6,57.0
459127,2026-05-10,18,02,24.8,69,23.5,57.0
459128,2026-05-10,18,03,24.8,69,23.5,57.0
459129,2026-05-10,18,04,24.8,69,23.4,57.0
459130,2026-05-10,18,05,24.8,69,23.4,57.0
459131,2026-05-10,18,06,24.8,69,23.4,57.0
459132,2026-05-10,18,07,24.8,69,23.3,57.0
459133,2026-05-10,18,08,24.8,70,23.3,57.0
459134,2026-05-10,18,09,24.8,70,23.3,57.0
459135,2026-05-10,18,10,24.8,70,23.2,57.0
459136,2026-05-10,18,11,24.8,70,23.2,58.0
459137,2026-05-10,18,12,24.8,70,23.2,58.0
459138,2026-05-10,18,13,24.8,70,23.1,58.0
459139,2026-05-10,18,14,24.8,70,23.1,58.0
459140,2026-05-10,18,15,24.8,70,23.1,58.0
459141,2026-05-10,18,16,24.8,70,23.0,58.0
459142,2026-05-10,18,17,24.8,70,23.0,58.0
459143,2026-05-10,18,18,24.6,71,23.0,58.0
459144,2026-05-10,18,19,24.5,71,23.0,58.0
459145,2026-05-10,18,20,24.5,71,22.9,58.0
459146,2026-05-10,18,21,24.5,71,23.0,58.0
459147,2026-05-10,18,22,24.5,71,22.9,58.0
459148,2026-05-10,18,23,24.5,71,22.9,58.0
459149,2026-05-10,18,24,24.5,71,22.9,58.0
459150,2026-05-10,18,25,24.5,71,22.8,58.0
459151,2026-05-10,18,26,24.5,71,22.8,58.0
459152,2026-05-10,18,27,24.5,71,22.8,58.0
459153,2026-05-10,18,28,24.5,71,22.8,58.0
459154,2026-05-10,18,29,24.5,71,22.8,59.0
459155,2026-05-10,18,30,24.5,71,22.8,59.0
459156,2026-05-10,18,31,24.5,70,22.8,59.0
459157,2026-05-10,18,32,24.5,70,22.8,59.0
459158,2026-05-10,18,33,24.5,69,22.8,59.0
459159,2026-05-10,18,34,24.5,69,22.8,59.0
459160,2026-05-10,18,35,24.5,69,22.8,59.0
459161,2026-05-10,18,36,24.5,69,22.8,59.0
459162,2026-05-10,18,37,24.5,69,22.8,59.0
459163,2026-05-10,18,38,24.5,69,22.8,59.0
459164,2026-05-10,18,39,24.5,69,22.8,59.0
459165,2026-05-10,18,40,24.5,69,22.8,59.0
459166,2026-05-10,18,41,24.5,69,22.8,59.0
459167,2026-05-10,18,42,24.5,69,22.8,59.0
459168,2026-05-10,18,43,24.5,69,22.7,59.0
459169,2026-05-10,18,44,24.5,69,22.7,59.0
459170,2026-05-10,18,45,24.5,69,22.7,59.0
459171,2026-05-10,18,46,24.5,69,22.7,59.0
459172,2026-05-10,18,47,24.5,69,22.7,59.0
459173,2026-05-10,18,48,24.5,69,22.7,59.0
459174,2026-05-10,18,49,24.5,69,22.7,59.0
459175,2026-05-10,18,50,24.5,69,22.7,59.0
459176,2026-05-10,18,51,24.5,69,22.7,59.0
459177,2026-05-10,18,52,24.5,69,22.7,59.0
459178,2026-05-10,18,53,24.5,69,22.6,59.0
459179,2026-05-10,18,54,24.5,69,22.6,59.0
459180,2026-05-10,18,55,24.5,69,22.6,59.0
459181,2026-05-10,18,56,24.5,69,22.6,59.0
459182,2026-05-10,18,57,24.5,69,22.6,59.0
459183,2026-05-10,18,58,24.5,69,22.6,59.0
459184,2026-05-10,18,59,24.5,69,22.6,59.0
459185,2026-05-10,19,00,24.5,69,22.6,59.0
459186,2026-05-10,19,01,24.5,69,22.6,59.0
459187,2026-05-10,19,02,24.5,69,22.6,59.0
459188,2026-05-10,19,03,24.5,69,22.6,59.0
459189,2026-05-10,19,04,24.5,69,22.6,59.0
459190,2026-05-10,19,05,24.5,69,22.6,59.0
459191,2026-05-10,19,06,24.5,69,22.6,59.0
459192,2026-05-10,19,07,24.5,69,22.6,60.0
459193,2026-05-10,19,08,24.5,67,22.6,60.0
459194,2026-05-10,19,09,24.5,68,22.6,60.0
459195,2026-05-10,19,10,24.5,68,22.6,60.0
459196,2026-05-10,19,11,24.5,68,22.6,61.0
459197,2026-05-10,19,12,24.5,68,22.6,61.0
459198,2026-05-10,19,13,24.5,68,22.6,61.0
459199,2026-05-10,19,14,24.5,68,22.6,61.0
459200,2026-05-10,19,15,24.5,68,22.6,61.0
459201,2026-05-10,19,16,24.5,68,22.6,61.0
459202,2026-05-10,19,17,24.5,68,22.6,61.0
459203,2026-05-10,19,18,24.5,68,22.6,61.0
459204,2026-05-10,19,19,24.5,68,22.6,61.0
459205,2026-05-10,19,20,24.5,68,22.6,62.0
459206,2026-05-10,19,21,24.5,68,22.6,62.0
459207,2026-05-10,19,22,24.5,68,22.6,62.0
459208,2026-05-10,19,23,24.5,68,22.6,62.0
459209,2026-05-10,19,24,24.5,68,22.6,62.0
459210,2026-05-10,19,25,24.5,68,22.6,62.0
459211,2026-05-10,19,26,24.5,68,22.6,62.0
459212,2026-05-10,19,27,24.5,68,22.6,62.0
459213,2026-05-10,19,28,24.5,68,22.6,62.0
459214,2026-05-10,19,29,24.5,68,22.6,62.0
459215,2026-05-10,19,30,24.5,68,22.5,62.0
459216,2026-05-10,19,31,24.5,68,22.5,62.0
459217,2026-05-10,19,32,24.5,68,22.5,62.0
459218,2026-05-10,19,33,24.5,68,22.5,62.0
459219,2026-05-10,19,34,24.5,68,22.5,62.0
459220,2026-05-10,19,35,24.5,68,22.5,62.0
459221,2026-05-10,19,36,24.5,68,22.5,62.0
459222,2026-05-10,19,37,24.5,68,22.5,62.0
459223,2026-05-10,19,38,24.5,68,22.5,62.0
459224,2026-05-10,19,39,24.5,68,22.5,62.0
459225,2026-05-10,19,40,24.5,68,22.5,62.0
459226,2026-05-10,19,41,24.5,68,22.5,62.0
459227,2026-05-10,19,42,24.5,68,22.4,62.0
459228,2026-05-10,19,43,24.5,68,22.4,62.0
459229,2026-05-10,19,44,24.5,68,22.4,62.0
459230,2026-05-10,19,45,24.5,68,22.4,62.0
459231,2026-05-10,19,46,24.5,68,22.4,62.0
459232,2026-05-10,19,47,24.5,68,22.4,62.0
459233,2026-05-10,19,48,24.5,68,22.4,62.0
459234,2026-05-10,19,49,24.5,68,22.4,62.0
459235,2026-05-10,19,50,24.5,68,22.4,62.0
459236,2026-05-10,19,51,24.5,68,22.4,62.0
459237,2026-05-10,19,52,24.5,68,22.4,62.0
459238,2026-05-10,19,53,24.5,68,22.4,62.0
459239,2026-05-10,19,54,24.5,68,22.4,62.0
459240,2026-05-10,19,55,24.5,68,22.4,62.0
459241,2026-05-10,19,56,24.5,68,22.4,62.0
459242,2026-05-10,19,57,24.5,68,22.4,62.0
459243,2026-05-10,19,58,24.5,68,22.4,62.0
459244,2026-05-10,19,59,24.5,68,22.4,62.0
459245,2026-05-10,20,00,24.5,68,22.4,62.0
459246,2026-05-10,20,01,24.5,68,22.4,62.0
459247,2026-05-10,20,02,24.5,68,22.3,62.0
459248,2026-05-10,20,03,24.5,68,22.4,62.0
459249,2026-05-10,20,04,24.5,68,22.3,62.0
459250,2026-05-10,20,05,24.5,68,22.3,62.0
459251,2026-05-10,20,06,24.5,68,22.3,62.0
459252,2026-05-10,20,07,24.5,68,22.3,62.0
459253,2026-05-10,20,08,24.5,68,22.3,62.0
459254,2026-05-10,20,09,24.5,68,22.3,62.0
459255,2026-05-10,20,10,24.5,68,22.3,62.0
459256,2026-05-10,20,11,24.5,68,22.3,62.0
459257,2026-05-10,20,12,24.5,68,22.3,62.0
459258,2026-05-10,20,13,24.5,68,22.3,62.0
459259,2026-05-10,20,14,24.5,68,22.3,63.0
459260,2026-05-10,20,15,24.5,68,22.3,63.0
459261,2026-05-10,20,16,24.5,68,22.3,63.0
459262,2026-05-10,20,17,24.5,68,22.3,63.0
459263,2026-05-10,20,18,24.5,68,22.3,63.0
459264,2026-05-10,20,19,24.5,68,22.3,63.0
459265,2026-05-10,20,20,24.5,68,22.3,63.0
459266,2026-05-10,20,21,24.5,69,22.3,63.0
459267,2026-05-10,20,22,24.5,69,22.2,63.0
459268,2026-05-10,20,23,24.5,68,22.2,63.0
459269,2026-05-10,20,24,24.5,69,22.2,63.0
459270,2026-05-10,20,25,24.4,69,22.2,63.0
459271,2026-05-10,20,26,24.2,69,22.2,63.0
459272,2026-05-10,20,27,24.2,68,22.2,63.0
459273,2026-05-10,20,28,24.2,68,22.2,63.0
459274,2026-05-10,20,29,24.2,68,22.2,63.0
459275,2026-05-10,20,30,24.2,68,22.2,63.0
459276,2026-05-10,20,31,24.1,68,22.2,63.0
459277,2026-05-10,20,32,24.1,68,22.2,63.0
459278,2026-05-10,20,33,24.1,68,22.2,64.0
459279,2026-05-10,20,34,24.1,68,22.2,64.0
459280,2026-05-10,20,35,24.1,68,22.2,64.0
459281,2026-05-10,20,36,24.1,68,22.2,64.0
459282,2026-05-10,20,37,24.1,68,22.2,64.0
459283,2026-05-10,20,38,24.1,68,22.2,64.0
459284,2026-05-10,20,39,24.1,68,22.1,64.0
459285,2026-05-10,20,40,24.1,68,22.1,64.0
459286,2026-05-10,20,41,24.1,68,22.1,64.0
459287,2026-05-10,20,42,24.1,68,22.1,64.0
459288,2026-05-10,20,43,24.1,68,22.1,64.0
459289,2026-05-10,20,44,24.1,68,22.1,64.0
459290,2026-05-10,20,45,24.1,68,22.1,64.0
459291,2026-05-10,20,46,24.1,68,22.1,64.0
459292,2026-05-10,20,47,24.1,68,22.1,64.0
459293,2026-05-10,20,48,24.1,68,22.1,64.0
459294,2026-05-10,20,49,24.1,68,22.1,64.0
459295,2026-05-10,20,50,24.1,68,22.1,64.0
459296,2026-05-10,20,51,24.1,68,22.1,64.0
459297,2026-05-10,20,52,24.1,68,22.1,64.0
459298,2026-05-10,20,53,24.1,68,22.1,64.0
459299,2026-05-10,20,54,24.1,68,22.1,64.0
459300,2026-05-10,20,55,24.1,68,22.1,64.0
459301,2026-05-10,20,56,24.1,68,22.1,64.0
459302,2026-05-10,20,57,24.1,68,22.1,64.0
459303,2026-05-10,20,58,24.1,68,22.0,64.0
459304,2026-05-10,20,59,24.1,68,22.0,64.0
459305,2026-05-10,21,00,24.1,68,22.0,64.0
459306,2026-05-10,21,01,24.1,68,22.0,64.0
459307,2026-05-10,21,02,24.1,68,22.0,64.0
459308,2026-05-10,21,03,24.1,68,22.0,64.0
459309,2026-05-10,21,04,24.1,68,22.0,64.0
459310,2026-05-10,21,05,24.1,68,22.0,64.0
459311,2026-05-10,21,06,24.1,68,22.0,64.0
459312,2026-05-10,21,07,24.1,68,22.0,64.0
459313,2026-05-10,21,08,24.1,68,21.9,64.0
459314,2026-05-10,21,09,24.1,68,21.9,64.0
459315,2026-05-10,21,10,24.1,68,21.9,64.0
459316,2026-05-10,21,11,24.1,68,21.9,64.0
459317,2026-05-10,21,12,24.1,68,21.9,64.0
459318,2026-05-10,21,13,24.1,68,21.9,64.0
459319,2026-05-10,21,14,24.1,68,21.9,64.0
459320,2026-05-10,21,15,24.1,68,21.9,64.0
459321,2026-05-10,21,16,24.1,68,21.9,64.0
459322,2026-05-10,21,17,24.1,68,21.8,64.0
459323,2026-05-10,21,18,24.1,68,21.8,64.0
459324,2026-05-10,21,19,24.1,68,21.8,64.0
459325,2026-05-10,21,20,24.1,68,21.8,64.0
459326,2026-05-10,21,21,24.1,68,21.8,64.0
459327,2026-05-10,21,22,24.1,68,21.8,64.0
459328,2026-05-10,21,24,24.1,68,21.7,64.0
459329,2026-05-10,21,25,24.1,68,21.7,64.0
459330,2026-05-10,21,26,24.1,68,21.7,64.0
459331,2026-05-10,21,27,24.1,68,21.7,65.0
459332,2026-05-10,21,28,24.1,68,21.7,65.0
459333,2026-05-10,21,29,24.1,68,21.7,64.0
459334,2026-05-10,21,30,24.1,68,21.7,65.0
459335,2026-05-10,21,31,24.1,68,21.7,64.0
459336,2026-05-10,21,32,24.1,68,21.7,64.0
459337,2026-05-10,21,33,24.1,68,21.6,64.0
459338,2026-05-10,21,34,24.1,68,21.6,64.0
459339,2026-05-10,21,35,24.1,68,21.6,64.0
459340,2026-05-10,21,36,24.1,68,21.6,64.0
459341,2026-05-10,21,37,24.1,68,21.6,64.0
459342,2026-05-10,21,38,24.1,68,21.6,64.0
459343,2026-05-10,21,39,24.1,68,21.6,64.0
459344,2026-05-10,21,40,24.1,68,21.6,65.0
459345,2026-05-10,21,41,24.1,68,21.6,65.0
459346,2026-05-10,21,42,24.1,68,21.6,65.0
459347,2026-05-10,21,43,24.1,68,21.6,65.0
459348,2026-05-10,21,44,24.1,68,21.6,65.0
459349,2026-05-10,21,45,24.0,68,21.5,65.0
459350,2026-05-10,21,46,23.8,68,21.5,65.0
459351,2026-05-10,21,47,23.8,68,21.5,65.0
459352,2026-05-10,21,48,23.8,68,21.5,65.0
459353,2026-05-10,21,49,23.8,68,21.5,65.0
459354,2026-05-10,21,50,23.8,68,21.5,65.0
459355,2026-05-10,21,51,23.8,68,21.5,65.0
459356,2026-05-10,21,52,23.8,68,21.5,65.0
459357,2026-05-10,21,53,23.8,68,21.5,65.0
459358,2026-05-10,21,54,23.8,68,21.5,65.0
459359,2026-05-10,21,55,23.8,68,21.5,65.0
459360,2026-05-10,21,56,23.8,68,21.5,65.0
459361,2026-05-10,21,57,23.8,68,21.5,65.0
459362,2026-05-10,21,58,23.8,68,21.5,65.0
459363,2026-05-10,21,59,23.8,68,21.5,64.0
459364,2026-05-10,22,00,23.8,68,21.5,64.0
459365,2026-05-10,22,01,23.8,68,21.5,64.0
459366,2026-05-10,22,02,23.8,68,21.5,64.0
459367,2026-05-10,22,03,23.8,68,21.5,64.0
459368,2026-05-10,22,04,23.8,68,21.5,64.0
459369,2026-05-10,22,05,23.8,68,21.5,64.0
459370,2026-05-10,22,06,23.8,68,21.5,64.0
459371,2026-05-10,22,07,23.8,68,21.5,64.0
459372,2026-05-10,22,08,23.8,68,21.5,64.0
459373,2026-05-10,22,09,23.8,67,21.5,64.0
459374,2026-05-10,22,10,23.8,67,21.5,64.0
459375,2026-05-10,22,11,23.8,67,21.5,64.0
459376,2026-05-10,22,12,23.8,67,21.5,64.0
459377,2026-05-10,22,13,23.8,67,21.5,64.0
459378,2026-05-10,22,14,23.8,67,21.5,64.0
459379,2026-05-10,22,15,23.8,67,21.5,64.0
459380,2026-05-10,22,16,23.8,67,21.5,64.0
459381,2026-05-10,22,17,23.8,67,21.5,64.0
459382,2026-05-10,22,18,23.8,67,21.5,64.0
459383,2026-05-10,22,19,23.8,67,21.5,64.0
459384,2026-05-10,22,20,23.8,67,21.5,64.0
459385,2026-05-10,22,21,23.8,67,21.5,64.0
459386,2026-05-10,22,22,23.8,67,21.5,64.0
459387,2026-05-10,22,23,23.8,66,21.5,64.0
459388,2026-05-10,22,24,23.8,66,21.5,64.0
459389,2026-05-10,22,25,23.8,66,21.5,64.0
459390,2026-05-10,22,26,23.8,67,21.5,64.0
459391,2026-05-10,22,27,23.8,67,21.5,64.0
459392,2026-05-10,22,28,23.8,67,21.4,64.0
459393,2026-05-10,22,29,23.8,66,21.4,64.0
459394,2026-05-10,22,30,23.8,66,21.4,64.0
459395,2026-05-10,22,31,23.8,66,21.4,64.0
459396,2026-05-10,22,32,23.8,66,21.4,64.0
459397,2026-05-10,22,34,23.8,66,21.4,64.0
459398,2026-05-10,22,35,23.8,66,21.4,64.0
459399,2026-05-10,22,36,23.8,66,21.4,64.0
459400,2026-05-10,22,37,23.8,66,21.4,64.0
459401,2026-05-10,22,38,23.8,66,21.4,64.0
459402,2026-05-10,22,39,23.8,67,21.4,64.0
459403,2026-05-10,22,40,23.8,67,21.4,64.0
459404,2026-05-10,22,41,23.8,67,21.4,64.0
459405,2026-05-10,22,42,23.8,67,21.4,64.0
459406,2026-05-10,22,43,23.8,67,21.4,64.0
459407,2026-05-10,22,44,23.8,67,21.4,64.0
459408,2026-05-10,22,45,23.8,67,21.4,64.0
459409,2026-05-10,22,46,23.8,66,21.4,64.0
459410,2026-05-10,22,47,23.8,66,21.4,64.0
459411,2026-05-10,22,48,23.8,67,21.4,64.0
459412,2026-05-10,22,49,23.8,67,21.4,64.0
459413,2026-05-10,22,50,23.8,67,21.4,64.0
459414,2026-05-10,22,51,23.8,66,21.4,64.0
459415,2026-05-10,22,52,23.8,66,21.4,64.0
459416,2026-05-10,22,53,23.8,66,21.4,64.0
459417,2026-05-10,22,54,23.8,66,21.4,64.0
459418,2026-05-10,22,55,23.8,66,21.4,64.0
459419,2026-05-10,22,56,23.8,66,21.4,64.0
459420,2026-05-10,22,57,23.8,66,21.4,64.0
459421,2026-05-10,22,58,23.8,67,21.4,64.0
459422,2026-05-10,22,59,23.6,66,21.4,64.0
459423,2026-05-10,23,00,23.5,66,21.4,64.0
459424,2026-05-10,23,01,23.5,66,21.4,64.0
459425,2026-05-10,23,02,23.4,66,21.4,64.0
459426,2026-05-10,23,03,23.4,66,21.4,64.0
459427,2026-05-10,23,04,23.4,66,21.4,64.0
459428,2026-05-10,23,05,23.4,66,21.4,64.0
459429,2026-05-10,23,06,23.4,66,21.4,64.0
459430,2026-05-10,23,07,23.4,66,21.4,64.0
459431,2026-05-10,23,08,23.4,66,21.4,64.0
459432,2026-05-10,23,09,23.4,66,21.4,64.0
459433,2026-05-10,23,10,23.4,66,21.4,64.0
459434,2026-05-10,23,11,23.4,66,21.4,64.0
459435,2026-05-10,23,12,23.4,66,21.4,64.0
459436,2026-05-10,23,13,23.4,66,21.4,64.0
459437,2026-05-10,23,14,23.4,66,21.4,64.0
459438,2026-05-10,23,15,23.4,66,21.4,64.0
459439,2026-05-10,23,16,23.4,66,21.4,64.0
459440,2026-05-10,23,17,23.4,66,21.4,64.0
459441,2026-05-10,23,18,23.4,66,21.4,64.0
459442,2026-05-10,23,19,23.4,66,21.4,64.0
459443,2026-05-10,23,20,23.4,66,21.4,64.0
459444,2026-05-10,23,21,23.4,66,21.3,64.0
459445,2026-05-10,23,22,23.4,66,21.3,64.0
459446,2026-05-10,23,23,23.4,66,21.3,64.0
459447,2026-05-10,23,24,23.4,66,21.3,64.0
459448,2026-05-10,23,25,23.4,67,21.3,64.0
459449,2026-05-10,23,26,23.4,67,21.3,64.0
459450,2026-05-10,23,27,23.4,67,21.3,64.0
459451,2026-05-10,23,28,23.4,67,21.3,64.0
459452,2026-05-10,23,29,23.4,67,21.3,64.0
459453,2026-05-10,23,30,23.4,67,21.3,64.0
459454,2026-05-10,23,31,23.4,67,21.3,64.0
459455,2026-05-10,23,32,23.4,67,21.3,64.0
459456,2026-05-10,23,33,23.4,67,21.3,64.0
459457,2026-05-10,23,34,23.4,67,21.3,64.0
459458,2026-05-10,23,35,23.4,67,21.3,64.0
459459,2026-05-10,23,36,23.4,68,21.3,64.0
459460,2026-05-10,23,37,23.4,68,21.3,64.0
459461,2026-05-10,23,38,23.4,68,21.3,64.0
459462,2026-05-10,23,39,23.4,68,21.3,64.0
459463,2026-05-10,23,40,23.4,68,21.2,64.0
459464,2026-05-10,23,41,23.4,68,21.3,64.0
459465,2026-05-10,23,42,23.4,68,21.2,64.0
459466,2026-05-10,23,44,23.4,68,21.2,64.0
459467,2026-05-10,23,45,23.4,68,21.2,64.0
459468,2026-05-10,23,46,23.4,68,21.2,64.0
459469,2026-05-10,23,47,23.4,68,21.2,64.0
459470,2026-05-10,23,48,23.4,68,21.2,64.0
459471,2026-05-10,23,49,23.4,68,21.2,64.0
459472,2026-05-10,23,50,23.4,68,21.2,64.0
459473,2026-05-10,23,51,23.4,68,21.2,64.0
459474,2026-05-10,23,52,23.4,68,21.2,64.0
459475,2026-05-10,23,53,23.4,68,21.2,64.0
459476,2026-05-10,23,54,23.4,68,21.2,64.0
459477,2026-05-10,23,55,23.4,68,21.2,65.0
459478,2026-05-10,23,56,23.4,68,21.2,64.0
459479,2026-05-10,23,57,23.4,68,21.2,65.0
459480,2026-05-10,23,58,23.4,68,21.2,65.0
459481,2026-05-10,23,59,23.4,68,21.2,65.0
459482,2026-05-11,00,00,23.4,68,21.2,65.0
459483,2026-05-11,00,01,23.4,69,21.2,65.0
459484,2026-05-11,00,02,23.4,69,21.2,65.0
459485,2026-05-11,00,03,23.4,69,21.2,65.0
459486,2026-05-11,00,04,23.4,69,21.2,65.0
459487,2026-05-11,00,05,23.4,69,21.2,65.0
459488,2026-05-11,00,06,23.4,69,21.2,65.0
459489,2026-05-11,00,07,23.4,69,21.2,65.0
459490,2026-05-11,00,08,23.4,69,21.2,65.0
459491,2026-05-11,00,09,23.4,69,21.2,65.0
459492,2026-05-11,00,10,23.4,69,21.2,65.0
459493,2026-05-11,00,11,23.4,69,21.2,65.0
459494,2026-05-11,00,12,23.4,69,21.2,65.0
459495,2026-05-11,00,13,23.4,69,21.2,65.0
459496,2026-05-11,00,14,23.4,69,21.2,65.0
459497,2026-05-11,00,15,23.4,69,21.2,65.0
459498,2026-05-11,00,16,23.4,69,21.2,65.0
459499,2026-05-11,00,17,23.4,69,21.2,65.0
459500,2026-05-11,00,18,23.4,69,21.2,65.0
459501,2026-05-11,00,19,23.4,69,21.2,65.0
459502,2026-05-11,00,20,23.4,69,21.2,65.0
459503,2026-05-11,00,21,23.4,69,21.2,65.0
459504,2026-05-11,00,22,23.4,69,21.2,65.0
459505,2026-05-11,00,23,23.4,69,21.2,65.0
459506,2026-05-11,00,24,23.4,69,21.2,65.0
459507,2026-05-11,00,25,23.4,69,21.2,65.0
459508,2026-05-11,00,26,23.4,69,21.2,65.0
459509,2026-05-11,00,27,23.4,69,21.2,65.0
459510,2026-05-11,00,28,23.4,69,21.1,65.0
459511,2026-05-11,00,29,23.4,69,21.1,65.0
459512,2026-05-11,00,30,23.4,69,21.1,65.0
459513,2026-05-11,00,31,23.4,69,21.1,65.0
459514,2026-05-11,00,32,23.4,69,21.1,65.0
459515,2026-05-11,00,33,23.4,69,21.1,65.0
459516,2026-05-11,00,34,23.4,69,21.1,65.0
459517,2026-05-11,00,35,23.4,69,21.1,65.0
459518,2026-05-11,00,36,23.4,69,21.0,65.0
459519,2026-05-11,00,37,23.3,69,21.0,65.0
459520,2026-05-11,00,38,23.1,69,21.0,65.0
459521,2026-05-11,00,39,23.0,69,21.0,65.0
459522,2026-05-11,00,40,23.0,69,21.0,66.0
459523,2026-05-11,00,41,23.0,69,20.9,66.0
459524,2026-05-11,00,42,23.0,69,20.9,66.0
459525,2026-05-11,00,43,23.0,69,20.9,66.0
459526,2026-05-11,00,44,23.0,69,20.9,66.0
459527,2026-05-11,00,45,23.0,69,20.9,66.0
459528,2026-05-11,00,46,23.0,69,20.8,66.0
459529,2026-05-11,00,47,23.0,69,20.8,66.0
459530,2026-05-11,00,48,23.0,69,20.8,66.0
459531,2026-05-11,00,49,23.0,69,20.8,66.0
459532,2026-05-11,00,50,23.0,69,20.8,66.0
459533,2026-05-11,00,51,23.0,69,20.8,66.0
459534,2026-05-11,00,52,23.0,69,20.8,66.0
459535,2026-05-11,00,54,23.0,69,20.7,66.0
459536,2026-05-11,00,55,23.0,69,20.7,66.0
459537,2026-05-11,00,56,23.0,69,20.7,66.0
459538,2026-05-11,00,57,23.0,69,20.7,66.0
459539,2026-05-11,00,58,23.0,69,20.7,66.0
459540,2026-05-11,00,59,23.0,69,20.7,66.0
459541,2026-05-11,01,00,23.0,69,20.7,66.0
459542,2026-05-11,01,01,23.0,69,20.7,66.0
459543,2026-05-11,01,02,23.0,69,20.6,66.0
459544,2026-05-11,01,03,23.0,69,20.6,66.0
459545,2026-05-11,01,04,23.0,69,20.6,66.0
459546,2026-05-11,01,05,23.0,69,20.6,66.0
459547,2026-05-11,01,06,23.0,69,20.6,66.0
459548,2026-05-11,01,07,23.0,69,20.6,66.0
459549,2026-05-11,01,08,23.0,69,20.6,66.0
459550,2026-05-11,01,09,23.0,69,20.6,66.0
459551,2026-05-11,01,10,23.0,69,20.6,66.0
459552,2026-05-11,01,11,23.0,69,20.6,66.0
459553,2026-05-11,01,12,23.0,69,20.6,66.0
459554,2026-05-11,01,13,23.0,69,20.5,66.0
459555,2026-05-11,01,14,23.0,69,20.5,66.0
459556,2026-05-11,01,15,23.0,69,20.5,66.0
459557,2026-05-11,01,16,23.0,69,20.5,66.0
459558,2026-05-11,01,17,23.0,69,20.5,66.0
459559,2026-05-11,01,18,23.0,69,20.5,67.0
459560,2026-05-11,01,19,23.0,69,20.5,67.0
459561,2026-05-11,01,20,23.0,69,20.5,67.0
459562,2026-05-11,01,21,23.0,69,20.5,67.0
459563,2026-05-11,01,22,23.0,69,20.5,67.0
459564,2026-05-11,01,23,23.0,69,20.5,67.0
459565,2026-05-11,01,24,23.0,69,20.5,67.0
459566,2026-05-11,01,25,23.0,69,20.4,67.0
459567,2026-05-11,01,26,23.0,69,20.4,67.0
459568,2026-05-11,01,27,23.0,69,20.4,67.0
459569,2026-05-11,01,28,23.0,69,20.4,67.0
459570,2026-05-11,01,29,23.0,69,20.4,67.0
459571,2026-05-11,01,30,23.0,69,20.4,67.0
459572,2026-05-11,01,31,23.0,69,20.4,67.0
459573,2026-05-11,01,32,23.0,69,20.4,67.0
459574,2026-05-11,01,33,23.0,69,20.4,67.0
459575,2026-05-11,01,34,23.0,69,20.4,67.0
459576,2026-05-11,01,35,23.0,69,20.4,67.0
459577,2026-05-11,01,36,23.0,69,20.4,67.0
459578,2026-05-11,01,37,23.0,69,20.4,67.0
459579,2026-05-11,01,38,23.0,69,20.4,67.0
459580,2026-05-11,01,39,23.0,69,20.4,67.0
459581,2026-05-11,01,40,23.0,69,20.4,67.0
459582,2026-05-11,01,41,23.0,69,20.4,67.0
459583,2026-05-11,01,42,23.0,69,20.4,67.0
459584,2026-05-11,01,43,23.0,69,20.4,67.0
459585,2026-05-11,01,44,23.0,69,20.4,67.0
459586,2026-05-11,01,45,23.0,69,20.4,67.0
459587,2026-05-11,01,46,23.0,69,20.4,67.0
459588,2026-05-11,01,47,23.0,69,20.3,67.0
459589,2026-05-11,01,48,23.0,70,20.3,67.0
459590,2026-05-11,01,49,23.0,70,20.3,67.0
459591,2026-05-11,01,50,23.0,70,20.3,67.0
459592,2026-05-11,01,51,23.0,70,20.3,67.0
459593,2026-05-11,01,52,23.0,70,20.3,67.0
459594,2026-05-11,01,53,23.0,70,20.3,67.0
459595,2026-05-11,01,54,23.0,70,20.3,67.0
459596,2026-05-11,01,55,23.0,70,20.3,67.0
459597,2026-05-11,01,56,22.8,70,20.3,67.0
459598,2026-05-11,01,57,22.8,70,20.3,67.0
459599,2026-05-11,01,58,22.7,70,20.3,67.0
459600,2026-05-11,01,59,22.7,70,20.3,67.0
459601,2026-05-11,02,00,22.7,70,20.3,67.0
459602,2026-05-11,02,01,22.7,70,20.3,67.0
459603,2026-05-11,02,02,22.6,70,20.3,67.0
459604,2026-05-11,02,04,22.6,70,20.3,67.0
459605,2026-05-11,02,05,22.6,70,20.3,67.0
459606,2026-05-11,02,06,22.6,70,20.3,67.0
459607,2026-05-11,02,07,22.6,70,20.3,67.0
459608,2026-05-11,02,08,22.6,70,20.3,67.0
459609,2026-05-11,02,09,22.6,70,20.3,67.0
459610,2026-05-11,02,10,22.6,70,20.3,67.0
459611,2026-05-11,02,11,22.6,70,20.3,67.0
459612,2026-05-11,02,12,22.6,70,20.3,67.0
459613,2026-05-11,02,13,22.6,70,20.3,67.0
459614,2026-05-11,02,14,22.6,70,20.2,67.0
459615,2026-05-11,02,15,22.6,70,20.2,67.0
459616,2026-05-11,02,16,22.6,70,20.2,67.0
459617,2026-05-11,02,17,22.6,70,20.2,67.0
459618,2026-05-11,02,18,22.6,70,20.2,67.0
459619,2026-05-11,02,19,22.6,70,20.2,67.0
459620,2026-05-11,02,20,22.6,70,20.2,67.0
459621,2026-05-11,02,21,22.6,70,20.2,67.0
459622,2026-05-11,02,22,22.6,70,20.2,67.0
459623,2026-05-11,02,23,22.6,70,20.2,67.0
459624,2026-05-11,02,24,22.6,70,20.2,67.0
459625,2026-05-11,02,25,22.6,70,20.2,67.0
459626,2026-05-11,02,26,22.6,70,20.2,67.0
459627,2026-05-11,02,27,22.6,70,20.2,67.0
459628,2026-05-11,02,28,22.6,70,20.2,67.0
459629,2026-05-11,02,29,22.6,70,20.2,67.0
459630,2026-05-11,02,30,22.6,70,20.2,67.0
459631,2026-05-11,02,31,22.6,70,20.2,67.0
459632,2026-05-11,02,32,22.6,70,20.1,67.0
459633,2026-05-11,02,33,22.6,70,20.1,67.0
459634,2026-05-11,02,34,22.6,70,20.1,67.0
459635,2026-05-11,02,35,22.6,70,20.1,67.0
459636,2026-05-11,02,36,22.6,70,20.2,67.0
459637,2026-05-11,02,37,22.6,70,20.2,67.0
459638,2026-05-11,02,38,22.6,70,20.1,67.0
459639,2026-05-11,02,39,22.6,70,20.1,67.0
459640,2026-05-11,02,40,22.6,70,20.1,67.0
459641,2026-05-11,02,41,22.6,70,20.1,67.0
459642,2026-05-11,02,44,22.6,70,20.1,67.0
459643,2026-05-11,02,45,22.6,70,20.1,67.0
459644,2026-05-11,02,46,22.6,70,20.1,67.0
459645,2026-05-11,02,47,22.6,70,20.1,67.0
459646,2026-05-11,02,48,22.6,70,20.0,67.0
459647,2026-05-11,02,49,22.6,70,20.0,67.0
459648,2026-05-11,02,50,22.6,70,20.0,67.0
459649,2026-05-11,02,51,22.6,70,20.0,67.0
459650,2026-05-11,02,52,22.6,70,20.0,67.0
459651,2026-05-11,02,53,22.6,70,20.0,67.0
459652,2026-05-11,02,54,22.6,70,20.0,68.0
459653,2026-05-11,02,55,22.6,70,20.0,68.0
459654,2026-05-11,02,56,22.6,70,19.9,68.0
459655,2026-05-11,02,57,22.6,70,19.9,68.0
459656,2026-05-11,02,58,22.6,70,19.9,68.0
459657,2026-05-11,02,59,22.6,70,19.9,68.0
459658,2026-05-11,03,00,22.6,70,19.9,68.0
459659,2026-05-11,03,01,22.6,70,19.9,68.0
459660,2026-05-11,03,02,22.6,70,19.9,68.0
459661,2026-05-11,03,03,22.6,70,19.9,68.0
459662,2026-05-11,03,04,22.6,70,19.8,68.0
459663,2026-05-11,03,05,22.6,70,19.9,68.0
459664,2026-05-11,03,06,22.6,70,19.8,68.0
459665,2026-05-11,03,07,22.6,70,19.9,68.0
459666,2026-05-11,03,08,22.6,70,19.9,68.0
459667,2026-05-11,03,09,22.6,70,19.8,68.0
459668,2026-05-11,03,10,22.6,70,19.8,68.0
459669,2026-05-11,03,11,22.6,70,19.8,68.0
459670,2026-05-11,03,12,22.6,70,19.8,68.0
459671,2026-05-11,03,14,22.6,70,19.8,68.0
459672,2026-05-11,03,15,22.6,70,19.8,68.0
459673,2026-05-11,03,16,22.6,70,19.8,68.0
459674,2026-05-11,03,17,22.6,70,19.8,68.0
459675,2026-05-11,03,18,22.6,70,19.8,68.0
459676,2026-05-11,03,19,22.6,70,19.8,68.0
459677,2026-05-11,03,20,22.5,70,19.8,68.0
459678,2026-05-11,03,21,22.3,70,19.8,68.0
459679,2026-05-11,03,22,22.3,70,19.8,68.0
459680,2026-05-11,03,23,22.3,70,19.8,68.0
459681,2026-05-11,03,24,22.3,70,19.8,68.0
459682,2026-05-11,03,25,22.3,70,19.8,68.0
459683,2026-05-11,03,26,22.2,70,19.8,68.0
459684,2026-05-11,03,27,22.2,70,19.8,68.0
459685,2026-05-11,03,28,22.2,70,19.8,68.0
459686,2026-05-11,03,29,22.2,70,19.8,68.0
459687,2026-05-11,03,30,22.2,70,19.8,68.0
459688,2026-05-11,03,31,22.2,70,19.8,68.0
459689,2026-05-11,03,32,22.2,70,19.8,68.0
459690,2026-05-11,03,33,22.2,70,19.8,68.0
459691,2026-05-11,03,34,22.2,70,19.9,68.0
459692,2026-05-11,03,35,22.2,70,19.9,67.0
459693,2026-05-11,03,36,22.2,70,19.9,67.0
459694,2026-05-11,03,37,22.2,70,19.9,67.0
459695,2026-05-11,03,38,22.2,70,19.8,67.0
459696,2026-05-11,03,39,22.2,70,19.8,67.0
459697,2026-05-11,03,40,22.2,70,19.8,68.0
459698,2026-05-11,03,41,22.2,70,19.8,68.0
459699,2026-05-11,03,42,22.2,70,19.8,68.0
459700,2026-05-11,03,43,22.2,70,19.8,68.0
459701,2026-05-11,03,44,22.2,70,19.8,68.0
459702,2026-05-11,03,45,22.2,70,19.8,68.0
459703,2026-05-11,03,46,22.2,70,19.8,68.0
459704,2026-05-11,03,47,22.2,70,19.7,68.0
459705,2026-05-11,03,48,22.2,70,19.8,68.0
459706,2026-05-11,03,49,22.2,70,19.8,68.0
459707,2026-05-11,03,50,22.2,70,19.7,68.0
459708,2026-05-11,03,51,22.2,70,19.8,68.0
459709,2026-05-11,03,52,22.2,70,19.8,68.0
459710,2026-05-11,03,53,22.2,70,19.8,68.0
459711,2026-05-11,03,54,22.2,70,19.8,68.0
459712,2026-05-11,03,55,22.2,70,19.8,68.0
459713,2026-05-11,03,56,22.2,70,19.8,68.0
459714,2026-05-11,03,57,22.2,70,19.8,67.0
459715,2026-05-11,03,58,22.2,70,19.8,67.0
459716,2026-05-11,03,59,22.2,70,19.8,67.0
459717,2026-05-11,04,00,22.2,70,19.8,67.0
459718,2026-05-11,04,01,22.2,70,19.8,67.0
459719,2026-05-11,04,02,22.2,70,19.8,67.0
459720,2026-05-11,04,03,22.2,70,19.9,67.0
459721,2026-05-11,04,04,22.2,70,19.8,67.0
459722,2026-05-11,04,05,22.2,70,19.8,67.0
459723,2026-05-11,04,06,22.2,70,19.8,67.0
459724,2026-05-11,04,07,22.2,70,19.9,67.0
459725,2026-05-11,04,08,22.2,70,19.8,67.0
459726,2026-05-11,04,09,22.2,70,19.9,67.0
459727,2026-05-11,04,10,22.2,70,19.9,67.0
459728,2026-05-11,04,11,22.2,70,19.9,67.0
459729,2026-05-11,04,12,22.2,70,19.9,67.0
459730,2026-05-11,04,13,22.2,70,19.9,67.0
459731,2026-05-11,04,14,22.2,70,19.9,67.0
459732,2026-05-11,04,15,22.2,70,19.9,67.0
459733,2026-05-11,04,16,22.2,70,19.9,67.0
459734,2026-05-11,04,17,22.2,70,19.9,67.0
459735,2026-05-11,04,18,22.2,70,19.9,67.0
459736,2026-05-11,04,19,22.2,70,19.9,67.0
459737,2026-05-11,04,20,22.2,70,19.9,67.0
459738,2026-05-11,04,21,22.2,70,19.9,67.0
459739,2026-05-11,04,22,22.2,70,19.9,67.0
459740,2026-05-11,04,24,22.2,70,19.9,67.0
459741,2026-05-11,04,25,22.2,70,19.9,67.0
459742,2026-05-11,04,26,22.2,70,19.9,67.0
459743,2026-05-11,04,27,22.2,70,19.9,67.0
459744,2026-05-11,04,28,22.2,70,19.9,67.0
459745,2026-05-11,04,29,22.2,70,19.9,67.0
459746,2026-05-11,04,30,22.2,70,19.9,67.0
459747,2026-05-11,04,31,22.2,70,19.9,67.0
459748,2026-05-11,04,32,22.2,70,19.9,67.0
459749,2026-05-11,04,33,22.2,70,19.9,67.0
459750,2026-05-11,04,34,22.2,70,19.9,67.0
459751,2026-05-11,04,35,22.2,70,19.9,67.0
459752,2026-05-11,04,36,22.2,70,19.9,67.0
459753,2026-05-11,04,37,22.2,70,19.9,67.0
459754,2026-05-11,04,38,22.2,70,19.9,67.0
459755,2026-05-11,04,39,22.2,70,19.9,67.0
459756,2026-05-11,04,40,22.2,70,19.9,67.0
459757,2026-05-11,04,41,22.2,70,19.9,67.0
459758,2026-05-11,04,42,22.2,70,19.9,67.0
459759,2026-05-11,04,43,22.2,70,19.9,67.0
459760,2026-05-11,04,44,22.2,70,19.9,67.0
459761,2026-05-11,04,45,22.2,70,19.9,67.0
459762,2026-05-11,04,46,22.2,70,19.8,67.0
459763,2026-05-11,04,47,22.2,70,19.8,67.0
459764,2026-05-11,04,48,22.2,70,19.8,67.0
459765,2026-05-11,04,49,22.2,70,19.8,67.0
459766,2026-05-11,04,50,22.2,70,19.8,67.0
459767,2026-05-11,04,51,22.2,70,19.8,67.0
459768,2026-05-11,04,52,22.2,70,19.8,67.0
459769,2026-05-11,04,53,22.2,70,19.8,67.0
459770,2026-05-11,04,54,22.2,70,19.8,67.0
459771,2026-05-11,04,55,22.2,70,19.8,67.0
459772,2026-05-11,04,56,22.2,70,19.8,67.0
459773,2026-05-11,04,57,22.2,70,19.8,67.0
459774,2026-05-11,04,58,22.2,70,19.8,67.0
459775,2026-05-11,04,59,22.2,70,19.8,67.0
459776,2026-05-11,05,00,22.2,70,19.8,67.0
459777,2026-05-11,05,01,22.2,70,19.7,67.0
459778,2026-05-11,05,02,22.2,70,19.8,67.0
459779,2026-05-11,05,03,22.2,70,19.7,67.0
459780,2026-05-11,05,04,22.2,70,19.8,67.0
459781,2026-05-11,05,05,22.2,70,19.7,67.0
459782,2026-05-11,05,06,22.2,70,19.8,67.0
459783,2026-05-11,05,07,22.2,70,19.8,67.0
459784,2026-05-11,05,08,22.2,70,19.7,67.0
459785,2026-05-11,05,09,22.2,70,19.8,67.0
459786,2026-05-11,05,10,22.2,70,19.7,67.0
459787,2026-05-11,05,11,22.1,70,19.7,67.0
459788,2026-05-11,05,12,21.9,70,19.7,67.0
459789,2026-05-11,05,13,21.9,70,19.8,67.0
459790,2026-05-11,05,14,21.9,70,19.7,67.0
459791,2026-05-11,05,15,21.8,70,19.7,67.0
459792,2026-05-11,05,16,21.8,70,19.7,67.0
459793,2026-05-11,05,17,21.8,70,19.7,67.0
459794,2026-05-11,05,18,21.8,70,19.7,67.0
459795,2026-05-11,05,19,21.8,70,19.7,67.0
459796,2026-05-11,05,20,21.8,70,19.7,67.0
459797,2026-05-11,05,21,21.8,70,19.7,67.0
459798,2026-05-11,05,22,21.8,70,19.7,67.0
459799,2026-05-11,05,23,21.8,70,19.7,67.0
459800,2026-05-11,05,24,21.8,70,19.7,67.0
459801,2026-05-11,05,25,21.8,70,19.7,67.0
459802,2026-05-11,05,26,21.8,70,19.6,67.0
459803,2026-05-11,05,27,21.8,70,19.6,67.0
459804,2026-05-11,05,28,21.8,70,19.6,67.0
459805,2026-05-11,05,29,21.8,70,19.6,68.0
459806,2026-05-11,05,30,21.8,70,19.6,68.0
459807,2026-05-11,05,31,21.8,70,19.6,68.0
459808,2026-05-11,05,32,21.8,70,19.6,68.0
459809,2026-05-11,05,34,21.8,70,19.6,68.0
459810,2026-05-11,05,35,21.8,70,19.6,68.0
459811,2026-05-11,05,36,21.8,70,19.6,68.0
459812,2026-05-11,05,37,21.8,70,19.6,68.0
459813,2026-05-11,05,38,21.8,70,19.6,68.0
459814,2026-05-11,05,39,21.8,70,19.5,68.0
459815,2026-05-11,05,40,21.8,70,19.5,68.0
459816,2026-05-11,05,41,21.8,70,19.5,68.0
459817,2026-05-11,05,42,21.8,70,19.5,68.0
459818,2026-05-11,05,43,21.8,70,19.5,68.0
459819,2026-05-11,05,44,21.8,70,19.5,68.0
459820,2026-05-11,05,45,21.8,70,19.5,68.0
459821,2026-05-11,05,46,21.8,70,19.4,68.0
459822,2026-05-11,05,47,21.8,70,19.4,68.0
459823,2026-05-11,05,48,21.8,70,19.4,68.0
459824,2026-05-11,05,49,21.8,70,19.4,68.0
459825,2026-05-11,05,50,21.8,70,19.4,68.0
459826,2026-05-11,05,51,21.8,70,19.4,68.0
459827,2026-05-11,05,52,21.8,70,19.4,68.0
459828,2026-05-11,05,53,21.8,70,19.4,68.0
459829,2026-05-11,05,54,21.8,70,19.3,68.0
459830,2026-05-11,05,55,21.8,70,19.3,68.0
459831,2026-05-11,05,56,21.8,70,19.3,68.0
459832,2026-05-11,05,57,21.8,70,19.3,68.0
459833,2026-05-11,05,58,21.8,70,19.3,68.0
459834,2026-05-11,05,59,21.8,70,19.3,68.0
459835,2026-05-11,06,00,21.8,70,19.3,68.0
459836,2026-05-11,06,01,21.8,70,19.3,68.0
459837,2026-05-11,06,02,21.8,70,19.3,68.0
459838,2026-05-11,06,03,21.8,70,19.3,68.0
459839,2026-05-11,06,04,21.8,70,19.3,68.0
459840,2026-05-11,06,05,21.8,70,19.3,68.0
459841,2026-05-11,06,06,21.8,70,19.3,68.0
459842,2026-05-11,06,07,21.8,70,19.3,68.0
459843,2026-05-11,06,08,21.8,70,19.3,68.0
459844,2026-05-11,06,09,21.8,70,19.3,68.0
459845,2026-05-11,06,10,21.8,70,19.3,68.0
459846,2026-05-11,06,11,21.8,70,19.3,68.0
459847,2026-05-11,06,12,21.8,70,19.3,68.0
459848,2026-05-11,06,13,21.8,70,19.3,68.0
459849,2026-05-11,06,14,21.8,70,19.3,68.0
459850,2026-05-11,06,15,21.8,70,19.3,68.0
459851,2026-05-11,06,16,21.8,70,19.3,68.0
459852,2026-05-11,06,17,21.8,70,19.2,68.0
459853,2026-05-11,06,18,21.8,70,19.2,68.0
459854,2026-05-11,06,19,21.8,70,19.3,68.0
459855,2026-05-11,06,20,21.8,70,19.3,68.0
459856,2026-05-11,06,21,21.8,70,19.3,68.0
459857,2026-05-11,06,22,21.8,70,19.3,68.0
459858,2026-05-11,06,23,21.8,70,19.3,68.0
459859,2026-05-11,06,24,21.8,70,19.3,68.0
459860,2026-05-11,06,25,21.8,70,19.3,68.0
459861,2026-05-11,06,26,21.8,70,19.3,68.0
459862,2026-05-11,06,27,21.8,70,19.3,68.0
459863,2026-05-11,06,28,21.8,70,19.3,68.0
459864,2026-05-11,06,29,21.8,70,19.3,68.0
459865,2026-05-11,06,30,21.8,70,19.3,68.0
459866,2026-05-11,06,31,21.8,70,19.3,68.0
459867,2026-05-11,06,32,21.8,70,19.3,68.0
459868,2026-05-11,06,33,21.8,70,19.4,68.0
459869,2026-05-11,06,34,21.8,70,19.4,68.0
459870,2026-05-11,06,35,21.8,70,19.4,68.0
459871,2026-05-11,06,36,21.8,70,19.4,68.0
459872,2026-05-11,06,37,21.8,70,19.4,68.0
459873,2026-05-11,06,38,21.8,70,19.4,67.0
459874,2026-05-11,06,39,21.8,70,19.4,67.0
459875,2026-05-11,06,40,21.8,70,19.5,67.0
459876,2026-05-11,06,41,21.8,70,19.5,67.0
459877,2026-05-11,06,42,21.8,70,19.5,67.0
459878,2026-05-11,06,44,21.8,70,19.6,67.0
459879,2026-05-11,06,45,21.7,70,19.6,67.0
459880,2026-05-11,06,46,21.8,70,19.6,67.0
459881,2026-05-11,06,47,21.8,70,19.6,67.0
459882,2026-05-11,06,48,21.8,70,19.6,67.0
459883,2026-05-11,06,49,21.7,70,19.6,67.0
459884,2026-05-11,06,50,21.5,70,19.6,67.0
459885,2026-05-11,06,51,21.5,70,19.6,66.0
459886,2026-05-11,06,52,21.5,70,19.6,66.0
459887,2026-05-11,06,53,21.5,70,19.6,66.0
459888,2026-05-11,06,54,21.5,70,19.6,66.0
459889,2026-05-11,06,55,21.5,70,19.7,66.0
459890,2026-05-11,06,56,21.8,70,19.7,66.0
459891,2026-05-11,06,57,21.8,70,19.7,66.0
459892,2026-05-11,06,58,21.7,70,19.7,66.0
459893,2026-05-11,06,59,21.8,70,19.7,66.0
459894,2026-05-11,07,00,21.8,70,19.7,66.0
459895,2026-05-11,07,01,21.7,70,19.7,66.0
459896,2026-05-11,07,02,21.6,70,19.7,66.0
459897,2026-05-11,07,03,21.8,70,19.7,66.0
459898,2026-05-11,07,04,21.8,70,19.7,66.0
459899,2026-05-11,07,05,21.8,70,19.7,66.0
459900,2026-05-11,07,06,21.7,70,19.8,66.0
459901,2026-05-11,07,07,21.5,70,19.8,66.0
459902,2026-05-11,07,08,21.5,70,19.8,66.0
459903,2026-05-11,07,09,21.5,70,19.8,66.0
459904,2026-05-11,07,10,21.5,70,19.8,66.0
459905,2026-05-11,07,11,21.5,70,19.8,66.0
459906,2026-05-11,07,12,21.5,70,19.9,66.0
459907,2026-05-11,07,13,21.5,70,19.9,66.0
459908,2026-05-11,07,14,21.8,70,19.9,66.0
459909,2026-05-11,07,15,21.8,70,20.0,66.0
459910,2026-05-11,07,16,21.8,70,20.0,65.0
459911,2026-05-11,07,17,21.8,70,20.1,65.0
459912,2026-05-11,07,18,21.8,70,20.1,66.0
459913,2026-05-11,07,19,21.8,70,20.1,65.0
459914,2026-05-11,07,20,21.8,70,20.1,65.0
459915,2026-05-11,07,21,21.8,70,20.1,65.0
459916,2026-05-11,07,22,21.8,70,20.2,65.0
459917,2026-05-11,07,23,21.8,70,20.2,65.0
459918,2026-05-11,07,24,21.7,70,20.2,65.0
459919,2026-05-11,07,25,21.6,70,20.2,65.0
459920,2026-05-11,07,26,21.8,70,20.3,65.0
459921,2026-05-11,07,27,21.8,70,20.3,64.0
459922,2026-05-11,07,28,21.8,69,20.3,64.0
459923,2026-05-11,07,29,21.8,69,20.4,64.0
459924,2026-05-11,07,30,21.8,69,20.5,64.0
459925,2026-05-11,07,31,21.8,69,20.5,64.0
459926,2026-05-11,07,32,21.8,69,20.6,63.0
459927,2026-05-11,07,33,21.8,69,20.7,63.0
459928,2026-05-11,07,34,21.8,69,20.9,63.0
459929,2026-05-11,07,35,21.8,69,21.0,62.0
459930,2026-05-11,07,36,21.8,69,21.1,62.0
459931,2026-05-11,07,37,21.8,69,21.2,62.0
459932,2026-05-11,07,38,21.8,69,21.3,61.0
459933,2026-05-11,07,39,21.8,69,21.4,61.0
459934,2026-05-11,07,40,21.8,69,21.5,61.0
459935,2026-05-11,07,41,21.8,69,21.5,61.0
459936,2026-05-11,07,42,21.8,69,21.5,61.0
459937,2026-05-11,07,43,21.8,69,21.6,61.0
459938,2026-05-11,07,44,21.8,69,21.6,61.0
459939,2026-05-11,07,45,21.8,69,21.7,61.0
459940,2026-05-11,07,46,21.8,70,21.7,61.0
459941,2026-05-11,07,47,21.8,70,21.7,61.0
459942,2026-05-11,07,48,21.8,70,21.8,61.0
459943,2026-05-11,07,49,21.8,70,21.8,61.0
459944,2026-05-11,07,50,21.8,70,21.8,61.0
459945,2026-05-11,07,51,21.8,71,21.7,62.0
459946,2026-05-11,07,52,21.8,71,21.6,62.0
459947,2026-05-11,07,53,21.8,71,21.5,62.0
459948,2026-05-11,07,54,21.8,71,21.5,63.0
459949,2026-05-11,07,55,21.8,71,21.4,63.0
459950,2026-05-11,07,56,21.8,71,21.4,63.0
459951,2026-05-11,07,57,21.8,71,21.3,63.0
459952,2026-05-11,07,58,21.8,71,21.3,63.0
459953,2026-05-11,07,59,21.8,71,21.2,63.0
459954,2026-05-11,08,00,21.8,71,21.2,63.0
459955,2026-05-11,08,01,21.8,71,21.2,63.0
459956,2026-05-11,08,02,21.8,71,21.3,64.0
459957,2026-05-11,08,03,21.8,71,21.3,63.0
459958,2026-05-11,08,04,21.8,71,21.4,63.0
459959,2026-05-11,08,05,21.8,71,21.4,63.0
459960,2026-05-11,08,06,21.8,71,21.5,63.0
459961,2026-05-11,08,07,21.8,71,21.6,63.0
459962,2026-05-11,08,08,21.8,71,21.7,63.0
459963,2026-05-11,08,09,21.8,71,21.7,62.0
459964,2026-05-11,08,10,21.8,71,21.7,62.0
459965,2026-05-11,08,11,21.8,71,21.7,62.0
459966,2026-05-11,08,12,21.8,71,21.7,62.0
459967,2026-05-11,08,13,21.8,71,21.7,62.0
459968,2026-05-11,08,14,21.8,71,21.8,62.0
459969,2026-05-11,08,15,21.8,71,21.8,62.0
459970,2026-05-11,08,16,21.8,71,21.9,62.0
459971,2026-05-11,08,17,21.8,71,21.9,62.0
459972,2026-05-11,08,18,21.8,71,22.0,61.0
459973,2026-05-11,08,19,21.8,71,22.0,61.0
459974,2026-05-11,08,20,21.8,71,22.0,61.0
459975,2026-05-11,08,21,21.8,71,22.0,61.0
459976,2026-05-11,08,22,21.8,71,22.0,61.0
459977,2026-05-11,08,23,21.8,71,22.0,61.0
459978,2026-05-11,08,24,21.8,71,22.0,61.0
459979,2026-05-11,08,25,21.8,71,22.0,61.0
459980,2026-05-11,08,26,21.8,71,22.0,61.0
459981,2026-05-11,08,27,21.8,71,22.0,61.0
459982,2026-05-11,08,28,21.8,71,21.9,61.0
459983,2026-05-11,08,29,21.8,71,21.9,61.0
459984,2026-05-11,08,30,21.8,71,21.9,61.0
459985,2026-05-11,08,31,21.8,71,21.9,61.0
459986,2026-05-11,08,32,21.8,71,21.9,61.0
459987,2026-05-11,08,33,21.8,71,22.0,61.0
459988,2026-05-11,08,34,21.8,71,22.0,61.0
459989,2026-05-11,08,35,21.8,71,22.0,61.0
459990,2026-05-11,08,36,21.8,71,21.9,61.0
459991,2026-05-11,08,37,21.8,71,21.9,62.0
459992,2026-05-11,08,38,21.8,71,21.9,62.0
459993,2026-05-11,08,39,21.9,71,21.9,62.0
459994,2026-05-11,08,40,22.2,71,22.0,62.0
459995,2026-05-11,08,41,22.2,71,22.0,62.0
459996,2026-05-11,08,42,22.2,71,22.0,62.0
459997,2026-05-11,08,43,22.2,71,22.1,62.0
459998,2026-05-11,08,44,22.2,71,22.2,62.0
459999,2026-05-11,08,45,22.2,72,22.3,62.0
460000,2026-05-11,08,46,22.2,72,22.4,62.0
460001,2026-05-11,08,47,22.2,72,22.4,61.0
460002,2026-05-11,08,48,22.2,72,22.5,61.0
460003,2026-05-11,08,49,22.2,72,22.6,61.0
460004,2026-05-11,08,50,22.2,72,22.6,61.0
460005,2026-05-11,08,51,22.2,72,22.6,61.0
460006,2026-05-11,08,52,22.2,72,22.6,61.0
460007,2026-05-11,08,53,22.2,72,22.6,60.0
460008,2026-05-11,08,54,22.2,72,22.6,60.0
460009,2026-05-11,08,55,22.2,72,22.6,60.0
460010,2026-05-11,08,56,22.2,72,22.6,60.0
460011,2026-05-11,08,57,22.2,72,22.6,60.0
460012,2026-05-11,08,58,22.1,72,22.6,60.0
460013,2026-05-11,08,59,22.2,72,22.6,60.0
460014,2026-05-11,09,00,22.0,72,22.6,60.0
460015,2026-05-11,09,01,22.2,72,22.6,60.0
460016,2026-05-11,09,02,22.2,72,22.6,60.0
460017,2026-05-11,09,03,22.2,72,22.6,60.0
460018,2026-05-11,09,04,22.2,72,22.6,60.0
460019,2026-05-11,09,05,22.2,72,22.6,60.0
460020,2026-05-11,09,06,22.2,71,22.6,60.0
460021,2026-05-11,09,07,22.0,71,22.6,60.0
460022,2026-05-11,09,08,22.2,71,22.6,60.0
460023,2026-05-11,09,09,22.2,71,22.7,60.0
460024,2026-05-11,09,10,22.2,71,22.7,59.0
460025,2026-05-11,09,11,22.2,71,22.7,59.0
460026,2026-05-11,09,12,22.2,71,22.7,59.0
460027,2026-05-11,09,13,22.2,71,22.7,59.0
460028,2026-05-11,09,14,22.2,71,22.7,59.0
460029,2026-05-11,09,15,22.2,71,22.7,59.0
460030,2026-05-11,09,16,22.2,71,22.7,59.0
460031,2026-05-11,09,17,22.2,71,22.7,59.0
460032,2026-05-11,09,18,22.2,71,22.7,59.0
460033,2026-05-11,09,19,22.2,71,22.7,59.0
460034,2026-05-11,09,20,22.2,71,22.8,59.0
460035,2026-05-11,09,21,22.2,71,22.8,59.0
460036,2026-05-11,09,22,22.2,71,22.9,59.0
460037,2026-05-11,09,23,22.2,71,22.9,59.0
460038,2026-05-11,09,24,22.2,71,23.0,59.0
460039,2026-05-11,09,25,22.2,71,23.1,58.0
460040,2026-05-11,09,26,22.2,71,23.1,58.0
460041,2026-05-11,09,27,22.2,71,23.2,58.0
460042,2026-05-11,09,28,22.2,71,23.2,58.0
460043,2026-05-11,09,29,22.2,71,23.3,58.0
460044,2026-05-11,09,30,22.2,71,23.3,58.0
460045,2026-05-11,09,31,22.2,70,23.4,57.0
460046,2026-05-11,09,32,22.2,70,23.4,57.0
460047,2026-05-11,09,33,22.2,70,23.4,57.0
460048,2026-05-11,09,34,22.2,70,23.5,57.0
460049,2026-05-11,09,35,22.2,70,23.4,57.0
460050,2026-05-11,09,36,22.2,70,23.5,57.0
460051,2026-05-11,09,37,22.2,70,23.5,57.0
460052,2026-05-11,09,38,22.2,70,23.5,57.0
460053,2026-05-11,09,39,22.2,70,23.6,56.0
460054,2026-05-11,09,40,22.2,70,23.6,56.0
460055,2026-05-11,09,41,22.2,70,23.7,56.0
460056,2026-05-11,09,42,22.2,70,23.7,56.0
460057,2026-05-11,09,43,22.2,70,23.8,56.0
460058,2026-05-11,09,44,22.2,70,23.8,56.0
460059,2026-05-11,09,45,22.2,70,23.9,56.0
460060,2026-05-11,09,46,22.2,69,23.9,56.0
460061,2026-05-11,09,47,22.2,69,24.0,55.0
460062,2026-05-11,09,48,22.2,69,24.0,55.0
460063,2026-05-11,09,49,22.2,69,24.1,55.0
460064,2026-05-11,09,50,22.2,69,24.1,55.0
460065,2026-05-11,09,51,22.2,69,24.1,55.0
460066,2026-05-11,09,52,22.2,69,24.1,55.0
460067,2026-05-11,09,53,22.2,69,24.1,55.0
460068,2026-05-11,09,54,22.2,69,24.0,55.0
460069,2026-05-11,09,55,22.2,69,24.0,55.0
460070,2026-05-11,09,56,22.2,69,23.9,55.0
460071,2026-05-11,09,57,22.2,69,23.9,56.0
460072,2026-05-11,09,58,22.2,69,23.8,56.0
460073,2026-05-11,09,59,22.2,69,23.8,56.0
460074,2026-05-11,10,00,22.2,69,23.7,56.0
460075,2026-05-11,10,01,22.2,69,23.6,56.0
460076,2026-05-11,10,02,22.2,69,23.6,56.0
460077,2026-05-11,10,03,22.2,69,23.5,57.0
460078,2026-05-11,10,04,22.2,69,23.4,57.0
460079,2026-05-11,10,05,22.2,69,23.2,57.0
460080,2026-05-11,10,06,22.2,69,23.1,57.0
460081,2026-05-11,10,07,22.2,70,23.0,58.0
460082,2026-05-11,10,08,22.2,70,23.0,58.0
460083,2026-05-11,10,09,22.2,70,23.0,58.0
460084,2026-05-11,10,10,22.2,69,23.0,58.0
460085,2026-05-11,10,11,22.2,70,23.1,58.0
460086,2026-05-11,10,12,22.2,70,23.1,57.0
460087,2026-05-11,10,13,22.2,70,23.2,57.0
460088,2026-05-11,10,14,22.2,70,23.3,57.0
460089,2026-05-11,10,15,22.2,70,23.4,57.0
460090,2026-05-11,10,16,22.2,70,23.4,57.0
460091,2026-05-11,10,17,22.2,70,23.4,57.0
460092,2026-05-11,10,18,22.2,70,23.4,57.0
460093,2026-05-11,10,19,22.2,70,23.4,57.0
460094,2026-05-11,10,20,22.2,70,23.3,57.0
460095,2026-05-11,10,21,22.2,70,23.3,57.0
460096,2026-05-11,10,22,22.2,70,23.3,57.0
460097,2026-05-11,10,23,22.2,70,23.2,57.0
460098,2026-05-11,10,24,22.2,70,23.2,57.0
460099,2026-05-11,10,25,22.2,70,23.2,57.0
460100,2026-05-11,10,26,22.2,70,23.3,57.0
460101,2026-05-11,10,27,22.2,70,23.3,57.0
460102,2026-05-11,10,28,22.2,70,23.3,57.0
460103,2026-05-11,10,29,22.2,70,23.4,57.0
460104,2026-05-11,10,30,22.2,70,23.3,57.0
460105,2026-05-11,10,31,22.2,70,23.3,57.0
460106,2026-05-11,10,32,22.2,70,23.3,57.0
460107,2026-05-11,10,33,22.2,70,23.3,57.0
460108,2026-05-11,10,34,22.2,70,23.3,57.0
460109,2026-05-11,10,35,22.2,70,23.3,57.0
460110,2026-05-11,10,36,22.2,70,23.3,57.0
460111,2026-05-11,10,37,22.2,70,23.3,57.0
460112,2026-05-11,10,38,22.2,70,23.3,57.0
460113,2026-05-11,10,39,22.2,70,23.3,57.0
460114,2026-05-11,10,40,22.2,70,23.4,57.0
460115,2026-05-11,10,41,22.2,69,23.5,57.0
460116,2026-05-11,10,42,22.2,69,23.6,56.0
460117,2026-05-11,10,43,22.2,69,23.8,56.0
460118,2026-05-11,10,44,22.2,69,24.0,56.0
460119,2026-05-11,10,45,22.2,69,24.2,55.0
460120,2026-05-11,10,46,22.2,69,24.3,55.0
460121,2026-05-11,10,47,22.2,69,24.4,55.0
460122,2026-05-11,10,48,22.2,69,24.5,55.0
460123,2026-05-11,10,49,22.2,69,24.5,54.0
460124,2026-05-11,10,50,22.2,69,24.6,54.0
460125,2026-05-11,10,51,22.2,69,24.6,54.0
460126,2026-05-11,10,52,22.2,69,24.5,54.0
460127,2026-05-11,10,53,22.2,69,24.5,54.0
460128,2026-05-11,10,54,22.2,69,24.4,54.0
460129,2026-05-11,10,55,22.2,69,24.4,54.0
460130,2026-05-11,10,56,22.2,69,24.3,54.0
460131,2026-05-11,10,57,22.3,69,24.4,54.0
460132,2026-05-11,10,58,22.3,69,24.4,54.0
460133,2026-05-11,10,59,22.3,69,24.4,54.0
460134,2026-05-11,11,00,22.6,69,24.5,54.0
460135,2026-05-11,11,01,22.6,69,24.6,54.0
460136,2026-05-11,11,02,22.6,69,24.7,54.0
460137,2026-05-11,11,03,22.6,69,24.8,54.0
460138,2026-05-11,11,04,22.6,69,24.9,53.0
460139,2026-05-11,11,05,22.6,69,25.0,53.0
460140,2026-05-11,11,06,22.6,69,25.1,53.0
460141,2026-05-11,11,07,22.6,69,25.2,53.0
460142,2026-05-11,11,08,22.6,69,25.3,53.0
460143,2026-05-11,11,09,22.6,69,25.3,53.0
460144,2026-05-11,11,10,22.6,69,25.4,53.0
460145,2026-05-11,11,11,22.6,69,25.5,52.0
460146,2026-05-11,11,12,22.6,69,25.5,52.0
460147,2026-05-11,11,13,22.6,69,25.6,52.0
460148,2026-05-11,11,14,22.6,69,25.5,52.0
460149,2026-05-11,11,15,22.6,69,25.5,52.0
460150,2026-05-11,11,16,22.6,69,25.4,52.0
460151,2026-05-11,11,17,22.6,69,25.3,53.0
460152,2026-05-11,11,18,22.6,69,25.2,53.0
460153,2026-05-11,11,19,22.6,69,25.0,53.0
460154,2026-05-11,11,20,22.6,69,24.9,53.0
460155,2026-05-11,11,21,22.6,69,24.7,54.0
460156,2026-05-11,11,22,22.6,69,24.6,54.0
460157,2026-05-11,11,23,22.6,69,24.6,54.0
460158,2026-05-11,11,24,22.6,69,24.5,54.0
460159,2026-05-11,11,25,22.6,69,24.5,54.0
460160,2026-05-11,11,26,22.6,69,24.5,54.0
460161,2026-05-11,11,27,22.6,69,24.5,54.0
460162,2026-05-11,11,28,22.6,69,24.6,54.0
460163,2026-05-11,11,29,22.6,69,24.6,54.0
460164,2026-05-11,11,30,22.6,69,24.8,54.0
460165,2026-05-11,11,31,22.6,69,25.0,54.0
460166,2026-05-11,11,32,22.6,69,25.1,53.0
460167,2026-05-11,11,33,22.6,69,25.3,53.0
460168,2026-05-11,11,34,22.6,69,25.4,52.0
460169,2026-05-11,11,35,22.6,69,25.6,52.0
460170,2026-05-11,11,36,22.6,69,25.7,52.0
460171,2026-05-11,11,37,22.6,69,25.8,51.0
460172,2026-05-11,11,38,22.6,69,25.9,51.0
460173,2026-05-11,11,39,22.6,69,26.0,51.0
460174,2026-05-11,11,40,22.6,69,26.1,51.0
460175,2026-05-11,11,41,22.6,69,26.1,51.0
460176,2026-05-11,11,42,22.6,69,26.2,51.0
460177,2026-05-11,11,43,22.6,69,26.2,51.0
460178,2026-05-11,11,44,22.6,69,26.3,51.0
460179,2026-05-11,11,45,22.6,69,26.3,51.0
460180,2026-05-11,11,46,22.7,69,26.3,51.0
460181,2026-05-11,11,47,23.0,69,26.3,51.0
460182,2026-05-11,11,48,23.0,69,26.3,51.0
460183,2026-05-11,11,49,23.0,69,26.4,51.0
460184,2026-05-11,11,50,23.0,69,26.4,51.0
460185,2026-05-11,11,51,23.0,69,26.4,51.0
460186,2026-05-11,11,52,23.0,69,26.4,51.0
460187,2026-05-11,11,53,23.0,69,26.5,51.0
460188,2026-05-11,11,54,23.0,69,26.6,50.0
460189,2026-05-11,11,55,23.0,69,26.6,50.0
460190,2026-05-11,11,56,23.0,69,26.7,50.0
460191,2026-05-11,11,57,23.0,69,26.7,50.0
460192,2026-05-11,11,58,23.0,69,26.8,50.0
460193,2026-05-11,11,59,23.0,69,26.8,50.0
460194,2026-05-11,12,00,23.0,69,26.8,50.0
460195,2026-05-11,12,01,23.0,69,26.8,50.0
460196,2026-05-11,12,02,23.0,69,26.8,50.0
460197,2026-05-11,12,03,23.0,69,26.7,50.0
460198,2026-05-11,12,04,23.0,69,26.7,50.0
460199,2026-05-11,12,05,23.0,69,26.6,50.0
460200,2026-05-11,12,06,23.0,69,26.5,51.0
460201,2026-05-11,12,07,23.0,69,26.4,51.0
460202,2026-05-11,12,08,23.4,69,26.4,51.0
460203,2026-05-11,12,09,23.4,69,26.3,51.0
460204,2026-05-11,12,10,23.4,69,26.3,51.0
460205,2026-05-11,12,11,23.4,69,26.3,51.0
460206,2026-05-11,12,12,23.4,70,26.3,50.0
460207,2026-05-11,12,13,23.4,70,26.2,51.0
460208,2026-05-11,12,14,23.4,70,26.2,51.0
460209,2026-05-11,12,15,23.4,71,26.1,52.0
460210,2026-05-11,12,16,23.4,71,26.1,52.0
460211,2026-05-11,12,17,23.4,71,26.0,53.0
460212,2026-05-11,12,18,23.4,72,25.9,52.0
460213,2026-05-11,12,19,23.4,72,25.9,53.0
460214,2026-05-11,12,20,23.4,72,25.8,54.0
460215,2026-05-11,12,21,23.4,72,25.8,54.0
460216,2026-05-11,12,22,23.4,72,25.9,54.0
460217,2026-05-11,12,23,23.4,73,25.9,54.0
460218,2026-05-11,12,24,23.4,73,26.0,54.0
460219,2026-05-11,12,25,23.4,73,26.1,54.0
460220,2026-05-11,12,26,23.4,73,26.1,54.0
460221,2026-05-11,12,27,23.4,73,26.2,54.0
460222,2026-05-11,12,28,23.4,73,26.3,54.0
460223,2026-05-11,12,29,23.4,73,26.4,54.0
460224,2026-05-11,12,30,23.4,73,26.5,54.0
460225,2026-05-11,12,31,23.4,73,26.5,54.0
460226,2026-05-11,12,32,23.4,73,26.6,54.0
460227,2026-05-11,12,33,23.4,73,26.6,54.0
460228,2026-05-11,12,34,23.4,73,26.6,54.0
460229,2026-05-11,12,35,23.4,73,26.6,54.0
460230,2026-05-11,12,36,23.4,73,26.6,54.0
460231,2026-05-11,12,37,23.4,73,26.6,54.0
460232,2026-05-11,12,38,23.4,73,26.5,54.0
460233,2026-05-11,12,39,23.4,73,26.4,54.0
460234,2026-05-11,12,40,23.7,73,26.4,54.0
460235,2026-05-11,12,41,23.8,73,26.3,53.0
460236,2026-05-11,12,42,23.8,73,26.3,53.0
460237,2026-05-11,12,43,23.8,73,26.2,54.0
460238,2026-05-11,12,44,23.8,73,26.2,53.0
460239,2026-05-11,12,45,23.8,73,26.2,54.0
460240,2026-05-11,12,46,23.8,73,26.2,54.0
460241,2026-05-11,12,47,23.8,73,26.2,54.0
460242,2026-05-11,12,48,23.8,74,26.2,54.0
460243,2026-05-11,12,49,23.8,74,26.2,54.0
460244,2026-05-11,12,50,23.8,74,26.2,54.0
460245,2026-05-11,12,51,23.8,74,26.1,54.0
460246,2026-05-11,12,52,23.8,74,26.0,53.0
460247,2026-05-11,12,53,23.8,74,25.9,53.0
460248,2026-05-11,12,54,23.8,75,25.9,55.0
460249,2026-05-11,12,55,23.8,75,25.9,56.0
460250,2026-05-11,12,56,23.8,75,25.8,56.0
460251,2026-05-11,12,57,23.8,75,25.8,56.0
460252,2026-05-11,12,58,23.8,75,25.8,56.0
460253,2026-05-11,12,59,23.8,75,25.8,57.0
460254,2026-05-11,13,00,23.8,75,25.8,57.0
460255,2026-05-11,13,01,23.8,75,25.8,57.0
460256,2026-05-11,13,02,23.8,75,25.9,57.0
460257,2026-05-11,13,03,23.8,75,25.9,57.0
460258,2026-05-11,13,04,23.8,76,26.0,57.0
460259,2026-05-11,13,05,23.8,76,25.9,57.0
460260,2026-05-11,13,06,23.8,76,26.0,56.0
460261,2026-05-11,13,07,23.8,76,26.0,57.0
460262,2026-05-11,13,08,23.8,76,26.0,56.0
460263,2026-05-11,13,09,23.8,76,26.1,57.0
460264,2026-05-11,13,10,23.8,76,26.2,56.0
460265,2026-05-11,13,11,23.8,76,26.3,56.0
460266,2026-05-11,13,12,23.8,76,26.4,56.0
460267,2026-05-11,13,13,23.8,76,26.5,56.0
460268,2026-05-11,13,14,23.8,76,26.6,56.0
460269,2026-05-11,13,15,23.9,76,26.6,56.0
460270,2026-05-11,13,16,24.1,76,26.7,56.0
460271,2026-05-11,13,17,24.1,76,26.7,56.0
460272,2026-05-11,13,18,24.1,76,26.8,56.0
460273,2026-05-11,13,19,23.9,76,26.8,56.0
460274,2026-05-11,13,20,23.8,76,26.8,56.0
460275,2026-05-11,13,21,23.8,76,26.8,55.0
460276,2026-05-11,13,22,23.8,76,26.7,55.0
460277,2026-05-11,13,23,23.8,76,26.7,55.0
460278,2026-05-11,13,24,23.8,76,26.7,55.0
460279,2026-05-11,13,25,23.8,76,26.7,55.0
460280,2026-05-11,13,26,23.8,76,26.7,55.0
460281,2026-05-11,13,27,23.8,76,26.7,54.0
460282,2026-05-11,13,28,23.8,75,26.6,54.0
460283,2026-05-11,13,29,23.8,75,26.6,54.0
460284,2026-05-11,13,30,23.8,75,26.6,53.0
460285,2026-05-11,13,31,23.8,75,26.5,53.0
460286,2026-05-11,13,32,23.8,75,26.5,53.0
460287,2026-05-11,13,33,23.8,74,26.4,54.0
460288,2026-05-11,13,34,23.8,74,26.4,54.0
460289,2026-05-11,13,35,23.8,74,26.4,54.0
460290,2026-05-11,13,36,23.8,73,26.3,54.0
460291,2026-05-11,13,37,23.8,73,26.3,54.0
460292,2026-05-11,13,38,23.8,73,26.3,54.0
460293,2026-05-11,13,39,23.8,73,26.3,54.0
460294,2026-05-11,13,40,23.8,73,26.3,54.0
460295,2026-05-11,13,41,23.8,73,26.3,54.0
460296,2026-05-11,13,42,23.8,73,26.3,54.0
460297,2026-05-11,13,43,23.8,73,26.4,54.0
460298,2026-05-11,13,44,23.8,73,26.4,54.0
460299,2026-05-11,13,45,23.8,73,26.5,54.0
460300,2026-05-11,13,46,23.8,73,26.5,54.0
460301,2026-05-11,13,47,23.8,73,26.7,54.0
460302,2026-05-11,13,48,23.8,73,26.7,54.0
460303,2026-05-11,13,49,23.8,73,26.7,54.0
460304,2026-05-11,13,50,23.8,73,26.7,53.0
460305,2026-05-11,13,51,23.8,73,26.7,53.0
460306,2026-05-11,13,52,23.8,73,26.6,53.0
460307,2026-05-11,13,53,23.8,73,26.6,52.0
460308,2026-05-11,13,54,23.8,73,26.5,52.0
460309,2026-05-11,13,55,23.8,72,26.5,52.0
460310,2026-05-11,13,56,23.8,72,26.5,51.0
460311,2026-05-11,13,57,23.8,72,26.5,52.0
460312,2026-05-11,13,58,23.8,72,26.5,52.0
460313,2026-05-11,13,59,23.8,72,26.6,52.0
460314,2026-05-11,14,00,23.8,72,26.6,52.0
460315,2026-05-11,14,01,23.8,72,26.6,52.0
460316,2026-05-11,14,02,23.8,72,26.6,52.0
460317,2026-05-11,14,03,23.8,72,26.7,52.0
460318,2026-05-11,14,04,23.8,71,26.7,52.0
460319,2026-05-11,14,05,23.8,71,26.7,52.0
460320,2026-05-11,14,06,23.8,71,26.7,53.0
460321,2026-05-11,14,07,23.8,71,26.7,52.0
460322,2026-05-11,14,08,23.8,71,26.7,52.0
460323,2026-05-11,14,09,23.8,71,26.7,52.0
460324,2026-05-11,14,10,23.8,71,26.7,52.0
460325,2026-05-11,14,11,23.8,71,26.8,52.0
460326,2026-05-11,14,12,23.8,71,26.8,52.0
460327,2026-05-11,14,13,23.8,71,26.8,52.0
460328,2026-05-11,14,14,23.8,71,26.8,51.0
460329,2026-05-11,14,15,23.8,71,26.8,51.0
460330,2026-05-11,14,16,23.8,71,26.8,51.0
460331,2026-05-11,14,17,23.8,71,26.9,51.0
460332,2026-05-11,14,18,23.8,71,26.9,51.0
460333,2026-05-11,14,19,23.8,71,26.9,51.0
460334,2026-05-11,14,20,23.8,71,26.9,51.0
460335,2026-05-11,14,21,23.8,70,26.9,50.0
460336,2026-05-11,14,22,23.9,70,26.9,50.0
460337,2026-05-11,14,23,23.8,70,26.9,51.0
460338,2026-05-11,14,24,23.8,70,26.9,51.0
460339,2026-05-11,14,25,23.9,70,26.9,51.0
460340,2026-05-11,14,26,24.1,70,26.9,52.0
460341,2026-05-11,14,27,24.1,70,27.0,51.0
460342,2026-05-11,14,28,24.1,70,27.0,51.0
460343,2026-05-11,14,29,24.1,70,27.0,51.0
460344,2026-05-11,14,31,24.1,70,27.1,51.0
460345,2026-05-11,14,32,24.1,70,27.1,51.0
460346,2026-05-11,14,33,24.1,70,27.1,51.0
460347,2026-05-11,14,34,24.1,70,27.1,51.0
460348,2026-05-11,14,35,24.1,70,27.2,51.0
460349,2026-05-11,14,36,24.1,69,27.2,51.0
460350,2026-05-11,14,37,24.1,69,27.3,51.0
460351,2026-05-11,14,38,24.1,69,27.2,50.0
460352,2026-05-11,14,39,24.1,69,27.3,50.0
460353,2026-05-11,14,40,24.1,69,27.3,50.0
460354,2026-05-11,14,41,24.1,69,27.4,50.0
460355,2026-05-11,14,42,24.1,69,27.6,50.0
460356,2026-05-11,14,43,24.1,69,27.7,50.0
460357,2026-05-11,14,44,24.1,69,27.8,50.0
460358,2026-05-11,14,46,24.1,69,27.8,50.0
460359,2026-05-11,14,46,24.1,69,27.8,50.0
460360,2026-05-11,14,47,24.1,69,27.7,50.0
460361,2026-05-11,14,48,24.1,69,27.7,50.0
460362,2026-05-11,14,50,24.1,69,27.7,50.0
460363,2026-05-11,14,50,24.1,69,27.7,50.0
460364,2026-05-11,14,51,24.1,69,27.7,50.0
460365,2026-05-11,14,53,24.2,69,27.7,50.0
460366,2026-05-11,14,55,24.5,69,27.6,50.0
460367,2026-05-11,14,55,24.5,69,27.5,50.0
460368,2026-05-11,14,56,24.5,69,27.5,51.0
460369,2026-05-11,14,57,24.5,69,27.5,51.0
460370,2026-05-11,14,58,24.5,69,27.5,51.0
460371,2026-05-11,14,59,24.5,69,27.4,51.0
460372,2026-05-11,15,00,24.5,68,27.4,51.0
460373,2026-05-11,15,01,24.5,68,27.4,51.0
460374,2026-05-11,15,02,24.5,69,27.4,51.0
460375,2026-05-11,15,04,24.5,68,27.3,50.0
460376,2026-05-11,15,05,24.5,68,27.3,51.0
460377,2026-05-11,15,06,24.5,68,27.3,51.0
460378,2026-05-11,15,07,24.5,68,27.3,51.0
460379,2026-05-11,15,08,24.5,68,27.3,51.0
460380,2026-05-11,15,09,24.5,68,27.4,51.0
460381,2026-05-11,15,10,24.5,68,27.4,51.0
460382,2026-05-11,15,11,24.5,68,27.4,51.0
460383,2026-05-11,15,12,24.5,68,27.5,51.0
460384,2026-05-11,15,14,24.5,68,27.6,51.0
460385,2026-05-11,15,14,24.5,68,27.7,50.0
460386,2026-05-11,15,15,24.5,68,27.7,50.0
460387,2026-05-11,15,16,24.5,68,27.7,50.0
460388,2026-05-11,15,17,24.5,68,27.8,50.0
460389,2026-05-11,15,18,24.5,67,27.8,50.0
460390,2026-05-11,15,19,24.5,67,27.7,50.0
460391,2026-05-11,15,20,24.5,68,27.6,50.0
460392,2026-05-11,15,21,24.5,68,27.5,50.0
460393,2026-05-11,15,22,24.5,68,27.3,51.0
460394,2026-05-11,15,23,24.5,68,27.2,51.0
460395,2026-05-11,15,24,24.5,67,27.1,51.0
460396,2026-05-11,15,26,24.5,67,26.9,51.0
460397,2026-05-11,15,27,24.5,67,26.9,51.0
460398,2026-05-11,15,28,24.5,67,26.9,52.0
460399,2026-05-11,15,29,24.5,67,26.8,51.0
460400,2026-05-11,15,30,24.5,67,26.8,51.0
460401,2026-05-11,15,31,24.5,67,26.8,51.0
460402,2026-05-11,15,32,24.5,68,26.7,51.0
460403,2026-05-11,15,33,24.5,68,26.7,51.0
460404,2026-05-11,15,34,24.5,68,26.7,52.0
460405,2026-05-11,15,35,24.5,67,26.7,52.0
460406,2026-05-11,15,36,24.5,67,26.7,51.0
460407,2026-05-11,15,37,24.5,67,26.7,50.0
460408,2026-05-11,15,38,24.5,67,26.7,50.0
460409,2026-05-11,15,39,24.5,67,26.7,50.0
460410,2026-05-11,15,40,24.5,68,26.7,51.0
460411,2026-05-11,15,41,24.5,68,26.7,51.0
460412,2026-05-11,15,43,24.5,68,26.7,51.0
460413,2026-05-11,15,43,24.5,68,26.7,51.0
460414,2026-05-11,15,44,24.5,68,26.7,51.0
460415,2026-05-11,15,45,24.5,67,26.8,51.0
460416,2026-05-11,15,46,24.5,67,26.8,51.0
460417,2026-05-11,15,47,24.5,67,26.9,51.0
460418,2026-05-11,15,48,24.5,68,27.0,50.0
460419,2026-05-11,15,49,24.5,68,27.1,51.0
460420,2026-05-11,15,50,24.5,68,27.0,51.0
460421,2026-05-11,15,51,24.5,68,27.0,51.0
460422,2026-05-11,15,52,24.5,68,27.0,50.0
460423,2026-05-11,15,53,24.5,68,27.0,50.0
460424,2026-05-11,15,54,24.5,68,26.9,50.0
460425,2026-05-11,15,55,24.5,67,26.9,49.0
460426,2026-05-11,15,56,24.5,68,26.9,49.0
460427,2026-05-11,15,57,24.5,68,26.8,49.0
460428,2026-05-11,15,58,24.5,67,26.8,48.0
460429,2026-05-11,15,59,24.5,67,26.8,48.0
460430,2026-05-11,16,00,24.5,67,26.8,49.0
460431,2026-05-11,16,01,24.5,67,26.7,50.0
460432,2026-05-11,16,02,24.5,67,26.7,49.0
460433,2026-05-11,16,03,24.5,67,26.7,50.0
460434,2026-05-11,16,04,24.5,67,26.6,50.0
460435,2026-05-11,16,05,24.5,67,26.6,50.0
460436,2026-05-11,16,06,24.5,67,26.6,50.0
460437,2026-05-11,16,07,24.5,67,26.5,51.0
460438,2026-05-11,16,08,24.5,67,26.5,50.0
460439,2026-05-11,16,10,24.5,66,26.4,50.0
460440,2026-05-11,16,10,24.5,66,26.4,50.0
460441,2026-05-11,16,11,24.5,66,26.3,49.0
460442,2026-05-11,16,12,24.5,66,26.2,49.0
460443,2026-05-11,16,13,24.5,66,26.2,49.0
460444,2026-05-11,16,14,24.5,66,26.1,49.0
460445,2026-05-11,16,15,24.5,66,26.1,49.0
460446,2026-05-11,16,16,24.5,66,26.0,50.0
460447,2026-05-11,16,18,24.5,66,26.0,50.0
460448,2026-05-11,16,19,24.5,66,26.0,51.0
460449,2026-05-11,16,20,24.5,66,25.9,51.0
460450,2026-05-11,16,21,24.5,66,25.9,50.0
460451,2026-05-11,16,22,24.5,66,25.8,50.0
460452,2026-05-11,16,23,24.5,66,25.8,50.0
460453,2026-05-11,16,23,24.5,66,25.7,50.0
460454,2026-05-11,16,25,24.5,66,25.7,51.0
460455,2026-05-11,16,25,24.5,66,25.7,50.0
460456,2026-05-11,16,27,24.5,65,25.7,50.0
460457,2026-05-11,16,28,24.5,65,25.6,51.0
460458,2026-05-11,16,29,24.5,65,25.6,50.0
460459,2026-05-11,16,29,24.5,65,25.6,50.0
460460,2026-05-11,16,31,24.5,65,25.6,50.0
460461,2026-05-11,16,32,24.5,65,25.6,51.0
460462,2026-05-11,16,33,24.5,65,25.6,51.0
460463,2026-05-11,16,33,24.5,65,25.6,51.0
460464,2026-05-11,16,35,24.5,65,25.6,50.0
460465,2026-05-11,16,36,24.5,65,25.5,50.0
460466,2026-05-11,16,37,24.5,65,25.5,51.0
460467,2026-05-11,16,38,24.5,65,25.5,51.0
460468,2026-05-11,16,38,24.5,65,25.5,51.0
460469,2026-05-11,16,40,24.5,65,25.5,51.0
460470,2026-05-11,16,41,24.5,64,25.4,51.0
460471,2026-05-11,16,42,24.5,64,25.4,51.0
460472,2026-05-11,16,42,24.5,64,25.4,52.0
460473,2026-05-11,16,44,24.5,64,25.4,52.0
460474,2026-05-11,16,44,24.5,64,25.3,52.0
460475,2026-05-11,16,46,24.5,64,25.3,52.0
460476,2026-05-11,16,46,24.5,64,25.3,52.0
460477,2026-05-11,16,48,24.5,64,25.3,52.0
460478,2026-05-11,16,48,24.5,64,25.3,51.0
460479,2026-05-11,16,50,24.5,64,25.2,52.0
460480,2026-05-11,16,50,24.5,64,25.2,52.0
460481,2026-05-11,16,52,24.5,64,25.1,52.0
460482,2026-05-11,16,53,24.5,64,25.1,52.0
460483,2026-05-11,16,54,24.5,64,25.1,52.0
460484,2026-05-11,16,55,24.5,64,25.1,52.0
460485,2026-05-11,16,56,24.5,64,25.1,53.0
460486,2026-05-11,16,57,24.5,64,25.0,53.0
460487,2026-05-11,16,58,24.5,64,25.0,53.0
460488,2026-05-11,16,59,24.5,64,25.0,53.0
460489,2026-05-11,17,00,24.5,64,25.0,53.0
460490,2026-05-11,17,01,24.5,64,25.0,53.0
460491,2026-05-11,17,02,24.5,64,24.9,53.0
460492,2026-05-11,17,03,24.5,64,24.9,52.0
460493,2026-05-11,17,04,24.5,64,24.9,53.0
460494,2026-05-11,17,05,24.5,64,24.8,53.0
460495,2026-05-11,17,06,24.5,64,24.8,53.0
460496,2026-05-11,17,07,24.5,64,24.8,53.0
460497,2026-05-11,17,08,24.5,64,24.8,53.0
460498,2026-05-11,17,09,24.5,64,24.8,53.0
460499,2026-05-11,17,10,24.5,64,24.7,54.0
460500,2026-05-11,17,11,24.5,63,24.7,54.0
460501,2026-05-11,17,12,24.5,63,24.7,54.0
460502,2026-05-11,17,13,24.5,63,24.7,54.0
460503,2026-05-11,17,14,24.5,63,24.5,54.0
460504,2026-05-11,17,15,24.8,63,24.5,55.0
460505,2026-05-11,17,16,24.8,63,24.6,55.0
460506,2026-05-11,17,17,24.8,63,24.6,54.0
460507,2026-05-11,17,18,24.8,63,24.6,54.0
460508,2026-05-11,17,19,24.8,63,24.6,54.0
460509,2026-05-11,17,20,24.8,63,24.6,55.0
460510,2026-05-11,17,21,24.8,64,24.5,55.0
460511,2026-05-11,17,22,24.5,64,24.5,55.0
460512,2026-05-11,17,23,24.5,64,24.5,55.0
460513,2026-05-11,17,24,24.5,64,24.5,55.0
460514,2026-05-11,17,25,24.5,64,24.5,54.0
460515,2026-05-11,17,26,24.5,64,24.4,55.0
460516,2026-05-11,17,27,24.5,64,24.4,55.0
460517,2026-05-11,17,28,24.5,64,24.4,55.0
460518,2026-05-11,17,29,24.5,64,24.4,55.0
460519,2026-05-11,17,30,24.5,64,24.3,55.0
460520,2026-05-11,17,31,24.5,64,24.3,55.0
460521,2026-05-11,17,32,24.5,64,24.3,55.0
460522,2026-05-11,17,33,24.5,64,24.2,55.0
460523,2026-05-11,17,34,24.5,64,24.2,56.0
460524,2026-05-11,17,35,24.5,64,24.1,56.0
460525,2026-05-11,17,36,24.5,64,24.1,56.0
460526,2026-05-11,17,37,24.5,64,24.0,56.0
460527,2026-05-11,17,38,24.5,64,24.0,56.0
460528,2026-05-11,17,39,24.5,64,24.0,56.0
460529,2026-05-11,17,40,24.5,64,24.0,56.0
460530,2026-05-11,17,41,24.5,64,24.0,56.0
460531,2026-05-11,17,42,24.5,64,23.9,56.0
460532,2026-05-11,17,43,24.5,64,23.9,56.0
460533,2026-05-11,17,44,24.5,65,23.9,57.0
460534,2026-05-11,17,45,24.5,65,23.8,57.0
460535,2026-05-11,17,46,24.5,65,23.8,57.0
460536,2026-05-11,17,47,24.5,65,23.8,57.0
460537,2026-05-11,17,48,24.5,65,23.7,57.0
460538,2026-05-11,17,49,24.5,65,23.7,57.0
460539,2026-05-11,17,50,24.5,65,23.7,57.0
460540,2026-05-11,17,51,24.5,66,23.6,57.0
460541,2026-05-11,17,52,24.5,66,23.6,57.0
460542,2026-05-11,17,53,24.5,66,23.6,57.0
460543,2026-05-11,17,54,24.5,66,23.5,57.0
460544,2026-05-11,17,55,24.5,66,23.5,58.0
460545,2026-05-11,17,56,24.5,66,23.5,58.0
460546,2026-05-11,17,57,24.5,66,23.5,58.0
460547,2026-05-11,17,58,24.5,66,23.4,58.0
460548,2026-05-11,17,59,24.5,67,23.4,58.0
460549,2026-05-11,18,00,24.5,67,23.4,58.0
460550,2026-05-11,18,01,24.5,67,23.4,58.0
460551,2026-05-11,18,02,24.5,67,23.4,58.0
460552,2026-05-11,18,03,24.5,67,23.3,58.0
460553,2026-05-11,18,04,24.5,67,23.3,58.0
460554,2026-05-11,18,05,24.5,67,23.3,59.0
460555,2026-05-11,18,06,24.5,67,23.3,59.0
460556,2026-05-11,18,07,24.5,67,23.3,59.0
460557,2026-05-11,18,08,24.5,67,23.3,59.0
460558,2026-05-11,18,09,24.5,67,23.2,59.0
460559,2026-05-11,18,10,24.5,67,23.2,59.0
460560,2026-05-11,18,11,24.5,67,23.2,60.0
460561,2026-05-11,18,12,24.5,68,23.2,60.0
460562,2026-05-11,18,13,24.5,68,23.2,60.0
460563,2026-05-11,18,14,24.5,68,23.2,60.0
460564,2026-05-11,18,15,24.5,68,23.2,60.0
460565,2026-05-11,18,16,24.5,68,23.2,61.0
460566,2026-05-11,18,17,24.5,69,23.1,61.0
460567,2026-05-11,18,18,24.5,69,23.1,61.0
460568,2026-05-11,18,19,24.5,69,23.1,61.0
460569,2026-05-11,18,20,24.5,69,23.1,61.0
460570,2026-05-11,18,21,24.5,69,23.1,61.0
460571,2026-05-11,18,22,24.5,69,23.0,61.0
460572,2026-05-11,18,23,24.5,69,23.0,61.0
460573,2026-05-11,18,24,24.5,69,23.0,61.0
460574,2026-05-11,18,25,24.5,69,23.0,61.0
460575,2026-05-11,18,26,24.5,69,23.0,61.0
460576,2026-05-11,18,27,24.5,69,23.0,61.0
460577,2026-05-11,18,28,24.5,69,23.0,61.0
460578,2026-05-11,18,29,24.5,69,23.0,61.0
460579,2026-05-11,18,30,24.5,69,23.0,61.0
460580,2026-05-11,18,31,24.5,69,22.9,61.0
460581,2026-05-11,18,32,24.5,69,22.9,61.0
460582,2026-05-11,18,33,24.5,69,22.9,61.0
460583,2026-05-11,18,34,24.5,69,22.9,61.0
460584,2026-05-11,18,35,24.5,69,22.9,61.0
460585,2026-05-11,18,36,24.5,69,22.9,61.0
460586,2026-05-11,18,37,24.5,69,22.9,61.0
460587,2026-05-11,18,38,24.5,69,22.9,61.0
460588,2026-05-11,18,39,24.5,69,22.9,61.0
460589,2026-05-11,18,40,24.5,69,22.8,61.0
460590,2026-05-11,18,41,24.5,69,22.8,61.0
460591,2026-05-11,18,42,24.5,69,22.8,61.0
460592,2026-05-11,18,43,24.5,69,22.8,61.0
460593,2026-05-11,18,44,24.5,70,22.8,61.0
460594,2026-05-11,18,45,24.5,70,22.8,61.0
460595,2026-05-11,18,46,24.5,70,22.8,61.0
460596,2026-05-11,18,47,24.5,70,22.8,61.0
460597,2026-05-11,18,48,24.5,70,22.8,62.0
460598,2026-05-11,18,49,24.5,70,22.7,62.0
460599,2026-05-11,18,50,24.5,70,22.7,62.0
460600,2026-05-11,18,51,24.5,70,22.7,62.0
460601,2026-05-11,18,52,24.5,70,22.7,62.0
460602,2026-05-11,18,53,24.5,69,22.7,62.0
460603,2026-05-11,18,54,24.5,69,22.7,61.0
460604,2026-05-11,18,55,24.5,69,22.7,61.0
460605,2026-05-11,18,56,24.5,69,22.7,61.0
460606,2026-05-11,18,57,24.5,69,22.7,61.0
460607,2026-05-11,18,58,24.5,69,22.7,61.0
460608,2026-05-11,18,59,24.5,69,22.7,61.0
460609,2026-05-11,19,00,24.5,69,22.7,61.0
460610,2026-05-11,19,01,24.5,69,22.7,61.0
460611,2026-05-11,19,02,24.5,69,22.7,61.0
460612,2026-05-11,19,03,24.5,69,22.7,61.0
460613,2026-05-11,19,04,24.5,69,22.7,61.0
460614,2026-05-11,19,05,24.5,69,22.7,61.0
460615,2026-05-11,19,06,24.5,69,22.6,61.0
460616,2026-05-11,19,07,24.5,69,22.6,61.0
460617,2026-05-11,19,08,24.5,69,22.6,61.0
460618,2026-05-11,19,09,24.5,69,22.6,61.0
460619,2026-05-11,19,10,24.5,69,22.6,61.0
460620,2026-05-11,19,11,24.5,69,22.6,61.0
460621,2026-05-11,19,12,24.5,69,22.6,61.0
460622,2026-05-11,19,13,24.5,69,22.6,61.0
460623,2026-05-11,19,14,24.5,69,22.6,61.0
460624,2026-05-11,19,15,24.5,69,22.6,61.0
460625,2026-05-11,19,16,24.5,69,22.6,61.0
460626,2026-05-11,19,17,24.5,69,22.6,61.0
460627,2026-05-11,19,18,24.2,69,22.6,62.0
460628,2026-05-11,19,19,24.1,69,22.6,62.0
460629,2026-05-11,19,20,24.1,69,22.6,62.0
460630,2026-05-11,19,21,24.1,69,22.6,62.0
460631,2026-05-11,19,22,24.1,69,22.6,63.0
460632,2026-05-11,19,23,24.1,69,22.6,63.0
460633,2026-05-11,19,24,24.2,69,22.6,63.0
460634,2026-05-11,19,25,24.2,69,22.6,63.0
460635,2026-05-11,19,26,24.2,69,22.6,63.0
460636,2026-05-11,19,27,24.2,69,22.6,63.0
460637,2026-05-11,19,28,24.2,69,22.5,63.0
460638,2026-05-11,19,29,24.2,69,22.5,63.0
460639,2026-05-11,19,30,24.2,69,22.5,64.0
460640,2026-05-11,19,31,24.2,69,22.5,64.0
460641,2026-05-11,19,32,24.1,69,22.5,64.0
460642,2026-05-11,19,33,24.2,69,22.5,64.0
460643,2026-05-11,19,34,24.1,69,22.5,64.0
460644,2026-05-11,19,35,24.1,69,22.5,64.0
460645,2026-05-11,19,36,24.1,69,22.5,64.0
460646,2026-05-11,19,37,24.1,69,22.5,64.0
460647,2026-05-11,19,38,24.1,69,22.5,64.0
460648,2026-05-11,19,39,24.1,69,22.5,64.0
460649,2026-05-11,19,40,24.1,69,22.5,64.0
460650,2026-05-11,19,41,24.1,69,22.5,64.0
460651,2026-05-11,19,42,24.1,69,22.5,64.0
460652,2026-05-11,19,43,24.1,69,22.4,64.0
460653,2026-05-11,19,44,24.1,69,22.4,64.0
460654,2026-05-11,19,45,24.1,69,22.4,64.0
460655,2026-05-11,19,46,24.1,69,22.4,64.0
460656,2026-05-11,19,47,24.1,69,22.4,64.0
460657,2026-05-11,19,48,24.1,69,22.4,64.0
460658,2026-05-11,19,49,24.1,69,22.4,64.0
460659,2026-05-11,19,50,24.1,69,22.4,64.0
460660,2026-05-11,19,51,24.1,69,22.4,64.0
460661,2026-05-11,19,52,24.1,69,22.4,64.0
460662,2026-05-11,19,53,24.1,69,22.4,64.0
460663,2026-05-11,19,54,24.1,69,22.3,64.0
460664,2026-05-11,19,55,24.1,69,22.3,64.0
460665,2026-05-11,19,56,24.1,69,22.3,64.0
460666,2026-05-11,19,57,24.1,69,22.3,64.0
460667,2026-05-11,19,58,24.1,69,22.3,64.0
460668,2026-05-11,19,59,24.1,69,22.3,64.0
460669,2026-05-11,20,00,24.1,69,22.3,64.0
460670,2026-05-11,20,01,24.1,69,22.3,64.0
460671,2026-05-11,20,02,24.1,69,22.3,64.0
460672,2026-05-11,20,03,24.1,69,22.3,64.0
460673,2026-05-11,20,04,24.1,69,22.3,64.0
460674,2026-05-11,20,05,24.1,69,22.2,65.0
460675,2026-05-11,20,06,24.1,69,22.2,65.0
460676,2026-05-11,20,07,24.1,69,22.2,65.0
460677,2026-05-11,20,08,24.1,69,22.2,65.0
460678,2026-05-11,20,09,24.1,69,22.2,65.0
460679,2026-05-11,20,10,24.1,69,22.2,65.0
460680,2026-05-11,20,11,24.1,69,22.2,65.0
460681,2026-05-11,20,12,24.1,69,22.2,65.0
460682,2026-05-11,20,13,24.1,69,22.2,65.0
460683,2026-05-11,20,14,24.1,69,22.2,65.0
460684,2026-05-11,20,15,24.1,69,22.2,65.0
460685,2026-05-11,20,16,24.1,69,22.2,65.0
460686,2026-05-11,20,17,24.1,69,22.2,65.0
460687,2026-05-11,20,18,24.1,69,22.1,65.0
460688,2026-05-11,20,19,24.1,69,22.1,65.0
460689,2026-05-11,20,20,24.1,69,22.1,65.0
460690,2026-05-11,20,21,24.1,69,22.1,65.0
460691,2026-05-11,20,22,24.1,69,22.1,65.0
460692,2026-05-11,20,23,24.1,69,22.1,65.0
460693,2026-05-11,20,24,24.1,69,22.1,65.0
460694,2026-05-11,20,25,24.1,69,22.1,65.0
460695,2026-05-11,20,26,24.1,69,22.1,65.0
460696,2026-05-11,20,27,24.1,69,22.1,65.0
460697,2026-05-11,20,28,24.1,69,22.1,65.0
460698,2026-05-11,20,29,24.1,69,22.1,65.0
460699,2026-05-11,20,30,24.1,69,22.1,65.0
460700,2026-05-11,20,31,24.1,69,22.1,65.0
460701,2026-05-11,20,32,24.1,69,22.1,65.0
460702,2026-05-11,20,33,24.1,70,22.1,65.0
460703,2026-05-11,20,34,24.1,70,22.1,65.0
460704,2026-05-11,20,35,24.1,70,22.1,65.0
460705,2026-05-11,20,36,24.1,70,22.1,65.0
460706,2026-05-11,20,37,24.1,70,22.1,65.0
460707,2026-05-11,20,38,24.1,70,22.1,65.0
460708,2026-05-11,20,39,24.1,70,22.0,65.0
460709,2026-05-11,20,40,24.1,70,22.0,65.0
460710,2026-05-11,20,41,24.1,70,22.0,65.0
460711,2026-05-11,20,42,24.1,70,22.0,65.0
460712,2026-05-11,20,43,24.1,70,22.0,65.0
460713,2026-05-11,20,44,24.1,70,22.0,65.0
460714,2026-05-11,20,45,24.1,70,22.0,65.0
460715,2026-05-11,20,46,24.1,70,22.0,65.0
460716,2026-05-11,20,47,24.1,70,22.0,65.0
460717,2026-05-11,20,48,24.1,70,22.0,65.0
460718,2026-05-11,20,49,24.1,70,22.0,65.0
460719,2026-05-11,20,50,24.1,70,22.0,65.0
460720,2026-05-11,20,51,24.1,70,22.0,65.0
460721,2026-05-11,20,52,24.1,70,22.0,65.0
460722,2026-05-11,20,53,24.1,70,22.0,64.0
460723,2026-05-11,20,54,24.1,70,22.0,64.0
460724,2026-05-11,20,55,24.1,70,22.0,65.0
460725,2026-05-11,20,56,24.1,70,22.0,65.0
460726,2026-05-11,20,57,24.1,70,22.0,65.0
460727,2026-05-11,20,58,24.1,70,22.0,65.0
460728,2026-05-11,20,59,24.1,70,22.0,65.0
460729,2026-05-11,21,00,24.1,70,22.0,65.0
460730,2026-05-11,21,01,24.1,70,22.0,65.0
460731,2026-05-11,21,02,24.1,70,22.0,65.0
460732,2026-05-11,21,03,24.1,70,22.0,65.0
460733,2026-05-11,21,04,23.9,70,21.9,65.0
460734,2026-05-11,21,05,23.8,70,22.0,65.0
460735,2026-05-11,21,06,23.8,70,21.9,65.0
460736,2026-05-11,21,07,23.8,70,21.9,65.0
460737,2026-05-11,21,08,23.8,70,22.0,65.0
460738,2026-05-11,21,09,23.8,70,22.0,65.0
460739,2026-05-11,21,10,23.8,70,21.9,65.0
460740,2026-05-11,21,11,23.8,70,21.9,65.0
460741,2026-05-11,21,12,23.8,70,21.9,65.0
460742,2026-05-11,21,13,23.8,70,21.9,65.0
460743,2026-05-11,21,14,23.8,70,21.9,65.0
460744,2026-05-11,21,15,23.8,70,21.9,65.0
460745,2026-05-11,21,16,23.8,70,21.9,65.0
460746,2026-05-11,21,17,23.8,70,21.9,65.0
460747,2026-05-11,21,18,23.8,70,21.8,65.0
460748,2026-05-11,21,19,23.8,70,21.8,65.0
460749,2026-05-11,21,20,23.8,70,21.8,65.0
460750,2026-05-11,21,21,23.8,70,21.8,65.0
460751,2026-05-11,21,22,23.8,70,21.8,65.0
460752,2026-05-11,21,23,23.8,70,21.8,65.0
460753,2026-05-11,21,24,23.8,70,21.8,65.0
460754,2026-05-11,21,25,23.8,70,21.8,65.0
460755,2026-05-11,21,26,23.8,69,21.8,66.0
460756,2026-05-11,21,27,23.8,69,21.8,66.0
460757,2026-05-11,21,28,23.8,70,21.8,66.0
460758,2026-05-11,21,29,23.8,70,21.7,66.0
460759,2026-05-11,21,30,23.8,70,21.7,66.0
460760,2026-05-11,21,31,23.8,70,21.7,66.0
460761,2026-05-11,21,32,23.8,70,21.7,66.0
460762,2026-05-11,21,33,23.8,70,21.7,66.0
460763,2026-05-11,21,34,23.8,70,21.7,66.0
460764,2026-05-11,21,35,23.8,70,21.7,66.0
460765,2026-05-11,21,36,23.8,70,21.7,66.0
460766,2026-05-11,21,37,23.8,70,21.7,66.0
460767,2026-05-11,21,38,23.8,69,21.7,66.0
460768,2026-05-11,21,39,23.8,70,21.7,66.0
460769,2026-05-11,21,40,23.8,70,21.7,66.0
460770,2026-05-11,21,41,23.8,70,21.7,66.0
460771,2026-05-11,21,42,23.8,70,21.7,66.0
460772,2026-05-11,21,43,23.8,70,21.6,66.0
460773,2026-05-11,21,44,23.8,70,21.6,66.0
460774,2026-05-11,21,45,23.8,70,21.6,66.0
460775,2026-05-11,21,46,23.8,70,21.6,66.0
460776,2026-05-11,21,47,23.8,70,21.6,66.0
460777,2026-05-11,21,48,23.8,70,21.6,66.0
460778,2026-05-11,21,49,23.8,70,21.6,66.0
460779,2026-05-11,21,50,23.8,70,21.5,66.0
460780,2026-05-11,21,51,23.8,70,21.5,66.0
460781,2026-05-11,21,52,23.8,70,21.5,66.0
460782,2026-05-11,21,53,23.8,70,21.5,67.0
460783,2026-05-11,21,54,23.8,70,21.5,67.0
460784,2026-05-11,21,55,23.8,70,21.5,67.0
460785,2026-05-11,21,56,23.8,70,21.5,67.0
460786,2026-05-11,21,57,23.8,70,21.5,67.0
460787,2026-05-11,21,58,23.8,70,21.4,67.0
460788,2026-05-11,21,59,23.8,70,21.4,67.0
460789,2026-05-11,22,00,23.8,70,21.4,67.0
460790,2026-05-11,22,01,23.8,70,21.4,67.0
460791,2026-05-11,22,02,23.8,69,21.4,66.0
460792,2026-05-11,22,03,23.8,69,21.4,66.0
460793,2026-05-11,22,04,23.8,69,21.4,66.0
460794,2026-05-11,22,05,23.8,69,21.4,67.0
460795,2026-05-11,22,06,23.8,69,21.4,66.0
460796,2026-05-11,22,07,23.8,69,21.4,66.0
460797,2026-05-11,22,08,23.8,69,21.4,66.0
460798,2026-05-11,22,09,23.8,69,21.4,66.0
460799,2026-05-11,22,10,23.8,69,21.4,66.0
460800,2026-05-11,22,11,23.8,69,21.4,66.0
460801,2026-05-11,22,12,23.8,69,21.3,66.0
460802,2026-05-11,22,13,23.8,69,21.3,66.0
460803,2026-05-11,22,14,23.8,69,21.3,66.0
460804,2026-05-11,22,15,23.8,69,21.3,66.0
460805,2026-05-11,22,16,23.8,69,21.3,66.0
460806,2026-05-11,22,17,23.7,69,21.3,66.0
460807,2026-05-11,22,18,23.6,69,21.3,66.0
460808,2026-05-11,22,19,23.4,69,21.3,66.0
460809,2026-05-11,22,20,23.4,69,21.3,66.0
460810,2026-05-11,22,21,23.4,69,21.3,66.0
460811,2026-05-11,22,22,23.4,69,21.3,66.0
460812,2026-05-11,22,23,23.4,69,21.3,66.0
460813,2026-05-11,22,24,23.4,69,21.3,66.0
460814,2026-05-11,22,25,23.4,69,21.3,66.0
460815,2026-05-11,22,26,23.4,69,21.3,66.0
460816,2026-05-11,22,27,23.4,69,21.3,66.0
460817,2026-05-11,22,28,23.4,69,21.3,66.0
460818,2026-05-11,22,29,23.4,69,21.3,66.0
460819,2026-05-11,22,30,23.4,69,21.3,66.0
460820,2026-05-11,22,31,23.4,69,21.3,66.0
460821,2026-05-11,22,32,23.4,69,21.3,66.0
460822,2026-05-11,22,33,23.4,69,21.3,66.0
460823,2026-05-11,22,34,23.4,69,21.3,66.0
460824,2026-05-11,22,35,23.4,69,21.3,66.0
460825,2026-05-11,22,36,23.4,69,21.2,66.0
460826,2026-05-11,22,37,23.4,69,21.2,66.0
460827,2026-05-11,22,38,23.4,69,21.2,66.0
460828,2026-05-11,22,39,23.4,69,21.2,66.0
460829,2026-05-11,22,40,23.4,69,21.2,66.0
460830,2026-05-11,22,41,23.4,69,21.2,66.0
460831,2026-05-11,22,42,23.4,69,21.2,66.0
460832,2026-05-11,22,43,23.4,69,21.2,66.0
460833,2026-05-11,22,44,23.4,69,21.2,67.0
460834,2026-05-11,22,45,23.4,69,21.2,67.0
460835,2026-05-11,22,46,23.4,69,21.2,67.0
460836,2026-05-11,22,47,23.4,69,21.2,67.0
460837,2026-05-11,22,48,23.4,69,21.2,67.0
460838,2026-05-11,22,49,23.4,69,21.2,67.0
460839,2026-05-11,22,50,23.4,69,21.2,67.0
460840,2026-05-11,22,51,23.4,69,21.2,67.0
460841,2026-05-11,22,52,23.4,69,21.1,67.0
460842,2026-05-11,22,53,23.4,69,21.1,67.0
460843,2026-05-11,22,54,23.4,69,21.1,67.0
460844,2026-05-11,22,55,23.4,69,21.1,67.0
460845,2026-05-11,22,56,23.4,69,21.1,67.0
460846,2026-05-11,22,57,23.4,69,21.1,67.0
460847,2026-05-11,22,58,23.4,69,21.1,67.0
460848,2026-05-11,22,59,23.4,69,21.1,67.0
460849,2026-05-11,23,00,23.4,69,21.1,67.0
460850,2026-05-11,23,01,23.4,69,21.1,67.0
460851,2026-05-11,23,02,23.4,69,21.1,67.0
460852,2026-05-11,23,03,23.4,69,21.1,67.0
460853,2026-05-11,23,04,23.4,69,21.1,67.0
460854,2026-05-11,23,05,23.4,69,21.1,67.0
460855,2026-05-11,23,06,23.4,69,21.1,67.0
460856,2026-05-11,23,07,23.4,69,21.0,67.0
460857,2026-05-11,23,08,23.4,70,21.0,67.0
460858,2026-05-11,23,09,23.4,70,21.1,67.0
460859,2026-05-11,23,10,23.4,70,21.0,67.0
460860,2026-05-11,23,11,23.4,70,21.0,67.0
460861,2026-05-11,23,12,23.4,70,21.0,67.0
460862,2026-05-11,23,13,23.4,70,21.0,67.0
460863,2026-05-11,23,14,23.4,70,21.0,67.0
460864,2026-05-11,23,15,23.4,70,21.0,67.0
460865,2026-05-11,23,16,23.4,70,21.0,67.0
460866,2026-05-11,23,17,23.4,70,21.0,67.0
460867,2026-05-11,23,18,23.4,70,21.0,67.0
460868,2026-05-11,23,19,23.4,70,21.0,67.0
460869,2026-05-11,23,20,23.4,70,21.0,67.0
460870,2026-05-11,23,21,23.4,70,21.0,67.0
460871,2026-05-11,23,22,23.4,70,21.0,67.0
460872,2026-05-11,23,23,23.4,70,21.0,67.0
460873,2026-05-11,23,24,23.4,70,21.0,67.0
460874,2026-05-11,23,25,23.4,70,21.0,67.0
460875,2026-05-11,23,26,23.4,70,21.0,67.0
460876,2026-05-11,23,27,23.4,70,20.9,67.0
460877,2026-05-11,23,28,23.4,70,20.9,67.0
460878,2026-05-11,23,29,23.4,70,20.9,67.0
460879,2026-05-11,23,30,23.4,70,20.9,67.0
460880,2026-05-11,23,31,23.4,70,20.9,67.0
460881,2026-05-11,23,32,23.4,70,20.9,67.0
460882,2026-05-11,23,33,23.4,70,20.9,67.0
460883,2026-05-11,23,34,23.4,70,20.9,67.0
460884,2026-05-11,23,35,23.4,70,20.9,67.0
460885,2026-05-11,23,36,23.4,70,20.9,67.0
460886,2026-05-11,23,37,23.4,70,20.9,67.0
460887,2026-05-11,23,38,23.4,70,20.9,67.0
460888,2026-05-11,23,39,23.4,70,20.9,67.0
460889,2026-05-11,23,40,23.3,70,20.8,67.0
460890,2026-05-11,23,41,23.2,70,20.8,67.0
460891,2026-05-11,23,42,23.1,70,20.8,67.0
460892,2026-05-11,23,43,23.1,70,20.8,67.0
460893,2026-05-11,23,44,23.0,70,20.8,67.0
460894,2026-05-11,23,45,23.0,70,20.8,67.0
460895,2026-05-11,23,46,23.0,70,20.8,67.0
460896,2026-05-11,23,47,23.0,70,20.8,67.0
460897,2026-05-11,23,48,23.0,70,20.8,67.0
460898,2026-05-11,23,49,23.0,70,20.8,67.0
460899,2026-05-11,23,50,23.0,70,20.8,67.0
460900,2026-05-11,23,51,23.0,70,20.8,67.0
460901,2026-05-11,23,52,23.0,71,20.8,68.0
460902,2026-05-11,23,53,23.0,71,20.8,68.0
460903,2026-05-11,23,54,23.0,71,20.8,68.0
460904,2026-05-11,23,55,23.0,71,20.8,68.0
460905,2026-05-11,23,56,23.0,71,20.8,68.0
460906,2026-05-11,23,57,23.0,71,20.8,68.0
460907,2026-05-11,23,58,23.0,71,20.8,68.0
460908,2026-05-11,23,59,23.0,71,20.8,68.0
460909,2026-05-12,00,00,23.0,71,20.7,68.0
460910,2026-05-12,00,01,23.0,71,20.8,68.0
460911,2026-05-12,00,02,23.0,71,20.8,68.0
460912,2026-05-12,00,03,23.0,71,20.7,68.0
460913,2026-05-12,00,04,23.0,71,20.7,68.0
460914,2026-05-12,00,05,23.0,71,20.7,68.0
460915,2026-05-12,00,06,23.0,71,20.7,68.0
460916,2026-05-12,00,07,23.0,71,20.7,68.0
460917,2026-05-12,00,08,23.0,71,20.7,68.0
460918,2026-05-12,00,09,23.0,71,20.7,68.0
460919,2026-05-12,00,10,23.0,71,20.7,68.0
460920,2026-05-12,00,11,23.0,71,20.7,68.0
460921,2026-05-12,00,12,23.0,71,20.7,68.0
460922,2026-05-12,00,13,23.0,71,20.7,68.0
460923,2026-05-12,00,14,23.0,71,20.7,68.0
460924,2026-05-12,00,15,23.0,71,20.7,68.0
460925,2026-05-12,00,16,23.0,71,20.6,68.0
460926,2026-05-12,00,17,23.0,71,20.6,68.0
460927,2026-05-12,00,18,23.0,71,20.6,68.0
460928,2026-05-12,00,19,23.0,71,20.6,68.0
460929,2026-05-12,00,20,23.0,71,20.6,68.0
460930,2026-05-12,00,21,23.0,71,20.6,68.0
460931,2026-05-12,00,22,23.0,71,20.6,68.0
460932,2026-05-12,00,23,23.0,71,20.6,68.0
460933,2026-05-12,00,24,23.0,71,20.6,68.0
460934,2026-05-12,00,25,23.0,71,20.6,68.0
460935,2026-05-12,00,26,23.0,71,20.6,68.0
460936,2026-05-12,00,27,23.0,71,20.6,68.0
460937,2026-05-12,00,28,23.0,71,20.6,68.0
460938,2026-05-12,00,29,23.0,71,20.6,68.0
460939,2026-05-12,00,30,23.0,71,20.5,68.0
460940,2026-05-12,00,31,23.0,71,20.6,68.0
460941,2026-05-12,00,32,23.0,71,20.5,68.0
460942,2026-05-12,00,33,23.0,71,20.5,68.0
460943,2026-05-12,00,34,23.0,71,20.5,68.0
460944,2026-05-12,00,35,23.0,71,20.5,68.0
460945,2026-05-12,00,36,23.0,71,20.5,68.0
460946,2026-05-12,00,37,23.0,71,20.5,68.0
460947,2026-05-12,00,38,23.0,71,20.5,68.0
460948,2026-05-12,00,39,23.0,71,20.5,68.0
460949,2026-05-12,00,40,23.0,71,20.5,68.0
460950,2026-05-12,00,42,23.0,71,20.5,68.0
460951,2026-05-12,00,43,23.0,71,20.5,68.0
460952,2026-05-12,00,44,23.0,71,20.5,68.0
460953,2026-05-12,00,45,23.0,71,20.5,68.0
460954,2026-05-12,00,46,23.0,71,20.5,68.0
460955,2026-05-12,00,47,23.0,71,20.5,68.0
460956,2026-05-12,00,48,23.0,71,20.5,68.0
460957,2026-05-12,00,49,23.0,71,20.5,68.0
460958,2026-05-12,00,50,23.0,71,20.5,68.0
460959,2026-05-12,00,51,23.0,71,20.5,68.0
460960,2026-05-12,00,52,23.0,71,20.5,68.0
460961,2026-05-12,00,53,23.0,71,20.5,68.0
460962,2026-05-12,00,54,23.0,71,20.5,68.0
460963,2026-05-12,00,55,23.0,71,20.5,68.0
460964,2026-05-12,00,56,23.0,71,20.4,68.0
460965,2026-05-12,00,57,23.0,71,20.4,68.0
460966,2026-05-12,00,58,23.0,71,20.4,68.0
460967,2026-05-12,00,59,23.0,71,20.4,68.0
460968,2026-05-12,01,00,23.0,71,20.4,68.0
460969,2026-05-12,01,01,23.0,71,20.4,68.0
460970,2026-05-12,01,02,23.0,71,20.4,68.0
460971,2026-05-12,01,03,23.0,71,20.4,68.0
460972,2026-05-12,01,04,23.0,71,20.4,68.0
460973,2026-05-12,01,05,23.0,71,20.4,68.0
460974,2026-05-12,01,06,22.7,71,20.4,68.0
460975,2026-05-12,01,07,22.7,71,20.4,68.0
460976,2026-05-12,01,08,22.7,71,20.4,68.0
460977,2026-05-12,01,09,22.7,71,20.4,69.0
460978,2026-05-12,01,10,22.7,71,20.4,68.0
460979,2026-05-12,01,11,22.7,71,20.4,69.0
460980,2026-05-12,01,12,22.6,71,20.4,69.0
460981,2026-05-12,01,13,22.7,71,20.3,69.0
460982,2026-05-12,01,14,22.6,71,20.3,69.0
460983,2026-05-12,01,15,22.6,71,20.3,69.0
460984,2026-05-12,01,16,22.6,71,20.3,69.0
460985,2026-05-12,01,17,22.6,71,20.3,69.0
460986,2026-05-12,01,18,22.6,71,20.3,69.0
460987,2026-05-12,01,19,22.6,71,20.3,69.0
460988,2026-05-12,01,20,22.6,71,20.3,69.0
460989,2026-05-12,01,21,22.6,71,20.3,69.0
460990,2026-05-12,01,22,22.6,71,20.3,69.0
460991,2026-05-12,01,23,22.6,71,20.3,69.0
460992,2026-05-12,01,24,22.6,71,20.3,69.0
460993,2026-05-12,01,25,22.6,71,20.3,69.0
460994,2026-05-12,01,26,22.6,71,20.3,69.0
460995,2026-05-12,01,27,22.6,71,20.3,69.0
460996,2026-05-12,01,28,22.6,72,20.3,69.0
460997,2026-05-12,01,29,22.6,71,20.3,69.0
460998,2026-05-12,01,30,22.6,72,20.3,69.0
460999,2026-05-12,01,31,22.6,72,20.3,69.0
461000,2026-05-12,01,32,22.6,72,20.3,69.0
461001,2026-05-12,01,33,22.6,72,20.3,69.0
461002,2026-05-12,01,34,22.6,72,20.3,69.0
461003,2026-05-12,01,35,22.6,72,20.3,69.0
461004,2026-05-12,01,36,22.6,72,20.2,69.0
461005,2026-05-12,01,37,22.6,72,20.2,69.0
461006,2026-05-12,01,38,22.6,72,20.2,69.0
461007,2026-05-12,01,39,22.6,72,20.3,69.0
461008,2026-05-12,01,40,22.6,72,20.2,69.0
461009,2026-05-12,01,41,22.6,72,20.2,69.0
461010,2026-05-12,01,42,22.6,72,20.2,69.0
461011,2026-05-12,01,43,22.6,72,20.2,69.0
461012,2026-05-12,01,44,22.6,72,20.2,69.0
461013,2026-05-12,01,45,22.6,72,20.2,69.0
461014,2026-05-12,01,46,22.6,72,20.2,69.0
461015,2026-05-12,01,47,22.6,72,20.2,69.0
461016,2026-05-12,01,48,22.6,72,20.2,69.0
461017,2026-05-12,01,49,22.6,72,20.2,69.0
461018,2026-05-12,01,50,22.6,72,20.2,69.0
461019,2026-05-12,01,51,22.6,72,20.2,69.0
461020,2026-05-12,01,52,22.6,72,20.2,69.0
461021,2026-05-12,01,53,22.6,72,20.2,69.0
461022,2026-05-12,01,54,22.6,72,20.1,69.0
461023,2026-05-12,01,55,22.6,72,20.1,69.0
461024,2026-05-12,01,56,22.6,72,20.1,69.0
461025,2026-05-12,01,57,22.6,72,20.1,69.0
461026,2026-05-12,01,58,22.6,72,20.1,69.0
461027,2026-05-12,01,59,22.6,72,20.1,69.0
461028,2026-05-12,02,00,22.6,72,20.1,69.0
461029,2026-05-12,02,01,22.6,72,20.1,69.0
461030,2026-05-12,02,02,22.6,72,20.1,69.0
461031,2026-05-12,02,03,22.6,72,20.1,69.0
461032,2026-05-12,02,04,22.6,72,20.1,69.0
461033,2026-05-12,02,05,22.6,72,20.0,69.0
461034,2026-05-12,02,06,22.6,72,20.0,69.0
461035,2026-05-12,02,07,22.6,72,20.0,69.0
461036,2026-05-12,02,08,22.6,72,20.1,69.0
461037,2026-05-12,02,09,22.6,72,20.0,69.0
461038,2026-05-12,02,10,22.6,72,20.1,69.0
461039,2026-05-12,02,11,22.6,72,20.0,69.0
461040,2026-05-12,02,12,22.6,72,20.0,69.0
461041,2026-05-12,02,13,22.6,72,20.0,69.0
461042,2026-05-12,02,14,22.6,72,20.0,69.0
461043,2026-05-12,02,15,22.6,72,20.0,69.0
461044,2026-05-12,02,16,22.6,72,20.1,69.0
461045,2026-05-12,02,17,22.6,72,20.1,69.0
461046,2026-05-12,02,18,22.6,72,20.1,69.0
461047,2026-05-12,02,19,22.6,72,20.1,69.0
461048,2026-05-12,02,20,22.6,72,20.1,69.0
461049,2026-05-12,02,21,22.6,72,20.1,69.0
461050,2026-05-12,02,22,22.6,72,20.1,69.0
461051,2026-05-12,02,23,22.6,72,20.1,69.0
461052,2026-05-12,02,24,22.6,72,20.1,69.0
461053,2026-05-12,02,25,22.6,72,20.1,69.0
461054,2026-05-12,02,26,22.6,72,20.1,69.0
461055,2026-05-12,02,27,22.6,72,20.1,69.0
461056,2026-05-12,02,28,22.6,72,20.1,69.0
461057,2026-05-12,02,29,22.6,72,20.1,69.0
461058,2026-05-12,02,30,22.6,72,20.1,69.0
461059,2026-05-12,02,31,22.6,72,20.1,69.0
461060,2026-05-12,02,32,22.6,72,20.1,69.0
461061,2026-05-12,02,33,22.6,72,20.1,69.0
461062,2026-05-12,02,34,22.6,72,20.1,69.0
461063,2026-05-12,02,35,22.6,72,20.1,69.0
461064,2026-05-12,02,36,22.5,72,20.1,69.0
461065,2026-05-12,02,37,22.3,72,20.1,69.0
461066,2026-05-12,02,38,22.3,72,20.1,69.0
461067,2026-05-12,02,39,22.3,72,20.1,69.0
461068,2026-05-12,02,40,22.3,72,20.1,69.0
461069,2026-05-12,02,41,22.2,72,20.1,69.0
461070,2026-05-12,02,42,22.2,72,20.1,69.0
461071,2026-05-12,02,43,22.2,72,20.1,69.0
461072,2026-05-12,02,44,22.2,72,20.1,69.0
461073,2026-05-12,02,45,22.3,72,20.1,69.0
461074,2026-05-12,02,46,22.2,72,20.1,69.0
461075,2026-05-12,02,47,22.2,72,20.1,69.0
461076,2026-05-12,02,48,22.2,72,20.1,69.0
461077,2026-05-12,02,49,22.2,72,20.0,69.0
461078,2026-05-12,02,50,22.2,72,20.0,69.0
461079,2026-05-12,02,51,22.2,72,20.0,69.0
461080,2026-05-12,02,52,22.2,72,20.0,69.0
461081,2026-05-12,02,53,22.2,72,20.0,69.0
461082,2026-05-12,02,54,22.2,72,20.0,69.0
461083,2026-05-12,02,55,22.2,72,20.0,69.0
461084,2026-05-12,03,05,22.2,72,20.0,69.0
461085,2026-05-12,03,06,22.2,72,20.0,69.0
461086,2026-05-12,03,07,22.2,72,20.0,69.0
461087,2026-05-12,03,08,22.2,72,20.0,69.0
461088,2026-05-12,03,09,22.2,72,20.0,69.0
461089,2026-05-12,03,10,22.2,72,20.0,69.0
461090,2026-05-12,03,11,22.2,72,20.0,69.0
461091,2026-05-12,03,12,22.2,72,20.0,69.0
461092,2026-05-12,03,13,22.2,72,20.0,69.0
461093,2026-05-12,03,14,22.2,72,20.0,69.0
461094,2026-05-12,03,15,22.2,72,20.0,69.0
461095,2026-05-12,03,16,22.2,72,20.0,69.0
461096,2026-05-12,03,17,22.2,72,20.0,69.0
461097,2026-05-12,03,18,22.2,72,20.0,69.0
461098,2026-05-12,03,19,22.2,72,20.0,69.0
461099,2026-05-12,03,20,22.2,72,20.0,69.0
461100,2026-05-12,03,21,22.2,72,20.0,69.0
461101,2026-05-12,03,22,22.2,72,20.0,69.0
461102,2026-05-12,03,23,22.2,72,20.0,69.0
461103,2026-05-12,03,24,22.2,72,20.0,69.0
461104,2026-05-12,03,25,22.2,72,20.0,69.0
461105,2026-05-12,03,26,22.2,72,20.0,69.0
461106,2026-05-12,03,27,22.2,72,20.0,69.0
461107,2026-05-12,03,28,22.2,72,20.0,69.0
461108,2026-05-12,03,29,22.2,72,20.0,69.0
461109,2026-05-12,03,30,22.2,72,20.0,69.0
461110,2026-05-12,03,31,22.2,72,20.0,69.0
461111,2026-05-12,03,32,22.2,72,20.0,69.0
461112,2026-05-12,03,33,22.2,72,20.0,69.0
461113,2026-05-12,03,34,22.2,72,20.0,69.0
461114,2026-05-12,03,35,22.2,72,20.0,69.0
461115,2026-05-12,03,36,22.2,72,20.0,69.0
461116,2026-05-12,03,37,22.2,72,20.0,69.0
461117,2026-05-12,03,38,22.2,72,20.0,69.0
461118,2026-05-12,03,39,22.2,72,20.0,69.0
461119,2026-05-12,03,40,22.2,72,20.0,69.0
461120,2026-05-12,03,41,22.2,72,20.0,69.0
461121,2026-05-12,03,42,22.2,72,20.0,69.0
461122,2026-05-12,03,43,22.2,72,20.0,69.0
461123,2026-05-12,03,44,22.2,72,20.0,69.0
461124,2026-05-12,03,45,22.2,72,20.0,69.0
461125,2026-05-12,03,46,22.2,72,20.0,69.0
461126,2026-05-12,03,47,22.2,72,20.0,69.0
461127,2026-05-12,03,48,22.2,72,20.0,69.0
461128,2026-05-12,03,49,22.2,72,20.0,69.0
461129,2026-05-12,03,50,22.2,72,20.0,69.0
461130,2026-05-12,03,51,22.2,72,20.0,69.0
461131,2026-05-12,03,52,22.2,72,20.0,69.0
461132,2026-05-12,03,53,22.2,72,20.0,69.0
461133,2026-05-12,03,54,22.2,72,20.0,69.0
461134,2026-05-12,03,55,22.2,72,20.0,69.0
461135,2026-05-12,03,56,22.2,72,20.0,69.0
461136,2026-05-12,03,57,22.2,72,20.0,69.0
461137,2026-05-12,03,58,22.2,72,20.0,69.0
461138,2026-05-12,03,59,22.2,72,20.0,69.0
461139,2026-05-12,04,00,22.2,72,20.0,69.0
461140,2026-05-12,04,01,22.2,72,19.9,69.0
461141,2026-05-12,04,02,22.2,72,19.9,69.0
461142,2026-05-12,04,03,22.2,72,19.9,69.0
461143,2026-05-12,04,04,22.2,72,19.9,69.0
461144,2026-05-12,04,05,22.2,72,19.9,69.0
461145,2026-05-12,04,06,22.2,72,19.9,69.0
461146,2026-05-12,04,07,22.2,72,19.9,69.0
461147,2026-05-12,04,08,22.2,72,19.9,69.0
461148,2026-05-12,04,09,22.2,72,19.9,69.0
461149,2026-05-12,04,10,22.2,72,19.9,69.0
461150,2026-05-12,04,11,22.2,72,19.9,69.0
461151,2026-05-12,04,12,22.2,72,19.9,69.0
461152,2026-05-12,04,13,22.2,72,19.9,69.0
461153,2026-05-12,04,14,22.2,72,19.8,69.0
461154,2026-05-12,04,15,22.2,72,19.9,69.0
461155,2026-05-12,04,16,22.2,72,19.9,69.0
461156,2026-05-12,04,17,22.2,72,19.8,69.0
461157,2026-05-12,04,18,22.2,72,19.8,69.0
461158,2026-05-12,04,19,22.2,72,19.8,69.0
461159,2026-05-12,04,20,22.2,72,19.8,69.0
461160,2026-05-12,04,21,22.2,72,19.8,69.0
461161,2026-05-12,04,22,22.2,72,19.8,69.0
461162,2026-05-12,04,23,22.2,72,19.8,69.0
461163,2026-05-12,04,24,22.2,72,19.8,69.0
461164,2026-05-12,04,25,22.2,72,19.8,69.0
461165,2026-05-12,04,26,22.2,72,19.8,69.0
461166,2026-05-12,04,27,22.2,72,19.8,69.0
461167,2026-05-12,04,28,22.2,72,19.8,69.0
461168,2026-05-12,04,29,22.2,72,19.8,69.0
461169,2026-05-12,04,30,22.2,72,19.8,69.0
461170,2026-05-12,04,31,22.1,72,19.8,69.0
461171,2026-05-12,04,32,21.9,72,19.7,69.0
461172,2026-05-12,04,33,21.9,72,19.7,69.0
461173,2026-05-12,04,34,21.9,72,19.7,69.0
461174,2026-05-12,04,35,21.8,72,19.7,69.0
461175,2026-05-12,04,36,21.8,72,19.7,69.0
461176,2026-05-12,04,37,21.8,72,19.7,69.0
461177,2026-05-12,04,38,21.8,72,19.7,69.0
461178,2026-05-12,04,39,21.8,72,19.7,69.0
461179,2026-05-12,04,40,21.8,72,19.7,69.0
461180,2026-05-12,04,41,21.8,72,19.7,69.0
461181,2026-05-12,04,42,21.8,72,19.7,70.0
461182,2026-05-12,04,43,21.8,72,19.7,70.0
461183,2026-05-12,04,44,21.8,72,19.7,70.0
461184,2026-05-12,04,45,21.8,72,19.7,70.0
461185,2026-05-12,04,46,21.8,72,19.7,70.0
461186,2026-05-12,04,47,21.8,72,19.6,70.0
461187,2026-05-12,04,48,21.8,72,19.6,70.0
461188,2026-05-12,04,49,21.8,72,19.7,70.0
461189,2026-05-12,04,50,21.8,72,19.6,70.0
461190,2026-05-12,04,51,21.8,72,19.6,70.0
461191,2026-05-12,04,52,21.8,72,19.6,70.0
461192,2026-05-12,04,53,21.8,72,19.6,70.0
461193,2026-05-12,04,54,21.8,72,19.6,70.0
461194,2026-05-12,04,55,21.8,72,19.6,70.0
461195,2026-05-12,04,56,21.8,72,19.6,70.0
461196,2026-05-12,04,57,21.8,72,19.6,70.0
461197,2026-05-12,04,58,21.8,72,19.6,70.0
461198,2026-05-12,04,59,21.8,72,19.6,70.0
461199,2026-05-12,05,00,21.8,72,19.6,70.0
461200,2026-05-12,05,01,21.8,72,19.6,70.0
461201,2026-05-12,05,04,21.8,72,19.6,70.0
461202,2026-05-12,05,05,21.8,73,19.6,70.0
461203,2026-05-12,05,06,21.8,73,19.6,70.0
461204,2026-05-12,05,07,21.8,73,19.6,70.0
461205,2026-05-12,05,08,21.8,73,19.6,70.0
461206,2026-05-12,05,09,21.8,73,19.6,70.0
461207,2026-05-12,05,10,21.8,73,19.6,70.0
461208,2026-05-12,05,11,21.8,73,19.6,70.0
461209,2026-05-12,05,12,21.8,72,19.6,70.0
461210,2026-05-12,05,13,21.8,73,19.6,70.0
461211,2026-05-12,05,14,21.8,73,19.6,70.0
461212,2026-05-12,05,15,21.8,73,19.6,70.0
461213,2026-05-12,05,16,21.8,73,19.6,70.0
461214,2026-05-12,05,18,21.8,73,19.6,70.0
461215,2026-05-12,05,19,21.8,73,19.6,70.0
461216,2026-05-12,05,20,21.8,73,19.6,70.0
461217,2026-05-12,05,21,21.8,73,19.6,70.0
461218,2026-05-12,05,22,21.8,73,19.6,70.0
461219,2026-05-12,05,23,21.8,73,19.6,70.0
461220,2026-05-12,05,24,21.8,73,19.6,70.0
461221,2026-05-12,05,25,21.8,73,19.6,70.0
461222,2026-05-12,05,26,21.8,73,19.6,70.0
461223,2026-05-12,05,27,21.8,73,19.6,70.0
461224,2026-05-12,05,28,21.8,73,19.6,70.0
461225,2026-05-12,05,29,21.8,73,19.6,70.0
461226,2026-05-12,05,30,21.8,73,19.6,70.0
461227,2026-05-12,05,31,21.8,73,19.6,70.0
461228,2026-05-12,05,32,21.8,73,19.6,70.0
461229,2026-05-12,05,33,21.8,73,19.6,70.0
461230,2026-05-12,05,34,21.8,73,19.6,70.0
461231,2026-05-12,05,35,21.8,73,19.6,70.0
461232,2026-05-12,05,36,21.8,73,19.6,70.0
461233,2026-05-12,05,37,21.8,73,19.6,70.0
461234,2026-05-12,05,38,21.8,73,19.6,70.0
461235,2026-05-12,05,39,21.8,73,19.6,70.0
461236,2026-05-12,05,40,21.8,72,19.6,70.0
461237,2026-05-12,05,41,21.8,72,19.6,70.0
461238,2026-05-12,05,42,21.8,73,19.6,70.0
461239,2026-05-12,05,43,21.8,73,19.6,70.0
461240,2026-05-12,05,44,21.8,73,19.6,70.0
461241,2026-05-12,05,45,21.8,73,19.6,70.0
461242,2026-05-12,05,46,21.8,73,19.6,70.0
461243,2026-05-12,05,47,21.8,73,19.6,70.0
461244,2026-05-12,05,48,21.8,73,19.6,70.0
461245,2026-05-12,05,49,21.8,73,19.6,70.0
461246,2026-05-12,05,50,21.8,73,19.6,70.0
461247,2026-05-12,05,51,21.8,73,19.6,70.0
461248,2026-05-12,05,52,21.8,73,19.6,70.0
461249,2026-05-12,05,53,21.8,73,19.6,70.0
461250,2026-05-12,05,54,21.8,73,19.6,70.0
461251,2026-05-12,05,55,21.8,73,19.6,70.0
461252,2026-05-12,05,56,21.8,73,19.6,70.0
461253,2026-05-12,05,57,21.8,73,19.6,70.0
461254,2026-05-12,05,58,21.8,73,19.6,70.0
461255,2026-05-12,05,59,21.8,73,19.6,70.0
461256,2026-05-12,06,00,21.8,73,19.6,70.0
461257,2026-05-12,06,01,21.8,73,19.6,70.0
461258,2026-05-12,06,02,21.8,73,19.6,70.0
461259,2026-05-12,06,03,21.8,73,19.6,70.0
461260,2026-05-12,06,04,21.8,73,19.6,69.0
461261,2026-05-12,06,05,21.8,73,19.6,69.0
461262,2026-05-12,06,06,21.8,73,19.6,69.0
461263,2026-05-12,06,07,21.8,73,19.6,69.0
461264,2026-05-12,06,08,21.8,73,19.6,69.0
461265,2026-05-12,06,09,21.8,73,19.6,69.0
461266,2026-05-12,06,10,21.8,73,19.6,69.0
461267,2026-05-12,06,11,21.8,73,19.6,69.0
461268,2026-05-12,06,12,21.8,73,19.6,69.0
461269,2026-05-12,06,13,21.8,73,19.6,69.0
461270,2026-05-12,06,14,21.8,73,19.6,69.0
461271,2026-05-12,06,15,21.8,73,19.6,69.0
461272,2026-05-12,06,16,21.8,73,19.6,69.0
461273,2026-05-12,06,17,21.8,73,19.6,69.0
461274,2026-05-12,06,18,21.8,73,19.6,69.0
461275,2026-05-12,06,19,21.8,73,19.6,69.0
461276,2026-05-12,06,20,21.8,73,19.6,69.0
461277,2026-05-12,06,21,21.8,73,19.6,69.0
461278,2026-05-12,06,22,21.8,73,19.7,69.0
461279,2026-05-12,06,23,21.8,73,19.7,69.0
461280,2026-05-12,06,24,21.8,73,19.7,69.0
461281,2026-05-12,06,25,21.8,73,19.7,69.0
461282,2026-05-12,06,26,21.8,73,19.7,69.0
461283,2026-05-12,06,27,21.8,73,19.7,69.0
461284,2026-05-12,06,28,21.8,73,19.7,69.0
461285,2026-05-12,06,29,21.8,73,19.7,69.0
461286,2026-05-12,06,30,21.8,73,19.7,69.0
461287,2026-05-12,06,31,21.8,73,19.8,69.0
461288,2026-05-12,06,32,21.8,73,19.8,69.0
461289,2026-05-12,06,33,21.8,73,19.8,69.0
461290,2026-05-12,06,34,21.8,73,19.8,69.0
461291,2026-05-12,06,35,21.8,73,19.8,69.0
461292,2026-05-12,06,36,21.8,73,19.9,69.0
461293,2026-05-12,06,37,21.8,73,19.9,69.0
461294,2026-05-12,06,38,21.8,73,19.9,69.0
461295,2026-05-12,06,39,21.8,73,19.9,68.0
461296,2026-05-12,06,40,21.8,73,19.9,68.0
461297,2026-05-12,06,41,21.8,73,19.9,68.0
461298,2026-05-12,06,50,21.8,73,20.1,68.0
461299,2026-05-12,06,51,21.8,73,20.1,68.0
461300,2026-05-12,06,52,21.8,73,20.2,68.0
461301,2026-05-12,06,54,21.8,73,20.3,68.0
461302,2026-05-12,06,56,21.8,73,20.3,67.0
461303,2026-05-12,06,57,21.8,73,20.3,67.0
461304,2026-05-12,06,58,21.8,73,20.4,67.0
461305,2026-05-12,06,59,21.8,73,20.4,67.0
461306,2026-05-12,07,00,21.8,73,20.4,67.0
461307,2026-05-12,07,01,21.8,73,20.4,67.0
461308,2026-05-12,07,02,21.8,73,20.5,67.0
461309,2026-05-12,07,03,21.8,73,20.5,67.0
461310,2026-05-12,07,05,21.8,73,20.5,67.0
461311,2026-05-12,07,06,21.8,73,20.5,67.0
461312,2026-05-12,07,07,21.8,73,20.6,67.0
461313,2026-05-12,07,08,21.8,73,20.6,67.0
461314,2026-05-12,07,09,21.8,73,20.6,67.0
461315,2026-05-12,07,10,21.8,73,20.6,67.0
461316,2026-05-12,07,11,21.8,73,20.7,66.0
461317,2026-05-12,07,12,21.8,73,20.7,66.0
461318,2026-05-12,07,13,21.8,73,20.8,66.0
461319,2026-05-12,07,14,21.8,73,20.8,66.0
461320,2026-05-12,07,15,21.8,73,20.9,66.0
461321,2026-05-12,07,16,21.8,73,20.9,66.0
461322,2026-05-12,07,17,21.8,73,20.9,66.0
461323,2026-05-12,07,18,21.8,73,21.0,66.0
461324,2026-05-12,07,20,21.8,73,21.0,65.0
461325,2026-05-12,07,21,21.8,73,21.1,65.0
461326,2026-05-12,07,22,21.8,73,21.2,65.0
461327,2026-05-12,07,23,21.8,73,21.4,65.0
461328,2026-05-12,07,24,21.8,73,21.5,64.0
461329,2026-05-12,07,25,21.8,73,21.7,64.0
461330,2026-05-12,07,26,21.8,73,21.7,64.0
461331,2026-05-12,07,27,21.8,73,21.8,63.0
461332,2026-05-12,07,29,21.8,73,22.2,63.0
461333,2026-05-12,07,30,21.8,73,22.3,63.0
461334,2026-05-12,07,31,21.8,73,22.3,63.0
461335,2026-05-12,07,32,21.8,73,22.4,62.0
461336,2026-05-12,07,33,21.8,73,22.4,62.0
461337,2026-05-12,07,34,21.8,73,22.5,62.0
461338,2026-05-12,07,38,21.8,73,23.0,62.0
461339,2026-05-12,07,40,21.8,74,22.9,62.0
461340,2026-05-12,07,41,21.8,74,22.9,62.0
461341,2026-05-12,07,42,21.8,74,22.9,62.0
461342,2026-05-12,07,43,21.8,75,22.9,62.0
461343,2026-05-12,07,44,21.8,75,22.8,63.0
461344,2026-05-12,07,45,21.8,75,22.7,63.0
461345,2026-05-12,07,47,21.8,75,22.6,63.0
461346,2026-05-12,07,48,21.8,75,22.6,63.0
461347,2026-05-12,07,49,21.8,75,22.5,63.0
461348,2026-05-12,07,50,21.8,75,22.5,63.0
461349,2026-05-12,07,59,21.8,75,22.2,64.0
461350,2026-05-12,08,14,21.8,75,22.5,64.0
461351,2026-05-12,08,15,21.8,75,22.6,63.0
461352,2026-05-12,08,16,21.8,75,22.6,63.0
461353,2026-05-12,08,19,21.8,75,22.9,62.0
461354,2026-05-12,08,20,21.8,75,23.2,62.0
461355,2026-05-12,08,21,21.8,75,23.7,61.0
461356,2026-05-12,08,25,21.9,74,25.2,57.0
461357,2026-05-12,08,26,22.0,74,25.4,56.0
461358,2026-05-12,08,27,22.2,74,25.5,56.0
461359,2026-05-12,08,28,22.2,74,25.7,55.0
461360,2026-05-12,08,29,22.2,74,26.0,55.0
461361,2026-05-12,08,30,22.2,74,26.2,54.0
461362,2026-05-12,08,31,22.2,74,26.4,53.0
461363,2026-05-12,08,32,22.2,74,26.7,53.0
461364,2026-05-12,08,33,22.2,74,27.0,52.0
461365,2026-05-12,08,34,22.2,74,27.3,52.0
461366,2026-05-12,08,35,22.2,74,27.6,51.0
461367,2026-05-12,08,36,22.2,74,27.8,50.0
461368,2026-05-12,08,37,22.2,73,27.9,50.0
461369,2026-05-12,08,38,22.2,73,28.0,50.0
461370,2026-05-12,08,39,22.2,73,28.2,50.0
461371,2026-05-12,08,40,22.2,73,28.7,49.0
461372,2026-05-12,08,41,22.2,73,29.4,48.0
461373,2026-05-12,08,59,22.6,73,35.9,36.0
461374,2026-05-12,09,00,22.6,73,36.1,36.0
461375,2026-05-12,09,02,22.6,73,36.3,36.0
461376,2026-05-12,09,11,23.0,73,37.4,35.0
461377,2026-05-12,09,12,23.0,73,37.5,35.0
461378,2026-05-12,09,13,23.0,73,37.6,34.0
461379,2026-05-12,09,14,23.0,73,37.7,35.0
461380,2026-05-12,09,15,23.0,73,37.7,34.0
461381,2026-05-12,09,16,23.0,73,37.7,34.0
461382,2026-05-12,09,17,23.0,73,37.8,34.0
461383,2026-05-12,09,18,23.0,73,38.0,34.0
461384,2026-05-12,09,19,23.0,73,38.1,34.0
461385,2026-05-12,09,20,23.0,73,38.3,34.0
461386,2026-05-12,09,21,23.0,73,38.3,34.0
461387,2026-05-12,09,22,23.0,73,38.4,34.0
461388,2026-05-12,09,23,23.0,73,38.4,33.0
461389,2026-05-12,09,24,23.0,73,38.5,33.0
461390,2026-05-12,09,25,23.0,73,38.5,33.0
461391,2026-05-12,09,26,23.0,73,38.7,33.0
461392,2026-05-12,09,27,23.0,73,38.5,33.0
461393,2026-05-12,09,28,23.0,73,37.1,34.0
461394,2026-05-12,09,29,23.0,73,36.3,36.0
461395,2026-05-12,09,30,23.0,73,36.4,35.0
461396,2026-05-12,09,31,23.0,73,36.1,36.0
461397,2026-05-12,09,32,23.0,73,36.1,36.0
461398,2026-05-12,09,33,23.0,73,36.7,35.0
461399,2026-05-12,09,34,23.0,73,37.4,35.0
461400,2026-05-12,09,35,23.1,73,36.0,35.0
461401,2026-05-12,09,36,23.0,73,35.3,37.0
461402,2026-05-12,09,37,23.0,73,36.1,36.0
461403,2026-05-12,09,38,23.0,73,36.1,36.0
461404,2026-05-12,09,39,23.2,73,35.7,36.0
461405,2026-05-12,09,40,23.0,73,34.7,38.0
461406,2026-05-12,09,41,23.0,73,34.1,38.0
461407,2026-05-12,09,42,23.0,73,33.4,40.0
461408,2026-05-12,09,43,23.0,73,32.8,40.0
461409,2026-05-12,09,44,23.0,73,32.1,41.0
461410,2026-05-12,09,45,23.0,73,31.8,42.0
461411,2026-05-12,09,46,23.0,73,31.6,42.0
461412,2026-05-12,09,47,23.0,73,31.3,43.0
461413,2026-05-12,09,48,23.0,73,31.1,43.0
461414,2026-05-12,09,49,23.1,73,30.8,44.0
461415,2026-05-12,09,50,23.4,73,30.8,44.0
461416,2026-05-12,09,51,23.4,73,30.7,44.0
461417,2026-05-12,09,52,23.4,73,30.3,45.0
461418,2026-05-12,09,53,23.4,73,30.6,44.0
461419,2026-05-12,09,54,23.2,73,31.0,44.0
461420,2026-05-12,09,55,23.2,73,30.9,44.0
461421,2026-05-12,09,56,23.0,73,30.4,44.0
461422,2026-05-12,09,57,23.0,73,29.9,45.0
461423,2026-05-12,09,58,23.1,73,29.4,46.0
461424,2026-05-12,09,59,23.0,73,29.1,46.0
461425,2026-05-12,10,00,23.0,73,28.8,47.0
461426,2026-05-12,10,01,23.0,73,28.7,47.0
461427,2026-05-12,10,02,23.0,73,28.8,47.0
461428,2026-05-12,10,03,23.2,73,28.9,47.0
461429,2026-05-12,10,04,23.3,73,29.0,47.0
461430,2026-05-12,10,05,23.4,73,29.1,47.0
461431,2026-05-12,10,06,23.4,73,29.0,47.0
461432,2026-05-12,10,07,23.4,73,28.8,47.0
461433,2026-05-12,10,08,23.4,72,28.7,47.0
461434,2026-05-12,10,09,23.1,73,28.6,47.0
461435,2026-05-12,10,10,23.0,73,28.6,47.0
461436,2026-05-12,10,11,23.1,73,28.6,47.0
461437,2026-05-12,10,12,23.4,73,28.5,48.0
461438,2026-05-12,10,13,23.4,73,28.6,48.0
461439,2026-05-12,10,14,23.4,73,28.6,48.0
461440,2026-05-12,10,15,23.4,73,28.6,48.0
461441,2026-05-12,10,16,23.4,73,28.6,48.0
461442,2026-05-12,10,17,23.4,72,28.6,48.0
461443,2026-05-12,10,18,23.4,72,28.5,47.0
461444,2026-05-12,10,19,23.4,72,28.6,48.0
461445,2026-05-12,10,20,23.4,72,28.6,48.0
461446,2026-05-12,10,21,23.4,72,28.6,48.0
461447,2026-05-12,10,22,23.4,72,28.6,48.0
461448,2026-05-12,10,23,23.4,72,28.6,48.0
461449,2026-05-12,10,24,23.4,72,28.6,48.0
461450,2026-05-12,10,25,23.4,72,28.6,48.0
461451,2026-05-12,10,26,23.4,72,28.6,48.0
461452,2026-05-12,10,27,23.4,72,28.5,48.0
461453,2026-05-12,10,28,23.4,72,28.5,48.0
461454,2026-05-12,10,29,23.4,72,28.4,48.0
461455,2026-05-12,10,30,23.4,72,28.4,48.0
461456,2026-05-12,10,31,23.4,72,28.4,48.0
461457,2026-05-12,10,33,23.4,72,28.4,48.0
461458,2026-05-12,10,34,23.4,72,28.4,48.0
461459,2026-05-12,10,35,23.4,72,28.5,48.0
461460,2026-05-12,10,36,23.4,72,28.5,48.0
461461,2026-05-12,10,37,23.4,72,28.6,48.0
461462,2026-05-12,10,38,23.4,72,28.6,47.0
461463,2026-05-12,10,39,23.4,71,28.6,47.0
461464,2026-05-12,10,40,23.4,71,28.6,48.0
461465,2026-05-12,10,41,23.4,71,28.6,48.0
461466,2026-05-12,10,42,23.4,71,28.6,48.0
461467,2026-05-12,10,43,23.4,71,28.6,48.0
461468,2026-05-12,10,44,23.8,71,28.6,48.0
461469,2026-05-12,10,45,23.8,71,28.6,48.0
461470,2026-05-12,10,46,23.8,71,28.6,48.0
461471,2026-05-12,10,47,23.8,71,28.6,48.0
461472,2026-05-12,10,48,23.8,71,28.6,48.0
461473,2026-05-12,10,49,23.8,71,28.6,48.0
461474,2026-05-12,10,50,23.8,71,28.6,48.0
461475,2026-05-12,10,51,23.8,71,28.7,47.0
461476,2026-05-12,10,53,23.8,71,28.7,48.0
461477,2026-05-12,10,53,23.8,71,28.8,48.0
461478,2026-05-12,10,54,23.8,71,28.8,47.0
461479,2026-05-12,10,55,23.8,71,28.9,47.0
461480,2026-05-12,10,56,23.8,71,28.9,47.0
461481,2026-05-12,10,58,23.8,71,28.6,48.0
461482,2026-05-12,10,59,23.8,71,28.4,48.0
461483,2026-05-12,11,00,23.8,71,28.2,49.0
461484,2026-05-12,11,01,23.8,71,28.1,49.0
461485,2026-05-12,11,02,23.8,71,28.0,49.0
461486,2026-05-12,11,03,23.8,71,27.9,49.0
461487,2026-05-12,11,04,23.8,71,27.8,49.0
461488,2026-05-12,11,05,23.8,71,27.6,49.0
461489,2026-05-12,11,06,23.8,72,27.4,50.0
461490,2026-05-12,11,07,23.8,72,27.3,50.0
461491,2026-05-12,11,08,23.8,72,27.1,51.0
461492,2026-05-12,11,09,23.8,72,27.0,50.0
461493,2026-05-12,11,10,23.8,72,26.9,50.0
461494,2026-05-12,11,11,23.8,72,26.8,51.0
461495,2026-05-12,11,12,23.8,72,26.8,51.0
461496,2026-05-12,11,13,23.8,72,26.7,51.0
461497,2026-05-12,11,17,23.8,71,26.6,51.0
461498,2026-05-12,11,18,23.8,71,26.6,51.0
461499,2026-05-12,11,19,23.8,71,26.6,51.0
461500,2026-05-12,11,21,23.8,71,26.6,51.0
461501,2026-05-12,11,21,23.8,71,26.5,51.0
461502,2026-05-12,11,22,23.8,71,26.5,52.0
461503,2026-05-12,11,24,23.8,71,26.5,52.0
461504,2026-05-12,11,26,24.1,71,26.6,52.0
461505,2026-05-12,11,26,24.1,70,26.6,52.0
461506,2026-05-12,11,28,24.1,70,26.6,52.0
461507,2026-05-12,11,28,24.1,70,26.6,51.0
461508,2026-05-12,11,29,24.1,69,26.6,51.0
461509,2026-05-12,11,31,24.1,70,26.7,51.0
461510,2026-05-12,11,31,24.1,69,26.7,51.0
461511,2026-05-12,11,32,24.1,70,26.7,52.0
461512,2026-05-12,11,34,24.1,70,26.7,52.0
461513,2026-05-12,11,34,24.1,69,26.8,52.0
461514,2026-05-12,11,37,24.1,69,27.0,51.0
461515,2026-05-12,11,38,24.1,69,27.1,51.0
461516,2026-05-12,11,39,24.1,69,27.2,51.0
461517,2026-05-12,11,40,24.1,69,27.4,50.0
461518,2026-05-12,11,41,24.1,69,27.5,50.0
461519,2026-05-12,11,42,24.2,69,27.6,50.0
461520,2026-05-12,11,43,24.5,69,27.7,50.0
461521,2026-05-12,11,44,24.5,69,27.7,49.0
461522,2026-05-12,11,45,24.5,69,27.7,49.0
461523,2026-05-12,11,46,24.5,69,27.7,49.0
461524,2026-05-12,11,48,24.5,69,27.7,49.0
461525,2026-05-12,11,48,24.5,69,27.7,49.0
461526,2026-05-12,11,49,24.5,68,27.8,49.0
461527,2026-05-12,11,50,24.5,69,27.8,49.0
461528,2026-05-12,11,51,24.5,69,27.9,49.0
461529,2026-05-12,11,53,24.5,69,28.0,49.0
461530,2026-05-12,11,53,24.5,69,28.1,49.0
461531,2026-05-12,11,55,24.5,69,28.1,49.0
461532,2026-05-12,11,55,24.5,69,28.0,49.0
461533,2026-05-12,11,57,24.5,69,27.9,49.0
461534,2026-05-12,11,57,24.5,69,27.8,49.0
461535,2026-05-12,11,59,24.5,69,27.7,49.0
461536,2026-05-12,11,59,24.5,69,27.6,50.0
461537,2026-05-12,12,01,24.5,69,27.7,49.0
461538,2026-05-12,12,01,24.5,69,27.7,49.0
461539,2026-05-12,12,03,24.5,70,27.7,49.0
461540,2026-05-12,12,03,24.5,70,27.8,49.0
461541,2026-05-12,12,05,24.8,70,27.8,49.0
461542,2026-05-12,12,05,24.8,71,27.9,48.0
461543,2026-05-12,12,07,24.8,71,28.0,48.0
461544,2026-05-12,12,07,24.8,71,28.1,49.0
461545,2026-05-12,12,09,24.8,71,28.1,49.0
461546,2026-05-12,12,09,24.8,72,28.1,49.0
461547,2026-05-12,12,11,24.8,72,28.2,49.0
461548,2026-05-12,12,11,24.8,71,28.2,49.0
461549,2026-05-12,12,13,24.8,71,28.2,49.0
461550,2026-05-12,12,13,24.8,72,28.2,49.0
461551,2026-05-12,12,15,24.8,72,28.2,49.0
461552,2026-05-12,12,16,24.8,71,28.2,48.0
461553,2026-05-12,12,17,24.8,71,28.2,48.0
461554,2026-05-12,12,18,24.8,72,28.3,48.0
461555,2026-05-12,12,19,24.8,72,28.4,46.0
461556,2026-05-12,12,20,24.8,72,28.5,46.0
461557,2026-05-12,12,21,24.8,72,28.6,47.0
461558,2026-05-12,12,22,24.8,73,28.6,47.0
461559,2026-05-12,12,23,24.8,73,28.6,46.0
461560,2026-05-12,12,24,24.8,73,28.6,46.0
461561,2026-05-12,12,25,24.8,73,28.6,46.0
461562,2026-05-12,12,26,24.8,73,28.6,46.0
461563,2026-05-12,12,27,24.8,73,28.7,46.0
461564,2026-05-12,12,28,24.8,73,28.7,47.0
461565,2026-05-12,12,29,24.8,73,28.7,48.0
461566,2026-05-12,12,30,24.8,73,28.7,48.0
461567,2026-05-12,12,31,24.8,73,28.6,49.0
461568,2026-05-12,12,32,24.8,73,28.6,49.0
461569,2026-05-12,12,33,24.8,73,28.5,49.0
461570,2026-05-12,12,34,24.8,73,28.4,49.0
461571,2026-05-12,12,36,24.8,73,28.3,48.0
461572,2026-05-12,12,37,24.8,73,28.3,48.0
461573,2026-05-12,12,38,24.8,73,28.3,48.0
461574,2026-05-12,12,39,24.8,73,28.3,49.0
461575,2026-05-12,12,40,24.8,73,28.3,48.0
461576,2026-05-12,12,41,24.8,73,28.3,49.0
461577,2026-05-12,12,42,24.8,73,28.4,50.0
461578,2026-05-12,12,43,24.8,73,28.4,50.0
461579,2026-05-12,12,44,24.8,73,28.4,50.0
461580,2026-05-12,12,45,24.8,73,28.5,50.0
461581,2026-05-12,12,46,24.8,73,28.6,50.0
461582,2026-05-12,12,47,24.8,73,28.6,50.0
461583,2026-05-12,12,48,24.8,73,28.6,50.0
461584,2026-05-12,12,50,24.9,73,28.6,51.0
461585,2026-05-12,12,51,24.9,73,28.6,50.0
461586,2026-05-12,12,52,25.2,73,28.5,49.0
461587,2026-05-12,12,53,25.3,73,28.5,51.0
461588,2026-05-12,12,54,25.3,73,28.4,50.0
461589,2026-05-12,12,55,25.3,73,28.4,51.0
461590,2026-05-12,12,56,25.3,74,28.4,51.0
461591,2026-05-12,12,57,25.3,74,28.3,50.0
461592,2026-05-12,12,58,25.3,74,28.3,52.0
461593,2026-05-12,12,59,25.3,74,28.3,52.0
461594,2026-05-12,13,00,25.3,74,28.2,51.0
461595,2026-05-12,13,01,25.3,74,28.1,52.0
461596,2026-05-12,13,02,25.3,74,28.1,53.0
461597,2026-05-12,13,03,25.3,74,28.0,52.0
461598,2026-05-12,13,04,25.3,74,27.9,52.0
461599,2026-05-12,13,05,25.3,73,27.9,52.0
461600,2026-05-12,13,06,25.0,73,27.9,52.0
461601,2026-05-12,13,07,25.3,73,27.9,51.0
461602,2026-05-12,13,08,25.3,73,27.9,52.0
461603,2026-05-12,13,09,25.3,73,27.9,52.0
461604,2026-05-12,13,10,25.3,73,28.0,52.0
461605,2026-05-12,13,11,25.3,74,28.0,53.0
461606,2026-05-12,13,12,25.3,74,28.0,51.0
461607,2026-05-12,13,13,25.3,74,28.0,50.0
461608,2026-05-12,13,14,25.3,74,27.9,50.0
461609,2026-05-12,13,15,25.3,74,27.9,52.0
461610,2026-05-12,13,16,25.3,74,27.9,53.0
461611,2026-05-12,13,17,25.3,74,28.0,53.0
461612,2026-05-12,13,18,25.3,74,28.1,53.0
461613,2026-05-12,13,19,25.3,74,28.1,53.0
461614,2026-05-12,13,20,25.3,73,28.2,53.0
461615,2026-05-12,13,21,25.3,73,28.2,52.0
461616,2026-05-12,13,22,25.0,73,28.2,53.0
461617,2026-05-12,13,23,25.0,73,28.2,53.0
461618,2026-05-12,13,24,24.9,73,28.1,52.0
461619,2026-05-12,13,25,24.8,73,28.0,52.0
461620,2026-05-12,13,26,24.8,73,27.9,51.0
461621,2026-05-12,13,27,24.8,73,27.8,51.0
461622,2026-05-12,13,29,24.8,73,27.7,52.0
461623,2026-05-12,13,30,24.8,73,27.7,52.0
461624,2026-05-12,13,31,24.8,73,27.6,52.0
461625,2026-05-12,13,32,24.8,73,27.6,52.0
461626,2026-05-12,13,33,24.8,73,27.5,52.0
461627,2026-05-12,13,34,24.8,73,27.5,51.0
461628,2026-05-12,13,35,24.8,73,27.5,50.0
461629,2026-05-12,13,36,24.8,73,27.5,51.0
461630,2026-05-12,13,37,24.8,73,27.6,52.0
461631,2026-05-12,13,38,24.8,73,27.6,52.0
461632,2026-05-12,13,40,24.8,73,27.7,52.0
461633,2026-05-12,13,41,24.8,73,27.7,52.0
461634,2026-05-12,13,42,24.8,73,27.8,51.0
461635,2026-05-12,13,43,24.8,73,27.8,50.0
461636,2026-05-12,13,44,24.8,73,27.9,50.0
461637,2026-05-12,13,45,24.8,72,27.9,50.0
461638,2026-05-12,13,46,24.8,72,27.9,49.0
461639,2026-05-12,13,47,24.8,72,27.9,50.0
461640,2026-05-12,13,48,24.8,72,28.0,49.0
461641,2026-05-12,13,49,24.8,72,28.0,49.0
461642,2026-05-12,13,50,24.8,72,28.1,49.0
461643,2026-05-12,13,51,24.8,72,28.2,50.0
461644,2026-05-12,13,54,24.8,72,28.4,50.0
461645,2026-05-12,13,55,24.8,72,28.3,50.0
461646,2026-05-12,13,56,24.8,71,28.3,49.0
461647,2026-05-12,13,57,24.8,71,28.3,50.0
461648,2026-05-12,13,58,24.8,71,28.3,49.0
461649,2026-05-12,13,59,24.8,71,28.3,50.0
461650,2026-05-12,14,00,24.8,71,28.4,50.0
461651,2026-05-12,14,01,24.8,71,28.4,50.0
461652,2026-05-12,14,02,24.8,71,28.5,50.0
461653,2026-05-12,14,04,24.8,71,28.5,50.0
461654,2026-05-12,14,05,24.8,71,28.5,51.0
461655,2026-05-12,14,07,24.8,71,28.4,51.0
461656,2026-05-12,14,08,24.8,71,28.4,51.0
461657,2026-05-12,14,09,24.8,70,28.5,51.0
461658,2026-05-12,14,10,24.8,70,28.5,51.0
461659,2026-05-12,14,11,24.8,70,28.5,50.0
461660,2026-05-12,14,12,24.8,70,28.5,50.0
461661,2026-05-12,14,13,24.8,70,28.5,50.0
461662,2026-05-12,14,14,24.8,70,28.6,50.0
461663,2026-05-12,14,15,24.8,70,28.6,50.0
461664,2026-05-12,14,16,24.8,70,28.6,50.0
461665,2026-05-12,14,17,24.8,70,28.6,50.0
461666,2026-05-12,14,19,24.8,70,28.6,50.0
461667,2026-05-12,14,20,24.8,70,28.5,50.0
461668,2026-05-12,14,26,24.8,69,28.3,51.0
461669,2026-05-12,14,27,24.9,69,28.3,51.0
461670,2026-05-12,14,28,25.0,69,28.2,51.0
461671,2026-05-12,14,29,24.9,69,28.1,51.0
461672,2026-05-12,14,30,25.3,69,28.1,51.0
461673,2026-05-12,14,32,25.3,69,27.9,51.0
461674,2026-05-12,14,33,25.3,69,27.8,51.0
461675,2026-05-12,14,34,25.3,69,27.7,52.0
461676,2026-05-12,14,35,25.3,69,27.6,52.0
461677,2026-05-12,14,36,25.3,69,27.5,52.0
461678,2026-05-12,14,37,25.3,69,27.4,52.0
461679,2026-05-12,14,38,25.3,69,27.3,52.0
461680,2026-05-12,14,39,25.3,69,27.3,52.0
461681,2026-05-12,14,40,25.3,70,27.2,52.0
461682,2026-05-12,14,41,25.1,70,27.2,52.0
461683,2026-05-12,14,42,24.9,69,27.1,51.0
461684,2026-05-12,14,43,24.9,69,27.1,51.0
461685,2026-05-12,14,44,24.9,70,27.1,51.0
461686,2026-05-12,14,45,24.9,69,27.1,52.0
461687,2026-05-12,14,46,24.9,69,27.1,52.0
461688,2026-05-12,14,47,24.9,70,27.0,51.0
461689,2026-05-12,14,48,24.9,70,27.0,50.0
461690,2026-05-12,14,49,24.9,70,27.0,50.0
461691,2026-05-12,14,50,24.8,70,27.0,51.0
461692,2026-05-12,14,51,24.8,70,27.0,51.0
461693,2026-05-12,14,52,24.8,69,26.9,51.0
461694,2026-05-12,14,53,24.8,69,26.9,51.0
461695,2026-05-12,14,54,24.8,69,26.8,51.0
461696,2026-05-12,14,55,24.8,69,26.8,50.0
461697,2026-05-12,14,56,24.8,69,26.6,50.0
461698,2026-05-12,14,57,24.8,69,26.5,50.0
461699,2026-05-12,14,58,24.8,69,26.4,51.0
461700,2026-05-12,14,59,24.8,69,26.3,50.0
461701,2026-05-12,15,00,24.8,69,26.2,51.0
461702,2026-05-12,15,01,24.8,69,26.1,51.0
461703,2026-05-12,15,02,24.8,69,26.1,51.0
461704,2026-05-12,15,03,24.8,69,26.0,51.0
461705,2026-05-12,15,04,24.8,69,25.9,52.0
461706,2026-05-12,15,05,24.8,69,25.9,52.0
461707,2026-05-12,15,06,24.8,69,25.9,52.0
461708,2026-05-12,15,07,24.8,69,25.9,53.0
461709,2026-05-12,15,08,24.8,69,25.9,52.0
461710,2026-05-12,15,09,24.8,69,25.9,52.0
461711,2026-05-12,15,10,24.8,69,25.9,52.0
461712,2026-05-12,15,11,24.8,69,25.9,52.0
461713,2026-05-12,15,12,24.8,69,25.9,51.0
461714,2026-05-12,15,13,24.8,69,25.8,51.0
461715,2026-05-12,15,14,24.8,69,25.8,51.0
461716,2026-05-12,15,15,24.8,69,25.8,51.0
461717,2026-05-12,15,16,24.8,69,25.8,51.0
461718,2026-05-12,15,17,24.8,69,25.7,51.0
461719,2026-05-12,15,18,24.8,69,25.7,52.0
461720,2026-05-12,15,19,24.8,69,25.7,51.0
461721,2026-05-12,15,20,24.8,69,25.7,51.0
461722,2026-05-12,15,21,24.8,69,25.6,52.0
461723,2026-05-12,15,22,24.8,69,25.6,52.0
461724,2026-05-12,15,23,24.8,69,25.6,52.0
461725,2026-05-12,15,24,24.8,69,25.6,52.0
461726,2026-05-12,15,25,24.8,69,25.6,53.0
461727,2026-05-12,15,26,24.8,69,25.6,52.0
461728,2026-05-12,15,27,24.8,69,25.6,52.0
461729,2026-05-12,15,28,24.8,69,25.6,52.0
461730,2026-05-12,15,29,24.8,69,25.7,52.0
461731,2026-05-12,15,30,24.8,69,25.7,52.0
461732,2026-05-12,15,31,24.8,69,25.7,52.0
461733,2026-05-12,15,32,24.8,69,25.7,52.0
461734,2026-05-12,15,33,24.8,69,25.7,52.0
461735,2026-05-12,15,34,24.8,69,25.7,52.0
461736,2026-05-12,15,35,24.8,69,25.7,52.0
461737,2026-05-12,15,36,24.8,69,25.7,52.0
461738,2026-05-12,15,37,24.8,69,25.7,52.0
461739,2026-05-12,15,38,24.8,69,25.7,52.0
461740,2026-05-12,15,39,24.8,69,25.7,53.0
461741,2026-05-12,15,40,24.8,69,25.7,53.0
461742,2026-05-12,15,41,24.8,69,25.7,53.0
461743,2026-05-12,15,42,24.8,69,25.7,53.0
461744,2026-05-12,15,43,24.8,69,25.7,53.0
461745,2026-05-12,15,44,24.8,68,25.7,53.0
461746,2026-05-12,15,45,24.8,68,25.8,52.0
461747,2026-05-12,15,46,24.8,68,25.8,53.0
461748,2026-05-12,15,47,24.8,68,25.8,53.0
461749,2026-05-12,15,48,24.8,68,25.8,53.0
461750,2026-05-12,15,49,24.8,68,25.8,53.0
461751,2026-05-12,15,50,24.8,68,25.8,53.0
461752,2026-05-12,15,51,24.8,68,25.8,53.0
461753,2026-05-12,15,52,24.8,68,25.8,53.0
461754,2026-05-12,15,53,24.8,68,25.8,53.0
461755,2026-05-12,15,54,24.8,68,25.8,53.0
461756,2026-05-12,15,55,24.8,68,25.8,53.0
461757,2026-05-12,15,56,24.8,68,25.8,53.0
461758,2026-05-12,15,57,24.8,68,25.8,53.0
461759,2026-05-12,15,58,24.8,68,25.8,53.0
461760,2026-05-12,15,59,24.8,67,25.8,53.0
461761,2026-05-12,16,00,24.8,67,25.9,53.0
461762,2026-05-12,16,01,24.8,67,25.9,53.0
461763,2026-05-12,16,02,24.8,67,25.9,53.0
461764,2026-05-12,16,03,24.8,67,25.9,53.0
461765,2026-05-12,16,04,24.8,67,25.9,53.0
461766,2026-05-12,16,05,24.8,67,25.9,53.0
461767,2026-05-12,16,06,24.8,67,25.9,53.0
461768,2026-05-12,16,07,24.8,67,25.9,53.0
461769,2026-05-12,16,08,24.8,67,25.9,53.0
461770,2026-05-12,16,09,24.8,67,25.9,53.0
461771,2026-05-12,16,10,24.8,67,25.9,52.0
461772,2026-05-12,16,11,24.8,67,25.9,52.0
461773,2026-05-12,16,12,24.8,68,25.9,53.0
461774,2026-05-12,16,13,24.8,68,25.8,53.0
461775,2026-05-12,16,14,24.8,68,25.8,53.0
461776,2026-05-12,16,15,24.8,67,25.8,53.0
461777,2026-05-12,16,17,24.8,67,25.7,53.0
461778,2026-05-12,16,18,24.8,67,25.6,53.0
461779,2026-05-12,16,19,24.8,68,25.6,53.0
461780,2026-05-12,16,20,24.8,68,25.6,53.0
461781,2026-05-12,16,21,24.8,68,25.6,53.0
461782,2026-05-12,16,22,24.8,68,25.5,53.0
461783,2026-05-12,16,23,24.8,68,25.4,54.0
461784,2026-05-12,16,24,24.8,68,25.4,54.0
461785,2026-05-12,16,25,24.8,68,25.4,54.0
461786,2026-05-12,16,27,24.8,69,25.3,54.0
461787,2026-05-12,16,28,24.8,69,25.3,54.0
461788,2026-05-12,16,29,24.8,69,25.3,54.0
461789,2026-05-12,16,30,24.8,69,25.2,55.0
461790,2026-05-12,16,31,24.8,69,25.2,55.0
461791,2026-05-12,16,32,24.8,68,25.2,55.0
461792,2026-05-12,16,33,24.8,69,25.2,55.0
461793,2026-05-12,16,34,24.8,69,25.1,55.0
461794,2026-05-12,16,35,24.8,69,25.1,55.0
461795,2026-05-12,16,36,24.8,69,25.1,55.0
461796,2026-05-12,16,37,24.8,69,25.1,55.0
461797,2026-05-12,16,38,24.8,69,25.1,56.0
461798,2026-05-12,16,39,24.8,69,25.1,56.0
461799,2026-05-12,16,40,24.8,69,25.1,56.0
461800,2026-05-12,16,41,24.8,69,25.0,56.0
461801,2026-05-12,16,42,24.8,69,25.0,56.0
461802,2026-05-12,16,43,24.8,69,25.0,56.0
461803,2026-05-12,16,44,24.8,69,24.9,56.0
461804,2026-05-12,16,45,24.8,69,24.9,56.0
461805,2026-05-12,16,46,24.8,69,24.8,56.0
461806,2026-05-12,16,47,24.8,69,24.8,56.0
461807,2026-05-12,16,48,24.8,69,24.8,56.0
461808,2026-05-12,16,49,24.8,69,24.7,56.0
461809,2026-05-12,16,50,24.8,69,24.7,56.0
461810,2026-05-12,16,51,24.8,70,24.7,56.0
461811,2026-05-12,16,52,24.8,70,24.6,56.0
461812,2026-05-12,16,53,24.8,70,24.6,56.0
461813,2026-05-12,16,54,24.8,70,24.5,56.0
461814,2026-05-12,16,55,24.8,71,24.5,57.0
461815,2026-05-12,16,56,24.8,71,24.4,56.0
461816,2026-05-12,16,57,24.8,71,24.4,57.0
461817,2026-05-12,16,58,24.8,71,24.4,57.0
461818,2026-05-12,16,59,24.8,71,24.3,57.0
461819,2026-05-12,17,00,24.8,71,24.3,57.0
461820,2026-05-12,17,01,24.8,71,24.3,57.0
461821,2026-05-12,17,02,24.8,71,24.3,57.0
461822,2026-05-12,17,03,24.8,71,24.2,57.0
461823,2026-05-12,17,04,24.8,71,24.2,58.0
461824,2026-05-12,17,05,24.8,72,24.2,58.0
461825,2026-05-12,17,06,24.8,72,24.2,58.0
461826,2026-05-12,17,07,24.8,72,24.1,58.0
461827,2026-05-12,17,08,24.8,72,24.1,58.0
461828,2026-05-12,17,09,24.8,72,24.1,58.0
461829,2026-05-12,17,10,24.8,72,24.1,58.0
461830,2026-05-12,17,11,24.8,72,24.1,58.0
461831,2026-05-12,17,12,24.8,72,24.1,58.0
461832,2026-05-12,17,13,24.8,72,24.1,58.0
461833,2026-05-12,17,14,24.8,72,24.1,58.0
461834,2026-05-12,17,15,24.8,72,24.1,58.0
461835,2026-05-12,17,16,24.8,73,24.1,58.0
461836,2026-05-12,17,17,24.8,73,24.1,58.0
461837,2026-05-12,17,18,24.8,73,24.1,58.0
461838,2026-05-12,17,19,24.8,73,24.1,58.0
461839,2026-05-12,17,20,24.8,73,24.1,58.0
461840,2026-05-12,17,21,24.8,73,24.1,58.0
461841,2026-05-12,17,22,24.8,73,24.0,58.0
461842,2026-05-12,17,23,24.8,73,24.0,58.0
461843,2026-05-12,17,24,24.8,73,24.0,58.0
461844,2026-05-12,17,25,24.8,73,24.0,58.0
461845,2026-05-12,17,26,24.8,73,24.0,58.0
461846,2026-05-12,17,27,24.8,73,24.0,58.0
461847,2026-05-12,17,28,24.8,73,23.9,58.0
461848,2026-05-12,17,29,24.8,73,23.9,58.0
461849,2026-05-12,17,30,24.8,73,23.9,58.0
461850,2026-05-12,17,31,24.8,73,23.9,58.0
461851,2026-05-12,17,32,24.8,73,23.8,59.0
461852,2026-05-12,17,33,24.8,73,23.8,59.0
461853,2026-05-12,17,34,24.8,73,23.8,59.0
461854,2026-05-12,17,35,24.8,73,23.8,58.0
461855,2026-05-12,17,36,24.8,73,23.8,58.0
461856,2026-05-12,17,37,24.8,73,23.8,59.0
461857,2026-05-12,17,38,24.8,73,23.8,59.0
461858,2026-05-12,17,39,24.8,73,23.7,59.0
461859,2026-05-12,17,40,24.8,73,23.7,59.0
461860,2026-05-12,17,41,24.8,73,23.7,59.0
461861,2026-05-12,17,42,24.8,73,23.7,59.0
461862,2026-05-12,17,43,24.8,73,23.7,59.0
461863,2026-05-12,17,44,24.8,73,23.7,59.0
461864,2026-05-12,17,45,24.8,73,23.7,59.0
461865,2026-05-12,17,46,24.8,73,23.6,59.0
461866,2026-05-12,17,47,24.8,73,23.6,59.0
461867,2026-05-12,17,48,24.8,73,23.6,59.0
461868,2026-05-12,17,49,24.8,73,23.6,59.0
461869,2026-05-12,17,50,24.8,73,23.6,59.0
461870,2026-05-12,17,51,24.8,73,23.6,59.0
461871,2026-05-12,17,52,24.8,73,23.6,59.0
461872,2026-05-12,17,53,24.8,73,23.6,59.0
461873,2026-05-12,17,54,24.8,73,23.5,59.0
461874,2026-05-12,17,55,24.8,73,23.5,59.0
461875,2026-05-12,17,56,24.8,73,23.5,59.0
461876,2026-05-12,17,57,24.8,73,23.5,59.0
461877,2026-05-12,17,58,24.8,73,23.4,59.0
461878,2026-05-12,17,59,24.8,73,23.4,60.0
461879,2026-05-12,18,00,24.8,73,23.4,60.0
461880,2026-05-12,18,01,24.8,73,23.3,60.0
461881,2026-05-12,18,02,24.8,73,23.3,60.0
461882,2026-05-12,18,03,24.8,73,23.3,60.0
461883,2026-05-12,18,04,24.8,73,23.3,60.0
461884,2026-05-12,18,05,24.8,73,23.2,60.0
461885,2026-05-12,18,06,24.8,73,23.2,60.0
461886,2026-05-12,18,07,24.8,73,23.2,60.0
461887,2026-05-12,18,08,24.8,73,23.1,60.0
461888,2026-05-12,18,09,24.8,73,23.1,60.0
461889,2026-05-12,18,10,24.8,73,23.0,60.0
461890,2026-05-12,18,11,24.8,73,23.0,61.0
461891,2026-05-12,18,12,24.8,73,23.0,61.0
461892,2026-05-12,18,13,24.8,73,23.0,61.0
461893,2026-05-12,18,14,24.8,73,22.9,61.0
461894,2026-05-12,18,15,24.8,73,22.9,62.0
461895,2026-05-12,18,16,24.8,72,22.9,62.0
461896,2026-05-12,18,17,24.8,72,22.8,62.0
461897,2026-05-12,18,18,24.8,73,22.8,62.0
461898,2026-05-12,18,19,24.8,73,22.8,62.0
461899,2026-05-12,18,20,24.8,73,22.8,62.0
461900,2026-05-12,18,21,24.8,73,22.7,62.0
461901,2026-05-12,18,22,24.8,73,22.7,62.0
461902,2026-05-12,18,23,24.8,73,22.7,62.0
461903,2026-05-12,18,24,24.8,73,22.7,62.0
461904,2026-05-12,18,25,24.8,73,22.7,62.0
461905,2026-05-12,18,26,24.8,73,22.6,62.0
461906,2026-05-12,18,27,24.8,73,22.6,62.0
461907,2026-05-12,18,28,24.7,73,22.6,62.0
461908,2026-05-12,18,29,24.8,73,22.6,62.0
461909,2026-05-12,18,30,24.8,73,22.6,63.0
461910,2026-05-12,18,31,24.8,73,22.6,63.0
461911,2026-05-12,18,32,24.8,73,22.6,63.0
461912,2026-05-12,18,33,24.8,72,22.6,63.0
461913,2026-05-12,18,34,24.8,72,22.6,63.0
461914,2026-05-12,18,35,24.8,72,22.6,63.0
461915,2026-05-12,18,36,24.8,72,22.6,63.0
461916,2026-05-12,18,37,24.8,72,22.6,63.0
461917,2026-05-12,18,38,24.8,72,22.6,63.0
461918,2026-05-12,18,39,24.8,72,22.6,64.0
461919,2026-05-12,18,40,24.6,72,22.5,64.0
461920,2026-05-12,18,41,24.6,72,22.5,64.0
461921,2026-05-12,18,42,24.5,72,22.5,64.0
461922,2026-05-12,18,43,24.5,72,22.5,64.0
461923,2026-05-12,18,44,24.5,72,22.5,64.0
461924,2026-05-12,18,45,24.5,72,22.5,64.0
461925,2026-05-12,18,46,24.5,72,22.4,65.0
461926,2026-05-12,18,47,24.5,72,22.4,65.0
461927,2026-05-12,18,48,24.5,72,22.4,65.0
461928,2026-05-12,18,49,24.5,72,22.4,65.0
461929,2026-05-12,18,50,24.5,72,22.4,65.0
461930,2026-05-12,18,51,24.5,72,22.4,65.0
461931,2026-05-12,18,52,24.5,72,22.4,65.0
461932,2026-05-12,18,53,24.5,72,22.4,65.0
461933,2026-05-12,18,54,24.5,72,22.3,64.0
461934,2026-05-12,18,55,24.5,72,22.3,64.0
461935,2026-05-12,18,56,24.5,72,22.3,64.0
461936,2026-05-12,18,57,24.5,72,22.3,65.0
461937,2026-05-12,18,58,24.5,72,22.3,65.0
461938,2026-05-12,18,59,24.5,72,22.3,65.0
461939,2026-05-12,19,00,24.5,72,22.3,65.0
461940,2026-05-12,19,01,24.5,72,22.3,65.0
461941,2026-05-12,19,02,24.5,72,22.3,65.0
461942,2026-05-12,19,03,24.5,72,22.2,65.0
461943,2026-05-12,19,04,24.5,72,22.2,65.0
461944,2026-05-12,19,05,24.5,72,22.2,65.0
461945,2026-05-12,19,06,24.5,73,22.2,65.0
461946,2026-05-12,19,07,24.5,73,22.2,65.0
461947,2026-05-12,19,08,24.5,73,22.2,65.0
461948,2026-05-12,19,09,24.5,73,22.2,65.0
461949,2026-05-12,19,10,24.5,73,22.2,65.0
461950,2026-05-12,19,11,24.5,73,22.2,65.0
461951,2026-05-12,19,12,24.5,73,22.2,65.0
461952,2026-05-12,19,13,24.5,73,22.2,65.0
461953,2026-05-12,19,14,24.5,73,22.1,65.0
461954,2026-05-12,19,15,24.5,72,22.1,65.0
461955,2026-05-12,19,16,24.5,73,22.1,65.0
461956,2026-05-12,19,17,24.5,72,22.1,65.0
461957,2026-05-12,19,18,24.5,72,22.1,65.0
461958,2026-05-12,19,19,24.5,71,22.1,66.0
461959,2026-05-12,19,20,24.5,71,22.1,66.0
461960,2026-05-12,19,21,24.5,71,22.1,66.0
461961,2026-05-12,19,22,24.5,71,22.1,66.0
461962,2026-05-12,19,23,24.5,71,22.1,66.0
461963,2026-05-12,19,24,24.5,71,22.1,66.0
461964,2026-05-12,19,25,24.5,71,22.1,66.0
461965,2026-05-12,19,26,24.5,72,22.1,66.0
461966,2026-05-12,19,27,24.5,72,22.1,66.0
461967,2026-05-12,19,28,24.5,72,22.1,66.0
461968,2026-05-12,19,29,24.5,72,22.0,66.0
461969,2026-05-12,19,30,24.5,72,22.0,66.0
461970,2026-05-12,19,31,24.5,72,22.0,66.0
461971,2026-05-12,19,32,24.5,72,22.0,66.0
461972,2026-05-12,19,33,24.5,72,22.0,66.0
461973,2026-05-12,19,34,24.5,72,22.0,66.0
461974,2026-05-12,19,35,24.5,72,22.0,66.0
461975,2026-05-12,19,36,24.5,72,22.0,66.0
461976,2026-05-12,19,37,24.5,72,22.0,66.0
461977,2026-05-12,19,38,24.5,72,22.0,66.0
461978,2026-05-12,19,39,24.5,72,22.0,66.0
461979,2026-05-12,19,40,24.5,72,22.0,66.0
461980,2026-05-12,19,41,24.5,72,21.9,66.0
461981,2026-05-12,19,42,24.5,72,22.0,66.0
461982,2026-05-12,19,43,24.5,72,21.9,66.0
461983,2026-05-12,19,44,24.5,72,21.9,66.0
461984,2026-05-12,19,45,24.5,72,21.9,66.0
461985,2026-05-12,19,46,24.5,72,21.9,67.0
461986,2026-05-12,19,47,24.5,72,21.9,67.0
461987,2026-05-12,19,48,24.5,72,21.9,67.0
461988,2026-05-12,19,49,24.5,72,21.9,67.0
461989,2026-05-12,19,50,24.5,72,21.8,67.0
461990,2026-05-12,19,51,24.5,72,21.8,67.0
461991,2026-05-12,19,52,24.5,72,21.8,67.0
461992,2026-05-12,19,53,24.5,72,21.8,67.0
461993,2026-05-12,19,54,24.5,72,21.8,67.0
461994,2026-05-12,19,55,24.5,72,21.8,67.0
461995,2026-05-12,19,56,24.5,72,21.8,67.0
461996,2026-05-12,19,57,24.5,72,21.8,67.0
461997,2026-05-12,19,58,24.5,72,21.8,67.0
461998,2026-05-12,19,59,24.5,73,21.8,67.0
461999,2026-05-12,20,00,24.5,72,21.8,67.0
462000,2026-05-12,20,01,24.5,72,21.7,67.0
462001,2026-05-12,20,02,24.5,72,21.7,67.0
462002,2026-05-12,20,03,24.5,72,21.7,67.0
462003,2026-05-12,20,04,24.5,72,21.7,67.0
462004,2026-05-12,20,05,24.2,72,21.7,67.0
462005,2026-05-12,20,06,24.2,72,21.7,67.0
462006,2026-05-12,20,07,24.2,72,21.6,67.0
462007,2026-05-12,20,08,24.1,72,21.6,67.0
462008,2026-05-12,20,09,24.1,72,21.6,68.0
462009,2026-05-12,20,10,24.1,72,21.6,68.0
462010,2026-05-12,20,11,24.1,72,21.6,68.0
462011,2026-05-12,20,12,24.1,72,21.6,68.0
462012,2026-05-12,20,13,24.1,71,21.6,68.0
462013,2026-05-12,20,14,24.1,72,21.6,68.0
462014,2026-05-12,20,15,24.1,72,21.6,68.0
462015,2026-05-12,20,16,24.1,72,21.6,68.0
462016,2026-05-12,20,17,24.1,72,21.5,68.0
462017,2026-05-12,20,18,24.1,72,21.5,68.0
462018,2026-05-12,20,19,24.1,72,21.5,68.0
462019,2026-05-12,20,20,24.1,72,21.5,68.0
462020,2026-05-12,20,21,24.1,72,21.5,68.0
462021,2026-05-12,20,22,24.1,72,21.5,68.0
462022,2026-05-12,20,23,24.1,72,21.5,68.0
462023,2026-05-12,20,24,24.1,72,21.4,68.0
462024,2026-05-12,20,25,24.1,72,21.4,68.0
462025,2026-05-12,20,26,24.1,72,21.4,68.0
462026,2026-05-12,20,27,24.1,72,21.4,68.0
462027,2026-05-12,20,28,24.1,72,21.4,68.0
462028,2026-05-12,20,29,24.1,72,21.4,68.0
462029,2026-05-12,20,30,24.1,72,21.4,68.0
462030,2026-05-12,20,31,24.1,72,21.4,68.0
462031,2026-05-12,20,32,24.1,72,21.4,68.0
462032,2026-05-12,20,33,24.1,72,21.4,68.0
462033,2026-05-12,20,34,24.1,72,21.3,68.0
462034,2026-05-12,20,35,24.1,72,21.3,68.0
462035,2026-05-12,20,36,24.1,72,21.3,68.0
462036,2026-05-12,20,37,24.1,72,21.3,68.0
462037,2026-05-12,20,38,24.1,72,21.3,68.0
462038,2026-05-12,20,39,24.1,72,21.3,68.0
462039,2026-05-12,20,40,24.1,72,21.3,68.0
462040,2026-05-12,20,41,24.1,72,21.3,68.0
462041,2026-05-12,20,42,24.1,72,21.3,68.0
462042,2026-05-12,20,43,24.1,72,21.3,68.0
462043,2026-05-12,20,44,24.1,72,21.3,68.0
462044,2026-05-12,20,45,24.1,72,21.2,68.0
462045,2026-05-12,20,46,24.1,72,21.3,68.0
462046,2026-05-12,20,47,24.1,72,21.2,68.0
462047,2026-05-12,20,48,24.1,72,21.2,68.0
462048,2026-05-12,20,49,24.1,72,21.2,68.0
462049,2026-05-12,20,50,24.1,72,21.2,68.0
462050,2026-05-12,20,51,24.1,72,21.2,68.0
462051,2026-05-12,20,52,24.1,72,21.2,68.0
462052,2026-05-12,20,53,24.1,72,21.2,68.0
462053,2026-05-12,20,54,24.1,72,21.2,68.0
462054,2026-05-12,20,55,24.1,72,21.2,68.0
462055,2026-05-12,20,56,24.1,72,21.2,68.0
462056,2026-05-12,20,57,24.1,72,21.2,68.0
462057,2026-05-12,20,58,24.1,72,21.2,68.0
462058,2026-05-12,20,59,24.1,72,21.2,68.0
462059,2026-05-12,21,00,24.1,72,21.2,68.0
462060,2026-05-12,21,01,24.1,72,21.2,68.0
462061,2026-05-12,21,02,24.1,72,21.1,68.0
462062,2026-05-12,21,03,24.1,72,21.1,68.0
462063,2026-05-12,21,04,24.1,72,21.1,68.0
462064,2026-05-12,21,05,24.1,72,21.1,68.0
462065,2026-05-12,21,06,24.0,72,21.1,68.0
462066,2026-05-12,21,07,23.8,72,21.1,68.0
462067,2026-05-12,21,08,23.8,72,21.1,68.0
462068,2026-05-12,21,09,23.8,72,21.1,68.0
462069,2026-05-12,21,10,23.8,72,21.1,68.0
462070,2026-05-12,21,11,23.8,72,21.1,68.0
462071,2026-05-12,21,12,23.8,72,21.1,68.0
462072,2026-05-12,21,13,23.8,72,21.1,68.0
462073,2026-05-12,21,14,23.8,72,21.1,68.0
462074,2026-05-12,21,15,23.8,72,21.1,68.0
462075,2026-05-12,21,16,23.8,72,21.1,68.0
462076,2026-05-12,21,17,23.8,72,21.1,68.0
462077,2026-05-12,21,18,23.8,72,21.0,68.0
462078,2026-05-12,21,19,23.8,72,21.0,68.0
462079,2026-05-12,21,20,23.8,72,21.0,68.0
462080,2026-05-12,21,21,23.8,72,21.0,68.0
462081,2026-05-12,21,22,23.8,72,21.0,68.0
462082,2026-05-12,21,23,23.8,72,21.0,68.0
462083,2026-05-12,21,24,23.8,72,21.0,68.0
462084,2026-05-12,21,25,23.8,72,21.0,68.0
462085,2026-05-12,21,26,23.8,72,21.0,68.0
462086,2026-05-12,21,27,23.8,72,21.0,68.0
462087,2026-05-12,21,28,23.8,72,21.0,68.0
462088,2026-05-12,21,29,23.8,72,21.0,68.0
462089,2026-05-12,21,30,23.8,72,21.0,68.0
462090,2026-05-12,21,31,23.8,72,21.0,68.0
462091,2026-05-12,21,32,23.8,71,21.0,68.0
462092,2026-05-12,21,33,23.8,71,21.0,68.0
462093,2026-05-12,21,34,23.8,71,21.0,68.0
462094,2026-05-12,21,35,23.8,72,21.0,68.0
462095,2026-05-12,21,36,23.8,71,20.9,68.0
462096,2026-05-12,21,37,23.8,71,20.9,68.0
462097,2026-05-12,21,38,23.8,71,20.9,68.0
462098,2026-05-12,21,39,23.8,72,20.9,68.0
462099,2026-05-12,21,40,23.8,72,20.9,68.0
462100,2026-05-12,21,41,23.8,72,20.8,68.0
462101,2026-05-12,21,42,23.8,71,20.8,68.0
462102,2026-05-12,21,43,23.8,72,20.8,68.0
462103,2026-05-12,21,44,23.8,72,20.8,68.0
462104,2026-05-12,21,45,23.8,72,20.8,68.0
462105,2026-05-12,21,46,23.8,71,20.8,68.0
462106,2026-05-12,21,47,23.8,71,20.8,68.0
462107,2026-05-12,21,48,23.8,72,20.8,68.0
462108,2026-05-12,21,49,23.8,72,20.8,68.0
462109,2026-05-12,21,50,23.8,71,20.8,68.0
462110,2026-05-12,21,51,23.8,71,20.8,68.0
462111,2026-05-12,21,52,23.8,71,20.8,68.0
462112,2026-05-12,21,53,23.8,71,20.8,68.0
462113,2026-05-12,21,54,23.8,71,20.8,68.0
462114,2026-05-12,21,55,23.8,71,20.8,68.0
462115,2026-05-12,21,56,23.8,71,20.8,68.0
462116,2026-05-12,21,57,23.8,71,20.8,68.0
462117,2026-05-12,21,58,23.8,71,20.8,68.0
462118,2026-05-12,21,59,23.8,71,20.8,68.0
462119,2026-05-12,22,00,23.8,71,20.8,68.0
462120,2026-05-12,22,01,23.8,71,20.8,68.0
462121,2026-05-12,22,02,23.8,71,20.8,68.0
462122,2026-05-12,22,03,23.8,70,20.8,68.0
462123,2026-05-12,22,04,23.8,70,20.8,68.0
462124,2026-05-12,22,05,23.8,71,20.8,68.0
462125,2026-05-12,22,06,23.6,71,20.8,68.0
462126,2026-05-12,22,07,23.5,71,20.8,68.0
462127,2026-05-12,22,08,23.4,71,20.8,68.0
462128,2026-05-12,22,09,23.4,70,20.8,68.0
462129,2026-05-12,22,10,23.4,71,20.8,68.0
462130,2026-05-12,22,11,23.4,71,20.8,68.0
462131,2026-05-12,22,12,23.4,71,20.7,68.0
462132,2026-05-12,22,13,23.4,70,20.7,68.0
462133,2026-05-12,22,14,23.4,70,20.7,68.0
462134,2026-05-12,22,15,23.4,70,20.7,68.0
462135,2026-05-12,22,16,23.4,70,20.7,68.0
462136,2026-05-12,22,18,23.4,70,20.7,68.0
462137,2026-05-12,22,19,23.4,70,20.7,68.0
462138,2026-05-12,22,20,23.4,70,20.7,68.0
462139,2026-05-12,22,21,23.4,70,20.7,68.0
462140,2026-05-12,22,22,23.4,70,20.7,68.0
462141,2026-05-12,22,23,23.4,70,20.7,68.0
462142,2026-05-12,22,24,23.4,70,20.7,68.0
462143,2026-05-12,22,25,23.4,70,20.7,68.0
462144,2026-05-12,22,26,23.4,70,20.7,68.0
462145,2026-05-12,22,27,23.4,70,20.7,68.0
462146,2026-05-12,22,28,23.4,70,20.7,68.0
462147,2026-05-12,22,29,23.4,69,20.7,68.0
462148,2026-05-12,22,30,23.4,69,20.7,68.0
462149,2026-05-12,22,29,23.4,69,20.7,68.0
462150,2026-05-12,22,31,23.4,69,20.7,68.0
462151,2026-05-12,22,32,23.4,70,20.7,68.0
462152,2026-05-12,22,34,23.4,69,20.7,68.0
462153,2026-05-12,22,35,23.4,69,20.7,68.0
462154,2026-05-12,22,36,23.4,69,20.7,68.0
462155,2026-05-12,22,37,23.4,69,20.7,68.0
462156,2026-05-12,22,38,23.4,69,20.7,68.0
462157,2026-05-12,22,39,23.4,69,20.7,68.0
462158,2026-05-12,22,40,23.4,69,20.6,68.0
462159,2026-05-12,22,41,23.4,69,20.6,68.0
462160,2026-05-12,22,42,23.4,69,20.7,68.0
462161,2026-05-12,22,43,23.4,69,20.6,68.0
462162,2026-05-12,22,44,23.4,69,20.6,68.0
462163,2026-05-12,22,45,23.4,69,20.6,68.0
462164,2026-05-12,22,46,23.4,69,20.6,68.0
462165,2026-05-12,22,47,23.4,69,20.6,68.0
462166,2026-05-12,22,48,23.4,69,20.6,68.0
462167,2026-05-12,22,49,23.4,69,20.6,68.0
462168,2026-05-12,22,50,23.4,69,20.6,68.0
462169,2026-05-12,22,51,23.4,69,20.6,68.0
462170,2026-05-12,22,52,23.4,69,20.6,68.0
462171,2026-05-12,22,53,23.4,69,20.5,68.0
462172,2026-05-12,22,54,23.4,69,20.5,68.0
462173,2026-05-12,22,55,23.4,69,20.5,68.0
462174,2026-05-12,22,56,23.4,69,20.5,68.0
462175,2026-05-12,22,57,23.4,69,20.5,68.0
462176,2026-05-12,22,58,23.4,69,20.5,68.0
462177,2026-05-12,22,59,23.4,69,20.5,68.0
462178,2026-05-12,23,00,23.4,69,20.5,68.0
462179,2026-05-12,23,01,23.4,69,20.5,68.0
462180,2026-05-12,23,02,23.4,69,20.5,68.0
462181,2026-05-12,23,03,23.4,69,20.4,68.0
462182,2026-05-12,23,04,23.3,69,20.4,68.0
462183,2026-05-12,23,05,23.1,69,20.4,68.0
462184,2026-05-12,23,06,23.0,69,20.4,68.0
462185,2026-05-12,23,07,23.1,69,20.4,68.0
462186,2026-05-12,23,08,23.1,69,20.4,68.0
462187,2026-05-12,23,09,23.0,69,20.4,68.0
462188,2026-05-12,23,10,23.0,69,20.4,68.0
462189,2026-05-12,23,11,23.0,69,20.3,68.0
462190,2026-05-12,23,12,23.0,69,20.3,68.0
462191,2026-05-12,23,13,23.0,69,20.3,68.0
462192,2026-05-12,23,14,23.0,70,20.3,68.0
462193,2026-05-12,23,15,23.0,70,20.3,68.0
462194,2026-05-12,23,16,23.0,70,20.3,68.0
462195,2026-05-12,23,17,23.0,70,20.3,68.0
462196,2026-05-12,23,18,23.0,70,20.3,68.0
462197,2026-05-12,23,19,23.0,70,20.2,68.0
462198,2026-05-12,23,20,23.0,70,20.3,68.0
462199,2026-05-12,23,21,23.0,70,20.2,69.0
462200,2026-05-12,23,22,23.0,70,20.2,69.0
462201,2026-05-12,23,23,23.0,70,20.2,69.0
462202,2026-05-12,23,24,23.0,70,20.2,69.0
462203,2026-05-12,23,25,23.0,70,20.2,69.0
462204,2026-05-12,23,26,23.0,70,20.2,69.0
462205,2026-05-12,23,27,23.0,70,20.2,69.0
462206,2026-05-12,23,28,23.0,70,20.2,69.0
462207,2026-05-12,23,29,23.0,70,20.2,69.0
462208,2026-05-12,23,30,23.0,70,20.1,69.0
462209,2026-05-12,23,31,23.0,70,20.1,69.0
462210,2026-05-12,23,32,23.0,70,20.1,69.0
462211,2026-05-12,23,33,23.0,70,20.1,69.0
462212,2026-05-12,23,34,23.0,70,20.1,69.0
462213,2026-05-12,23,35,23.0,70,20.1,69.0
462214,2026-05-12,23,36,23.0,70,20.0,69.0
462215,2026-05-12,23,37,23.0,70,20.1,69.0
462216,2026-05-12,23,38,23.0,70,20.1,69.0
462217,2026-05-12,23,39,23.0,70,20.1,69.0
462218,2026-05-12,23,40,23.0,70,20.0,69.0
462219,2026-05-12,23,41,23.0,70,20.0,69.0
462220,2026-05-12,23,42,23.0,70,20.0,69.0
462221,2026-05-12,23,43,23.0,70,20.0,69.0
462222,2026-05-12,23,44,23.0,70,20.0,69.0
462223,2026-05-12,23,45,23.0,70,20.0,69.0
462224,2026-05-12,23,46,23.0,70,20.0,69.0
462225,2026-05-12,23,47,23.0,70,20.0,69.0
462226,2026-05-12,23,48,23.0,70,20.0,69.0
462227,2026-05-12,23,49,23.0,70,20.0,69.0
462228,2026-05-12,23,50,23.0,70,20.0,69.0
462229,2026-05-12,23,51,23.0,70,19.9,69.0
462230,2026-05-12,23,52,23.0,70,19.9,69.0
462231,2026-05-12,23,53,23.0,70,19.9,69.0
462232,2026-05-12,23,54,23.0,70,19.9,69.0
462233,2026-05-12,23,55,23.0,70,19.9,69.0
462234,2026-05-12,23,56,23.0,70,19.9,69.0
462235,2026-05-12,23,57,23.0,70,19.9,69.0
462236,2026-05-12,23,58,23.0,70,19.9,69.0
462237,2026-05-12,23,59,23.0,70,19.9,69.0
462238,2026-05-13,00,00,23.0,70,19.9,69.0
462239,2026-05-13,00,01,23.0,70,19.8,69.0
462240,2026-05-13,00,02,23.0,70,19.8,69.0
462241,2026-05-13,00,03,23.0,70,19.8,69.0
462242,2026-05-13,00,04,23.0,70,19.8,69.0
462243,2026-05-13,00,05,23.0,70,19.8,69.0
462244,2026-05-13,00,06,23.0,70,19.8,69.0
462245,2026-05-13,00,07,23.0,71,19.8,69.0
462246,2026-05-13,00,08,23.0,71,19.8,69.0
462247,2026-05-13,00,09,23.0,71,19.8,69.0
462248,2026-05-13,00,10,23.0,71,19.8,69.0
462249,2026-05-13,00,11,22.8,71,19.8,69.0
462250,2026-05-13,00,12,22.7,71,19.7,69.0
462251,2026-05-13,00,13,22.7,71,19.7,69.0
462252,2026-05-13,00,14,22.6,71,19.7,69.0
462253,2026-05-13,00,15,22.6,71,19.7,69.0
462254,2026-05-13,00,16,22.6,71,19.7,69.0
462255,2026-05-13,00,17,22.6,71,19.7,70.0
462256,2026-05-13,00,18,22.6,71,19.7,70.0
462257,2026-05-13,00,19,22.6,71,19.7,70.0
462258,2026-05-13,00,20,22.6,71,19.6,70.0
462259,2026-05-13,00,21,22.6,71,19.7,70.0
462260,2026-05-13,00,22,22.6,71,19.6,70.0
462261,2026-05-13,00,23,22.6,71,19.6,70.0
462262,2026-05-13,00,24,22.6,71,19.6,69.0
462263,2026-05-13,00,25,22.6,71,19.6,70.0
462264,2026-05-13,00,26,22.6,71,19.6,70.0
462265,2026-05-13,00,27,22.6,71,19.6,70.0
462266,2026-05-13,00,28,22.6,71,19.6,70.0
462267,2026-05-13,00,29,22.6,71,19.6,70.0
462268,2026-05-13,00,30,22.6,71,19.6,70.0
462269,2026-05-13,00,31,22.6,71,19.6,70.0
462270,2026-05-13,00,32,22.6,71,19.6,70.0
462271,2026-05-13,00,33,22.6,71,19.6,70.0
462272,2026-05-13,00,34,22.6,71,19.6,70.0
462273,2026-05-13,00,35,22.6,71,19.6,70.0
462274,2026-05-13,00,36,22.6,71,19.6,70.0
462275,2026-05-13,00,37,22.6,71,19.6,70.0
462276,2026-05-13,00,38,22.6,71,19.6,70.0
462277,2026-05-13,00,39,22.6,71,19.6,70.0
462278,2026-05-13,00,40,22.6,71,19.6,70.0
462279,2026-05-13,00,41,22.6,71,19.6,70.0
462280,2026-05-13,00,42,22.6,71,19.6,70.0
462281,2026-05-13,00,43,22.6,71,19.6,70.0
462282,2026-05-13,00,44,22.6,71,19.6,70.0
462283,2026-05-13,00,45,22.6,71,19.6,70.0
462284,2026-05-13,00,46,22.6,71,19.5,70.0
462285,2026-05-13,00,47,22.6,71,19.5,70.0
462286,2026-05-13,00,48,22.6,71,19.5,70.0
462287,2026-05-13,00,49,22.6,71,19.5,69.0
462288,2026-05-13,00,50,22.6,70,19.5,70.0
462289,2026-05-13,00,51,22.6,70,19.5,70.0
462290,2026-05-13,00,52,22.6,70,19.4,70.0
462291,2026-05-13,00,53,22.6,70,19.4,70.0
462292,2026-05-13,00,54,22.6,70,19.4,70.0
462293,2026-05-13,00,55,22.6,70,19.4,70.0
462294,2026-05-13,00,56,22.6,70,19.4,70.0
462295,2026-05-13,00,57,22.6,70,19.4,70.0
462296,2026-05-13,00,58,22.6,70,19.4,70.0
462297,2026-05-13,00,59,22.6,70,19.4,70.0
462298,2026-05-13,01,00,22.6,70,19.4,70.0
462299,2026-05-13,01,01,22.6,70,19.4,70.0
462300,2026-05-13,01,02,22.6,70,19.4,70.0
462301,2026-05-13,01,03,22.6,70,19.4,70.0
462302,2026-05-13,01,05,22.5,70,19.3,70.0
462303,2026-05-13,01,06,22.3,70,19.3,70.0
462304,2026-05-13,01,07,22.2,70,19.3,70.0
462305,2026-05-13,01,08,22.2,70,19.3,70.0
462306,2026-05-13,01,09,22.2,70,19.3,70.0
462307,2026-05-13,01,10,22.2,70,19.3,70.0
462308,2026-05-13,01,11,22.2,70,19.3,70.0
462309,2026-05-13,01,12,22.2,70,19.2,70.0
462310,2026-05-13,01,13,22.2,70,19.2,70.0
462311,2026-05-13,01,14,22.2,70,19.2,70.0
462312,2026-05-13,01,15,22.2,70,19.2,70.0
462313,2026-05-13,01,16,22.2,70,19.2,70.0
462314,2026-05-13,01,17,22.2,70,19.2,70.0
462315,2026-05-13,01,18,22.2,70,19.2,70.0
462316,2026-05-13,01,19,22.2,70,19.2,70.0
462317,2026-05-13,01,20,22.2,70,19.2,70.0
462318,2026-05-13,01,21,22.2,70,19.2,70.0
462319,2026-05-13,01,22,22.2,70,19.1,70.0
462320,2026-05-13,01,23,22.2,70,19.1,70.0
462321,2026-05-13,01,24,22.2,71,19.1,70.0
462322,2026-05-13,01,25,22.2,71,19.1,70.0
462323,2026-05-13,01,26,22.2,71,19.1,70.0
462324,2026-05-13,01,27,22.2,71,19.1,70.0
462325,2026-05-13,01,28,22.2,71,19.1,70.0
462326,2026-05-13,01,29,22.2,71,19.1,70.0
462327,2026-05-13,01,30,22.2,71,19.1,70.0
462328,2026-05-13,01,31,22.2,71,19.1,70.0
462329,2026-05-13,01,32,22.2,71,19.1,70.0
462330,2026-05-13,01,33,22.2,71,19.1,70.0
462331,2026-05-13,01,34,22.2,71,19.1,70.0
462332,2026-05-13,01,35,22.2,71,19.1,70.0
462333,2026-05-13,01,36,22.2,71,19.1,70.0
462334,2026-05-13,01,37,22.2,71,19.1,70.0
462335,2026-05-13,01,38,22.2,71,19.0,70.0
462336,2026-05-13,01,39,22.2,71,19.0,70.0
462337,2026-05-13,01,40,22.2,71,19.0,70.0
462338,2026-05-13,01,41,22.2,71,19.0,70.0
462339,2026-05-13,01,42,22.2,71,19.0,70.0
462340,2026-05-13,01,43,22.2,71,19.0,70.0
462341,2026-05-13,01,44,22.2,71,19.0,70.0
462342,2026-05-13,01,45,22.2,71,19.0,70.0
462343,2026-05-13,01,46,22.2,71,19.0,70.0
462344,2026-05-13,01,47,22.2,71,19.0,70.0
462345,2026-05-13,01,48,22.2,71,19.0,70.0
462346,2026-05-13,01,49,22.2,71,19.0,70.0
462347,2026-05-13,01,50,22.2,71,19.0,70.0
462348,2026-05-13,01,51,22.2,71,19.0,70.0
462349,2026-05-13,01,52,22.2,71,18.9,70.0
462350,2026-05-13,01,53,22.2,71,18.9,70.0
462351,2026-05-13,01,54,22.2,71,18.9,70.0
462352,2026-05-13,01,55,22.2,71,18.9,71.0
462353,2026-05-13,01,56,22.2,71,18.9,70.0
462354,2026-05-13,01,57,22.2,71,18.9,71.0
462355,2026-05-13,01,58,22.2,71,18.9,71.0
462356,2026-05-13,01,59,22.2,71,18.9,70.0
462357,2026-05-13,02,00,22.2,71,18.9,70.0
462358,2026-05-13,02,01,22.2,71,18.9,71.0
462359,2026-05-13,02,02,22.2,71,18.9,71.0
462360,2026-05-13,02,03,22.2,71,18.9,71.0
462361,2026-05-13,02,04,22.2,71,18.9,71.0
462362,2026-05-13,02,05,22.0,71,18.9,71.0
462363,2026-05-13,02,06,21.9,71,18.9,71.0
462364,2026-05-13,02,07,21.8,71,18.9,71.0
462365,2026-05-13,02,08,21.8,71,18.9,71.0
462366,2026-05-13,02,09,21.8,71,18.9,71.0
462367,2026-05-13,02,10,21.8,71,18.9,71.0
462368,2026-05-13,02,11,21.8,71,18.9,71.0
462369,2026-05-13,02,12,21.8,71,18.9,71.0
462370,2026-05-13,02,13,21.8,71,18.9,70.0
462371,2026-05-13,02,14,21.8,71,18.9,70.0
462372,2026-05-13,02,15,21.8,71,18.9,71.0
462373,2026-05-13,02,16,21.8,71,18.9,70.0
462374,2026-05-13,02,17,21.8,71,18.9,70.0
462375,2026-05-13,02,18,21.8,71,18.8,70.0
462376,2026-05-13,02,19,21.8,71,18.8,70.0
462377,2026-05-13,02,20,21.8,71,18.8,70.0
462378,2026-05-13,02,21,21.8,71,18.8,70.0
462379,2026-05-13,02,22,21.8,71,18.8,70.0
462380,2026-05-13,02,23,21.8,71,18.8,71.0
462381,2026-05-13,02,24,21.8,71,18.8,70.0
462382,2026-05-13,02,25,21.8,71,18.8,70.0
462383,2026-05-13,02,26,21.8,71,18.8,70.0
462384,2026-05-13,02,27,21.8,71,18.8,71.0
462385,2026-05-13,02,28,21.8,71,18.8,70.0
462386,2026-05-13,02,29,21.8,71,18.8,70.0
462387,2026-05-13,02,30,21.8,71,18.8,70.0
462388,2026-05-13,02,31,21.8,71,18.8,70.0
462389,2026-05-13,02,32,21.8,71,18.8,71.0
462390,2026-05-13,02,33,21.8,71,18.8,71.0
462391,2026-05-13,02,34,21.8,71,18.8,70.0
462392,2026-05-13,02,35,21.8,71,18.8,71.0
462393,2026-05-13,02,36,21.8,71,18.8,70.0
462394,2026-05-13,02,37,21.8,71,18.8,70.0
462395,2026-05-13,02,38,21.8,71,18.8,70.0
462396,2026-05-13,02,39,21.8,71,18.8,70.0
462397,2026-05-13,02,40,21.8,71,18.8,70.0
462398,2026-05-13,02,41,21.8,71,18.8,70.0
462399,2026-05-13,02,42,21.8,71,18.8,70.0
462400,2026-05-13,02,43,21.8,71,18.8,70.0
462401,2026-05-13,02,44,21.8,71,18.8,70.0
462402,2026-05-13,02,45,21.8,71,18.8,70.0
462403,2026-05-13,02,46,21.8,71,18.8,70.0
462404,2026-05-13,02,47,21.8,71,18.8,70.0
462405,2026-05-13,02,48,21.8,71,18.8,70.0
462406,2026-05-13,02,49,21.8,71,18.8,70.0
462407,2026-05-13,02,50,21.8,71,18.8,70.0
462408,2026-05-13,02,51,21.8,71,18.8,70.0
462409,2026-05-13,02,52,21.8,71,18.8,70.0
462410,2026-05-13,02,53,21.8,71,18.8,70.0
462411,2026-05-13,02,54,21.8,71,18.8,70.0
462412,2026-05-13,02,55,21.8,71,18.8,70.0
462413,2026-05-13,02,56,21.8,71,18.8,70.0
462414,2026-05-13,02,57,21.8,71,18.8,70.0
462415,2026-05-13,02,58,21.8,71,18.8,70.0
462416,2026-05-13,02,59,21.8,71,18.8,70.0
462417,2026-05-13,03,00,21.8,71,18.8,70.0
462418,2026-05-13,03,01,21.8,71,18.8,70.0
462419,2026-05-13,03,02,21.8,71,18.8,70.0
462420,2026-05-13,03,03,21.8,71,18.8,70.0
462421,2026-05-13,03,04,21.8,71,18.8,70.0
462422,2026-05-13,03,05,21.8,71,18.7,70.0
462423,2026-05-13,03,06,21.8,71,18.7,70.0
462424,2026-05-13,03,07,21.8,71,18.7,70.0
462425,2026-05-13,03,08,21.8,71,18.7,70.0
462426,2026-05-13,03,09,21.8,71,18.7,70.0
462427,2026-05-13,03,12,21.8,71,18.7,70.0
462428,2026-05-13,03,13,21.8,71,18.7,70.0
462429,2026-05-13,03,14,21.7,71,18.7,70.0
462430,2026-05-13,03,15,21.5,71,18.7,70.0
462431,2026-05-13,03,16,21.5,71,18.7,70.0
462432,2026-05-13,03,17,21.5,71,18.7,70.0
462433,2026-05-13,03,18,21.4,71,18.7,70.0
462434,2026-05-13,03,19,21.4,71,18.7,70.0
462435,2026-05-13,03,20,21.4,71,18.7,70.0
462436,2026-05-13,03,21,21.4,71,18.7,70.0
462437,2026-05-13,03,22,21.4,71,18.7,70.0
462438,2026-05-13,03,23,21.4,71,18.7,70.0
462439,2026-05-13,03,24,21.4,71,18.7,70.0
462440,2026-05-13,03,25,21.4,71,18.7,70.0
462441,2026-05-13,03,26,21.4,71,18.7,70.0
462442,2026-05-13,03,27,21.4,71,18.7,70.0
462443,2026-05-13,03,28,21.4,71,18.7,70.0
462444,2026-05-13,03,29,21.4,71,18.7,70.0
462445,2026-05-13,03,30,21.4,71,18.7,70.0
462446,2026-05-13,03,31,21.4,71,18.7,70.0
462447,2026-05-13,03,32,21.4,71,18.7,70.0
462448,2026-05-13,03,33,21.4,71,18.6,70.0
462449,2026-05-13,03,34,21.4,71,18.7,70.0
462450,2026-05-13,03,35,21.4,71,18.6,70.0
462451,2026-05-13,03,36,21.4,71,18.6,70.0
462452,2026-05-13,03,37,21.4,71,18.6,70.0
462453,2026-05-13,03,38,21.4,71,18.6,70.0
462454,2026-05-13,03,39,21.4,71,18.6,70.0
462455,2026-05-13,03,40,21.4,71,18.6,70.0
462456,2026-05-13,03,41,21.4,71,18.6,70.0
462457,2026-05-13,03,42,21.4,71,18.6,70.0
462458,2026-05-13,03,43,21.4,71,18.6,70.0
462459,2026-05-13,03,44,21.4,71,18.6,70.0
462460,2026-05-13,03,45,21.4,71,18.6,70.0
462461,2026-05-13,03,46,21.4,71,18.6,70.0
462462,2026-05-13,03,47,21.4,71,18.6,70.0
462463,2026-05-13,03,48,21.4,71,18.6,70.0
462464,2026-05-13,03,49,21.4,71,18.6,70.0
462465,2026-05-13,03,50,21.4,71,18.6,70.0
462466,2026-05-13,03,51,21.4,71,18.6,70.0
462467,2026-05-13,03,52,21.4,71,18.6,70.0
462468,2026-05-13,03,53,21.4,71,18.5,70.0
462469,2026-05-13,03,54,21.4,71,18.5,70.0
462470,2026-05-13,03,55,21.4,71,18.5,70.0
462471,2026-05-13,03,56,21.4,71,18.5,70.0
462472,2026-05-13,03,57,21.4,71,18.5,70.0
462473,2026-05-13,03,58,21.4,71,18.5,70.0
462474,2026-05-13,03,59,21.4,71,18.5,70.0
462475,2026-05-13,04,00,21.4,71,18.5,70.0
462476,2026-05-13,04,01,21.4,71,18.5,70.0
462477,2026-05-13,04,02,21.4,71,18.5,70.0
462478,2026-05-13,04,03,21.4,71,18.5,70.0
462479,2026-05-13,04,04,21.4,71,18.5,70.0
462480,2026-05-13,04,05,21.4,71,18.4,70.0
462481,2026-05-13,04,06,21.4,71,18.4,70.0
462482,2026-05-13,04,07,21.4,71,18.4,70.0
462483,2026-05-13,04,08,21.4,71,18.4,70.0
462484,2026-05-13,04,09,21.4,71,18.4,70.0
462485,2026-05-13,04,10,21.4,71,18.4,70.0
462486,2026-05-13,04,11,21.4,71,18.3,70.0
462487,2026-05-13,04,12,21.4,71,18.4,70.0
462488,2026-05-13,04,13,21.4,71,18.4,70.0
462489,2026-05-13,04,14,21.4,71,18.3,70.0
462490,2026-05-13,04,15,21.4,71,18.3,70.0
462491,2026-05-13,04,16,21.4,71,18.3,70.0
462492,2026-05-13,04,17,21.4,71,18.3,70.0
462493,2026-05-13,04,18,21.4,71,18.3,70.0
462494,2026-05-13,04,19,21.4,71,18.3,70.0
462495,2026-05-13,04,20,21.4,71,18.2,70.0
462496,2026-05-13,04,21,21.4,71,18.2,70.0
462497,2026-05-13,04,22,21.4,71,18.2,70.0
462498,2026-05-13,04,23,21.4,71,18.2,70.0
462499,2026-05-13,04,24,21.4,71,18.2,70.0
462500,2026-05-13,04,25,21.2,71,18.2,70.0
462501,2026-05-13,04,26,21.1,71,18.2,70.0
462502,2026-05-13,04,27,21.0,71,18.2,70.0
462503,2026-05-13,04,28,21.0,71,18.2,70.0
462504,2026-05-13,04,29,21.0,71,18.2,70.0
462505,2026-05-13,04,30,21.0,71,18.2,70.0
462506,2026-05-13,04,31,21.0,71,18.2,70.0
462507,2026-05-13,04,32,21.0,71,18.2,70.0
462508,2026-05-13,04,34,21.0,71,18.1,71.0
462509,2026-05-13,04,35,21.0,71,18.1,71.0
462510,2026-05-13,04,36,21.0,71,18.1,71.0
462511,2026-05-13,04,37,21.0,71,18.1,70.0
462512,2026-05-13,04,38,21.0,71,18.1,71.0
462513,2026-05-13,04,39,21.0,71,18.1,71.0
462514,2026-05-13,04,40,21.0,71,18.1,71.0
462515,2026-05-13,04,41,21.0,71,18.1,71.0
462516,2026-05-13,04,42,21.0,71,18.1,71.0
462517,2026-05-13,04,43,21.0,71,18.0,71.0
462518,2026-05-13,04,44,21.0,71,18.1,71.0
462519,2026-05-13,04,45,21.0,71,18.0,71.0
462520,2026-05-13,04,46,21.0,71,18.0,71.0
462521,2026-05-13,04,47,21.0,71,18.0,71.0
462522,2026-05-13,04,48,21.0,71,18.0,71.0
462523,2026-05-13,04,49,21.0,71,18.0,71.0
462524,2026-05-13,04,50,21.0,71,18.0,71.0
462525,2026-05-13,04,51,21.0,71,18.0,71.0
462526,2026-05-13,04,52,21.0,71,18.0,71.0
462527,2026-05-13,04,53,21.0,71,18.0,71.0
462528,2026-05-13,04,54,21.0,71,18.0,71.0
462529,2026-05-13,04,55,21.0,71,18.0,71.0
462530,2026-05-13,04,57,21.0,71,17.9,71.0
462531,2026-05-13,04,58,21.0,71,17.9,71.0
462532,2026-05-13,04,59,21.0,71,17.9,71.0
462533,2026-05-13,05,00,21.0,71,17.9,71.0
462534,2026-05-13,05,01,21.0,71,17.9,71.0
462535,2026-05-13,05,02,21.0,71,17.9,71.0
462536,2026-05-13,05,03,21.0,71,17.9,71.0
462537,2026-05-13,05,04,21.0,71,17.9,71.0
462538,2026-05-13,05,05,21.0,71,17.9,71.0
462539,2026-05-13,05,06,21.0,71,17.9,71.0
462540,2026-05-13,05,07,21.0,71,17.9,71.0
462541,2026-05-13,05,08,21.0,71,17.9,71.0
462542,2026-05-13,05,09,21.0,71,17.9,71.0
462543,2026-05-13,05,10,21.0,71,17.9,71.0
462544,2026-05-13,05,11,21.0,71,17.9,71.0
462545,2026-05-13,05,12,21.0,71,17.9,71.0
462546,2026-05-13,05,13,21.0,71,17.9,71.0
462547,2026-05-13,05,14,21.0,71,17.8,71.0
462548,2026-05-13,05,15,21.0,71,17.8,71.0
462549,2026-05-13,05,16,21.0,71,17.8,71.0
462550,2026-05-13,05,17,21.0,71,17.8,71.0
462551,2026-05-13,05,18,21.0,71,17.8,71.0
462552,2026-05-13,05,19,21.0,71,17.8,71.0
462553,2026-05-13,05,20,21.0,71,17.8,71.0
462554,2026-05-13,05,21,21.0,71,17.8,71.0
462555,2026-05-13,05,22,21.0,71,17.8,71.0
462556,2026-05-13,05,23,21.0,71,17.8,71.0
462557,2026-05-13,05,24,21.0,71,17.8,71.0
462558,2026-05-13,05,25,21.0,71,17.8,71.0
462559,2026-05-13,05,26,21.0,71,17.8,71.0
462560,2026-05-13,05,27,21.0,71,17.8,71.0
462561,2026-05-13,05,28,21.0,71,17.8,71.0
462562,2026-05-13,05,29,21.0,71,17.8,71.0
462563,2026-05-13,05,30,21.0,71,17.8,71.0
462564,2026-05-13,05,31,21.0,71,17.8,71.0
462565,2026-05-13,05,32,21.0,71,17.7,71.0
462566,2026-05-13,05,33,21.0,71,17.7,71.0
462567,2026-05-13,05,34,20.8,72,17.7,71.0
462568,2026-05-13,05,35,21.0,71,17.7,71.0
462569,2026-05-13,05,36,21.0,71,17.7,71.0
462570,2026-05-13,05,37,21.0,71,17.7,71.0
462571,2026-05-13,05,38,21.0,71,17.7,71.0
462572,2026-05-13,05,39,21.0,71,17.7,71.0
462573,2026-05-13,05,40,21.0,71,17.7,71.0
462574,2026-05-13,05,41,21.0,71,17.7,71.0
462575,2026-05-13,05,42,21.0,71,17.7,71.0
462576,2026-05-13,05,43,21.0,71,17.7,71.0
462577,2026-05-13,05,44,20.6,72,17.7,71.0
462578,2026-05-13,05,45,20.6,72,17.7,71.0
462579,2026-05-13,05,46,20.6,72,17.7,71.0
462580,2026-05-13,05,47,20.6,72,17.6,71.0
462581,2026-05-13,05,48,20.6,72,17.6,71.0
462582,2026-05-13,05,49,20.6,72,17.6,71.0
462583,2026-05-13,05,50,20.6,72,17.6,71.0
462584,2026-05-13,05,51,20.6,72,17.6,71.0
462585,2026-05-13,05,52,20.6,72,17.6,71.0
462586,2026-05-13,05,53,20.6,72,17.6,71.0
462587,2026-05-13,05,54,20.6,72,17.6,71.0
462588,2026-05-13,05,55,20.6,72,17.6,71.0
462589,2026-05-13,05,56,20.6,72,17.6,71.0
462590,2026-05-13,05,57,20.6,72,17.6,71.0
462591,2026-05-13,05,58,20.6,72,17.6,71.0
462592,2026-05-13,05,59,20.6,72,17.6,71.0
462593,2026-05-13,06,00,20.6,72,17.6,71.0
462594,2026-05-13,06,01,20.6,72,17.6,71.0
462595,2026-05-13,06,02,20.6,72,17.6,71.0
462596,2026-05-13,06,03,20.6,72,17.6,71.0
462597,2026-05-13,06,04,20.6,72,17.6,71.0
462598,2026-05-13,06,05,20.6,72,17.6,71.0
462599,2026-05-13,06,06,20.6,72,17.6,71.0
462600,2026-05-13,06,07,20.6,72,17.6,71.0
462601,2026-05-13,06,08,20.6,72,17.6,71.0
462602,2026-05-13,06,09,20.6,72,17.6,71.0
462603,2026-05-13,06,10,20.6,72,17.6,71.0
462604,2026-05-13,06,11,20.6,72,17.6,71.0
462605,2026-05-13,06,12,20.6,72,17.6,71.0
462606,2026-05-13,06,13,20.6,72,17.6,71.0
462607,2026-05-13,06,14,20.6,72,17.6,71.0
462608,2026-05-13,06,15,20.6,72,17.6,71.0
462609,2026-05-13,06,16,20.6,72,17.6,71.0
462610,2026-05-13,06,17,20.6,71,17.6,71.0
462611,2026-05-13,06,18,20.6,71,17.6,71.0
462612,2026-05-13,06,19,20.6,71,17.6,71.0
462613,2026-05-13,06,20,20.6,71,17.6,71.0
462614,2026-05-13,06,21,20.6,71,17.6,71.0
462615,2026-05-13,06,22,20.6,71,17.6,71.0
462616,2026-05-13,06,23,20.6,71,17.6,71.0
462617,2026-05-13,06,24,20.6,71,17.6,71.0
462618,2026-05-13,06,25,20.6,71,17.6,71.0
462619,2026-05-13,06,26,20.6,71,17.6,71.0
462620,2026-05-13,06,27,20.6,71,17.6,71.0
462621,2026-05-13,06,28,20.6,71,17.6,71.0
462622,2026-05-13,06,29,20.6,71,17.6,71.0
462623,2026-05-13,06,30,20.6,71,17.6,71.0
462624,2026-05-13,06,32,20.6,71,17.6,71.0
462625,2026-05-13,06,33,20.6,71,17.6,71.0
462626,2026-05-13,06,34,20.6,71,17.6,71.0
462627,2026-05-13,06,35,20.6,71,17.6,71.0
462628,2026-05-13,06,36,20.6,71,17.6,71.0
462629,2026-05-13,06,37,20.6,71,17.6,71.0
462630,2026-05-13,06,38,20.6,71,17.6,71.0
462631,2026-05-13,06,39,20.6,71,17.6,71.0
462632,2026-05-13,06,40,20.6,71,17.6,71.0
462633,2026-05-13,06,41,20.6,71,17.6,71.0
462634,2026-05-13,06,42,20.6,71,17.6,71.0
462635,2026-05-13,06,43,20.6,71,17.7,71.0
462636,2026-05-13,06,44,20.6,71,17.7,71.0
462637,2026-05-13,06,45,20.6,71,17.7,71.0
462638,2026-05-13,06,46,20.6,71,17.7,71.0
462639,2026-05-13,06,47,20.6,71,17.7,71.0
462640,2026-05-13,06,48,20.6,71,17.7,71.0
462641,2026-05-13,06,49,20.6,71,17.7,71.0
462642,2026-05-13,06,51,20.6,71,17.7,70.0
462643,2026-05-13,06,51,20.6,70,17.7,70.0
462644,2026-05-13,06,52,20.6,70,17.7,70.0
462645,2026-05-13,06,53,20.6,70,17.8,70.0
462646,2026-05-13,06,54,20.6,70,17.8,70.0
462647,2026-05-13,06,55,20.6,70,17.8,70.0
462648,2026-05-13,06,56,20.6,70,17.8,70.0
462649,2026-05-13,06,57,20.6,70,17.8,70.0
462650,2026-05-13,06,58,20.6,70,17.8,70.0
462651,2026-05-13,06,59,20.6,70,17.8,70.0
462652,2026-05-13,07,00,20.6,70,17.8,70.0
462653,2026-05-13,07,01,20.6,70,17.8,70.0
462654,2026-05-13,07,02,20.6,70,17.8,70.0
462655,2026-05-13,07,03,20.6,70,17.8,70.0
462656,2026-05-13,07,04,20.6,70,17.8,70.0
462657,2026-05-13,07,05,20.6,70,17.8,70.0
462658,2026-05-13,07,06,20.6,70,17.8,70.0
462659,2026-05-13,07,07,20.6,70,17.8,70.0
462660,2026-05-13,07,08,20.6,70,17.9,70.0
462661,2026-05-13,07,09,20.6,70,17.9,70.0
462662,2026-05-13,07,10,20.6,70,17.9,70.0
462663,2026-05-13,07,11,20.6,70,17.9,70.0
462664,2026-05-13,07,12,20.6,70,17.9,70.0
462665,2026-05-13,07,13,20.6,70,17.9,70.0
462666,2026-05-13,07,14,20.6,70,17.9,70.0
462667,2026-05-13,07,15,20.6,70,17.9,70.0
462668,2026-05-13,07,16,20.6,70,17.9,70.0
462669,2026-05-13,07,17,20.6,70,18.0,70.0
462670,2026-05-13,07,18,20.6,71,18.0,70.0
462671,2026-05-13,07,19,20.6,71,18.0,70.0
462672,2026-05-13,07,20,20.6,71,18.0,70.0
462673,2026-05-13,07,21,20.6,71,18.0,70.0
462674,2026-05-13,07,22,20.6,71,18.0,70.0
462675,2026-05-13,07,23,20.6,71,18.0,70.0
462676,2026-05-13,07,24,20.6,71,18.1,70.0
462677,2026-05-13,07,25,20.6,71,18.1,70.0
462678,2026-05-13,07,26,20.6,71,18.1,70.0
462679,2026-05-13,07,27,20.6,71,18.1,70.0
462680,2026-05-13,07,28,20.6,71,18.1,70.0
462681,2026-05-13,07,29,20.6,71,18.2,69.0
462682,2026-05-13,07,30,20.6,71,18.2,69.0
462683,2026-05-13,07,31,20.6,71,18.2,69.0
462684,2026-05-13,07,32,20.6,71,18.2,69.0
462685,2026-05-13,07,33,20.6,70,18.2,69.0
462686,2026-05-13,07,34,20.6,70,18.2,69.0
462687,2026-05-13,07,35,20.6,70,18.3,69.0
462688,2026-05-13,07,36,20.6,70,18.3,69.0
462689,2026-05-13,07,37,20.6,70,18.3,69.0
462690,2026-05-13,07,38,20.6,70,18.3,69.0
462691,2026-05-13,07,39,20.6,70,18.4,68.0
462692,2026-05-13,07,40,20.6,70,18.4,68.0
462693,2026-05-13,07,41,20.6,70,18.5,68.0
462694,2026-05-13,07,42,20.6,70,18.5,68.0
462695,2026-05-13,07,43,20.6,70,18.5,68.0
462696,2026-05-13,07,44,20.6,70,18.6,68.0
462697,2026-05-13,07,45,20.6,71,18.6,68.0
462698,2026-05-13,07,48,20.6,71,18.8,68.0
462699,2026-05-13,07,49,20.6,71,18.8,68.0
462700,2026-05-13,07,50,20.6,71,18.9,68.0
462701,2026-05-13,07,51,20.6,71,18.9,67.0
462702,2026-05-13,07,52,20.6,71,19.0,67.0
462703,2026-05-13,07,53,20.6,71,19.0,67.0
462704,2026-05-13,07,54,20.6,71,19.1,67.0
462705,2026-05-13,07,55,20.6,71,19.2,67.0
462706,2026-05-13,07,56,20.6,71,19.3,67.0
462707,2026-05-13,07,57,20.6,71,19.4,67.0
462708,2026-05-13,07,59,20.7,72,19.5,67.0
462709,2026-05-13,07,59,21.0,71,19.5,67.0
462710,2026-05-13,08,00,21.0,71,19.6,67.0
462711,2026-05-13,08,01,21.0,71,19.6,67.0
462712,2026-05-13,08,02,21.0,71,19.7,67.0
462713,2026-05-13,08,03,21.0,71,19.9,66.0
462714,2026-05-13,08,04,21.0,72,20.0,66.0
462715,2026-05-13,08,05,21.0,72,20.0,66.0
462716,2026-05-13,08,06,21.0,72,20.1,66.0
462717,2026-05-13,08,07,21.0,72,20.3,66.0
462718,2026-05-13,08,08,21.0,72,20.4,65.0
462719,2026-05-13,08,09,21.0,72,20.4,65.0
462720,2026-05-13,08,10,21.0,72,20.6,65.0
462721,2026-05-13,08,11,21.0,72,20.7,65.0
462722,2026-05-13,08,12,21.0,72,20.8,64.0
462723,2026-05-13,08,13,21.0,72,20.9,64.0
462724,2026-05-13,08,14,21.0,72,21.0,64.0
462725,2026-05-13,08,15,21.0,72,21.2,63.0
462726,2026-05-13,08,16,21.0,72,21.3,63.0
462727,2026-05-13,08,17,21.0,72,21.4,63.0
462728,2026-05-13,08,18,21.0,72,21.5,63.0
462729,2026-05-13,08,19,21.0,72,21.7,62.0
462730,2026-05-13,08,20,21.0,72,21.8,62.0
462731,2026-05-13,08,21,21.0,72,21.9,61.0
462732,2026-05-13,08,22,21.0,72,22.1,61.0
462733,2026-05-13,08,23,21.4,72,22.3,61.0
462734,2026-05-13,08,24,21.4,72,22.4,60.0
462735,2026-05-13,08,25,21.4,72,22.5,60.0
462736,2026-05-13,08,26,21.4,72,22.6,60.0
462737,2026-05-13,08,27,21.4,72,22.8,58.0
462738,2026-05-13,08,28,21.4,72,22.9,58.0
462739,2026-05-13,08,29,21.4,72,23.1,58.0
462740,2026-05-13,08,30,21.4,72,23.3,58.0
462741,2026-05-13,08,31,21.4,72,23.5,57.0
462742,2026-05-13,08,32,21.4,72,23.7,57.0
462743,2026-05-13,08,33,21.4,71,24.0,56.0
462744,2026-05-13,08,34,21.4,71,24.2,56.0
462745,2026-05-13,08,35,21.4,71,24.4,55.0
462746,2026-05-13,08,36,21.4,71,24.6,55.0
462747,2026-05-13,08,37,21.4,71,24.9,54.0
462748,2026-05-13,08,39,21.4,71,25.4,53.0
462749,2026-05-13,08,40,21.4,71,25.6,52.0
462750,2026-05-13,08,41,21.4,71,25.9,51.0
462751,2026-05-13,08,42,21.4,71,26.2,51.0
462752,2026-05-13,08,43,21.4,71,26.6,50.0
462753,2026-05-13,08,44,21.4,71,27.1,49.0
462754,2026-05-13,08,45,21.5,71,28.0,48.0
462755,2026-05-13,08,46,21.4,71,28.9,46.0
462756,2026-05-13,08,47,21.5,71,29.8,45.0
462757,2026-05-13,08,48,21.8,71,30.4,43.0
462758,2026-05-13,08,49,21.8,71,31.0,42.0
462759,2026-05-13,08,50,21.8,71,31.4,41.0
462760,2026-05-13,08,51,21.8,71,31.7,41.0
462761,2026-05-13,08,52,21.8,71,32.0,40.0
462762,2026-05-13,08,53,21.8,71,32.4,39.0
462763,2026-05-13,08,54,21.8,71,32.7,39.0
462764,2026-05-13,08,55,21.8,71,32.9,38.0
462765,2026-05-13,08,56,21.8,71,33.1,38.0
462766,2026-05-13,08,57,21.8,71,33.3,38.0
462767,2026-05-13,08,58,21.8,71,33.5,38.0
462768,2026-05-13,08,59,21.8,71,33.7,37.0
462769,2026-05-13,09,00,21.8,71,33.9,37.0
462770,2026-05-13,09,01,21.8,71,34.0,37.0
462771,2026-05-13,09,03,21.8,71,34.2,37.0
462772,2026-05-13,09,04,21.8,71,34.4,36.0
462773,2026-05-13,09,05,21.8,71,34.5,36.0
462774,2026-05-13,09,06,21.8,70,34.6,36.0
462775,2026-05-13,09,07,21.8,70,34.7,36.0
462776,2026-05-13,09,08,21.8,70,34.8,36.0
462777,2026-05-13,09,09,21.8,70,34.9,35.0
462778,2026-05-13,09,10,21.8,70,35.0,35.0
462779,2026-05-13,09,11,21.9,70,35.1,35.0
462780,2026-05-13,09,12,21.8,70,35.2,35.0
462781,2026-05-13,09,13,21.8,70,35.4,35.0
462782,2026-05-13,09,14,21.9,70,35.5,35.0
462783,2026-05-13,09,15,21.9,70,35.6,34.0
462784,2026-05-13,09,16,22.2,70,35.7,34.0
462785,2026-05-13,09,17,22.2,69,35.7,34.0
462786,2026-05-13,09,18,22.2,69,35.9,34.0
462787,2026-05-13,09,19,22.2,69,36.1,34.0
462788,2026-05-13,09,20,22.2,69,36.2,34.0
462789,2026-05-13,09,21,22.2,69,36.3,34.0
462790,2026-05-13,09,22,22.2,69,36.4,34.0
462791,2026-05-13,09,23,22.2,69,36.6,33.0
462792,2026-05-13,09,24,22.2,69,36.7,33.0
462793,2026-05-13,09,25,22.2,69,36.9,33.0
462794,2026-05-13,09,26,22.2,69,36.9,33.0
462795,2026-05-13,09,27,22.2,69,36.9,33.0
462796,2026-05-13,09,28,22.2,69,37.0,33.0
462797,2026-05-13,09,29,22.2,69,37.1,33.0
462798,2026-05-13,09,30,22.2,69,37.1,33.0
462799,2026-05-13,09,31,22.2,69,37.1,33.0
462800,2026-05-13,09,32,22.2,69,37.2,33.0
462801,2026-05-13,09,33,22.2,70,37.2,33.0
462802,2026-05-13,09,34,22.2,70,37.2,33.0
462803,2026-05-13,09,35,22.2,70,37.3,33.0
462804,2026-05-13,09,36,22.2,69,37.3,33.0
462805,2026-05-13,09,37,22.2,69,37.2,33.0
462806,2026-05-13,09,38,22.2,69,37.2,33.0
462807,2026-05-13,09,39,22.2,69,37.2,33.0
462808,2026-05-13,09,40,22.2,69,37.1,33.0
462809,2026-05-13,09,41,22.2,69,37.1,33.0
462810,2026-05-13,09,42,22.2,69,37.1,33.0
462811,2026-05-13,09,43,22.2,69,37.0,32.0
462812,2026-05-13,09,44,22.2,69,36.9,33.0
462813,2026-05-13,09,45,22.2,69,36.8,33.0
462814,2026-05-13,09,46,22.2,69,36.8,33.0
462815,2026-05-13,09,47,22.2,69,36.6,33.0
462816,2026-05-13,09,48,22.2,69,36.6,33.0
462817,2026-05-13,09,49,22.2,69,36.4,33.0
462818,2026-05-13,09,50,22.2,69,36.2,33.0
462819,2026-05-13,09,51,22.2,69,36.0,33.0
462820,2026-05-13,09,52,22.2,69,35.8,34.0
462821,2026-05-13,09,53,22.2,69,35.7,34.0
462822,2026-05-13,09,54,22.2,69,35.5,34.0
462823,2026-05-13,09,55,22.2,69,35.5,34.0
462824,2026-05-13,09,56,22.2,69,35.4,34.0
462825,2026-05-13,09,57,22.2,69,35.2,35.0
462826,2026-05-13,09,58,22.6,69,35.0,35.0
462827,2026-05-13,09,59,22.6,69,34.8,35.0
462828,2026-05-13,10,00,22.6,69,34.6,35.0
462829,2026-05-13,10,01,22.6,68,34.4,35.0
462830,2026-05-13,10,02,22.6,68,33.7,36.0
462831,2026-05-13,10,03,22.6,68,32.6,37.0
462832,2026-05-13,10,04,22.6,67,31.5,39.0
462833,2026-05-13,10,05,22.6,67,30.6,40.0
462834,2026-05-13,10,06,22.6,68,29.9,41.0
462835,2026-05-13,10,07,22.6,68,29.3,42.0
462836,2026-05-13,10,08,22.6,68,28.8,43.0
462837,2026-05-13,10,09,22.6,68,28.5,44.0
462838,2026-05-13,10,10,22.6,68,28.2,44.0
462839,2026-05-13,10,11,22.6,68,28.0,45.0
462840,2026-05-13,10,12,22.6,68,27.7,45.0
462841,2026-05-13,10,13,22.6,68,27.5,46.0
462842,2026-05-13,10,15,22.6,67,27.2,45.0
462843,2026-05-13,10,16,22.6,67,27.1,46.0
462844,2026-05-13,10,17,22.6,67,26.9,46.0
462845,2026-05-13,10,18,22.6,67,26.8,47.0
462846,2026-05-13,10,19,22.6,68,26.8,47.0
462847,2026-05-13,10,20,22.7,68,26.7,47.0
462848,2026-05-13,10,21,22.6,68,26.6,47.0
462849,2026-05-13,10,22,23.0,67,26.5,47.0
462850,2026-05-13,10,23,23.0,66,26.5,47.0
462851,2026-05-13,10,24,23.0,66,26.4,47.0
462852,2026-05-13,10,25,23.0,66,26.4,47.0
462853,2026-05-13,10,26,23.0,66,26.4,47.0
462854,2026-05-13,10,27,23.0,67,26.3,47.0
462855,2026-05-13,10,28,23.0,67,26.3,48.0
462856,2026-05-13,10,29,23.0,67,26.3,48.0
462857,2026-05-13,10,30,23.0,67,26.4,48.0
462858,2026-05-13,10,31,23.0,67,26.5,47.0
462859,2026-05-13,10,32,23.0,66,26.6,47.0
462860,2026-05-13,10,33,23.0,66,26.6,47.0
462861,2026-05-13,10,34,23.0,66,26.6,47.0
462862,2026-05-13,10,35,23.0,66,26.6,48.0
462863,2026-05-13,10,36,23.0,66,26.5,47.0
462864,2026-05-13,10,37,23.0,66,26.5,47.0
462865,2026-05-13,10,38,23.0,66,26.5,47.0
462866,2026-05-13,10,39,23.0,66,26.4,48.0
462867,2026-05-13,10,40,23.0,66,26.4,48.0
462868,2026-05-13,10,41,23.0,66,26.3,47.0
462869,2026-05-13,10,42,23.0,66,26.3,48.0
462870,2026-05-13,10,43,23.0,66,26.3,48.0
462871,2026-05-13,10,44,23.0,66,26.3,48.0
462872,2026-05-13,10,45,23.0,66,26.4,48.0
462873,2026-05-13,10,46,23.0,66,26.5,48.0
462874,2026-05-13,10,47,23.0,66,26.6,48.0
462875,2026-05-13,10,48,23.0,65,26.7,48.0
462876,2026-05-13,10,49,23.0,65,26.8,47.0
462877,2026-05-13,10,50,23.0,65,26.9,47.0
462878,2026-05-13,10,51,23.0,65,27.0,47.0
462879,2026-05-13,10,52,23.0,65,27.1,47.0
462880,2026-05-13,10,53,23.0,65,27.1,47.0
462881,2026-05-13,10,54,23.0,64,27.1,47.0
462882,2026-05-13,10,55,23.0,64,27.1,47.0
462883,2026-05-13,10,56,23.0,64,27.1,47.0
462884,2026-05-13,10,57,23.4,64,27.1,47.0
462885,2026-05-13,10,58,23.4,64,27.1,47.0
462886,2026-05-13,10,59,23.4,64,27.2,47.0
462887,2026-05-13,11,00,23.4,64,27.2,47.0
462888,2026-05-13,11,02,23.4,64,27.4,46.0
462889,2026-05-13,11,02,23.4,64,27.5,46.0
462890,2026-05-13,11,03,23.4,64,27.7,46.0
462891,2026-05-13,11,04,23.4,64,27.8,46.0
462892,2026-05-13,11,05,23.4,63,27.8,45.0
462893,2026-05-13,11,06,23.4,63,27.9,45.0
462894,2026-05-13,11,07,23.4,63,27.9,45.0
462895,2026-05-13,11,08,23.4,63,27.9,45.0
462896,2026-05-13,11,09,23.4,62,27.8,45.0
462897,2026-05-13,11,10,23.4,63,27.8,45.0
462898,2026-05-13,11,11,23.4,63,27.8,45.0
462899,2026-05-13,11,12,23.4,62,27.8,45.0
462900,2026-05-13,11,13,23.4,62,27.8,45.0
462901,2026-05-13,11,14,23.4,61,27.8,44.0
462902,2026-05-13,11,15,23.8,60,27.9,44.0
462903,2026-05-13,11,16,23.8,59,27.9,44.0
462904,2026-05-13,11,17,23.8,59,28.0,44.0
462905,2026-05-13,11,19,23.8,59,27.9,44.0
462906,2026-05-13,11,19,23.8,59,27.8,44.0
462907,2026-05-13,11,21,23.8,59,27.7,44.0
462908,2026-05-13,11,21,23.8,59,27.7,44.0
462909,2026-05-13,11,22,23.8,59,27.6,45.0
462910,2026-05-13,11,23,23.8,59,27.5,44.0
462911,2026-05-13,11,24,23.8,59,27.5,45.0
462912,2026-05-13,11,25,23.7,59,27.4,45.0
462913,2026-05-13,11,26,23.4,60,27.4,45.0
462914,2026-05-13,11,28,23.8,59,27.3,45.0
462915,2026-05-13,11,28,23.8,59,27.2,45.0
462916,2026-05-13,11,30,23.8,59,27.2,45.0
462917,2026-05-13,11,30,23.8,59,27.1,45.0
462918,2026-05-13,11,32,23.8,58,27.1,45.0
462919,2026-05-13,11,32,23.8,58,27.2,45.0
462920,2026-05-13,11,34,23.8,57,27.4,44.0
462921,2026-05-13,11,34,23.8,57,27.5,44.0
462922,2026-05-13,11,36,23.8,57,27.6,44.0
462923,2026-05-13,11,36,23.8,57,27.6,44.0
462924,2026-05-13,11,38,23.8,56,27.5,44.0
462925,2026-05-13,11,39,23.8,56,27.5,44.0
462926,2026-05-13,11,40,23.8,56,27.5,44.0
462927,2026-05-13,11,41,23.8,56,27.6,44.0
462928,2026-05-13,11,42,23.8,56,27.6,44.0
462929,2026-05-13,11,43,23.8,56,27.8,43.0
462930,2026-05-13,11,43,23.8,56,27.8,43.0
462931,2026-05-13,11,45,23.8,55,27.8,43.0
462932,2026-05-13,11,45,23.8,55,27.8,43.0
462933,2026-05-13,11,47,23.8,56,27.7,43.0
462934,2026-05-13,11,47,23.8,56,27.6,44.0
462935,2026-05-13,11,49,23.8,56,27.6,44.0
462936,2026-05-13,11,50,23.8,56,27.6,44.0
462937,2026-05-13,11,50,23.8,56,27.6,44.0
462938,2026-05-13,11,52,23.8,56,27.7,43.0
462939,2026-05-13,11,53,23.8,57,27.7,43.0
462940,2026-05-13,11,54,23.8,57,27.7,44.0
462941,2026-05-13,11,55,23.8,57,27.6,44.0
462942,2026-05-13,11,56,23.8,57,27.5,44.0
462943,2026-05-13,11,57,23.8,57,27.5,44.0
462944,2026-05-13,11,58,23.8,57,27.4,44.0
462945,2026-05-13,11,59,23.8,57,27.3,44.0
462946,2026-05-13,12,00,23.8,57,27.2,44.0
462947,2026-05-13,12,01,23.8,57,27.1,45.0
462948,2026-05-13,12,02,23.8,57,26.9,45.0
462949,2026-05-13,12,03,23.8,57,26.8,45.0
462950,2026-05-13,12,04,23.8,56,26.7,45.0
462951,2026-05-13,12,05,23.8,56,26.6,45.0
462952,2026-05-13,12,06,23.8,56,26.6,45.0
462953,2026-05-13,12,07,23.8,56,26.6,45.0
462954,2026-05-13,12,08,23.8,56,26.5,46.0
462955,2026-05-13,12,09,23.8,56,26.5,46.0
462956,2026-05-13,12,10,23.8,56,26.5,46.0
462957,2026-05-13,12,11,23.8,56,26.5,46.0
462958,2026-05-13,12,12,23.8,57,26.5,46.0
462959,2026-05-13,12,13,23.8,56,26.5,46.0
462960,2026-05-13,12,14,24.1,56,26.6,46.0
462961,2026-05-13,12,15,24.1,56,26.6,46.0
462962,2026-05-13,12,16,24.1,56,26.6,46.0
462963,2026-05-13,12,17,24.1,56,26.6,45.0
462964,2026-05-13,12,18,24.1,57,26.7,45.0
462965,2026-05-13,12,19,24.1,57,26.7,45.0
462966,2026-05-13,12,20,24.1,57,26.8,45.0
462967,2026-05-13,12,21,24.1,57,26.9,45.0
462968,2026-05-13,12,23,24.1,57,27.1,45.0
462969,2026-05-13,12,24,24.1,57,27.2,45.0
462970,2026-05-13,12,25,24.1,57,27.3,45.0
462971,2026-05-13,12,26,24.1,57,27.2,45.0
462972,2026-05-13,12,27,24.2,57,27.2,45.0
462973,2026-05-13,12,28,24.1,57,27.2,45.0
462974,2026-05-13,12,29,24.4,58,27.2,45.0
462975,2026-05-13,12,30,24.5,58,27.3,45.0
462976,2026-05-13,12,31,24.5,59,27.3,45.0
462977,2026-05-13,12,32,24.5,59,27.3,45.0
462978,2026-05-13,12,33,24.5,59,27.3,45.0
462979,2026-05-13,12,34,24.5,59,27.3,45.0
462980,2026-05-13,12,35,24.5,59,27.3,46.0
462981,2026-05-13,12,36,24.5,60,27.3,46.0
462982,2026-05-13,12,37,24.5,60,27.3,46.0
462983,2026-05-13,12,38,24.5,60,27.3,46.0
462984,2026-05-13,12,39,24.5,60,27.3,46.0
462985,2026-05-13,12,40,24.5,61,27.3,46.0
462986,2026-05-13,12,41,24.5,61,27.3,46.0
462987,2026-05-13,12,42,24.5,61,27.3,46.0
462988,2026-05-13,12,43,24.5,62,27.3,46.0
462989,2026-05-13,12,44,24.7,62,27.3,46.0
462990,2026-05-13,12,45,24.8,62,27.3,46.0
462991,2026-05-13,12,46,24.8,62,27.3,46.0
462992,2026-05-13,12,47,24.8,63,27.3,45.0
462993,2026-05-13,12,48,24.8,64,27.3,46.0
462994,2026-05-13,12,49,24.8,64,27.3,45.0
462995,2026-05-13,12,50,24.8,65,27.3,45.0
462996,2026-05-13,12,51,24.8,65,27.3,45.0
462997,2026-05-13,12,52,24.8,65,27.4,45.0
462998,2026-05-13,12,53,24.8,66,27.4,46.0
462999,2026-05-13,12,54,24.8,66,27.5,46.0
463000,2026-05-13,12,55,24.8,65,27.5,47.0
463001,2026-05-13,12,56,24.8,66,27.6,47.0
463002,2026-05-13,12,57,24.8,65,27.5,47.0
463003,2026-05-13,12,58,24.8,66,27.5,47.0
463004,2026-05-13,12,59,24.8,66,27.6,46.0
463005,2026-05-13,13,00,24.8,65,27.8,46.0
463006,2026-05-13,13,01,24.8,65,28.0,46.0
463007,2026-05-13,13,02,24.8,65,28.2,46.0
463008,2026-05-13,13,03,24.8,65,28.3,46.0
463009,2026-05-13,13,04,24.8,66,28.4,46.0
463010,2026-05-13,13,05,24.8,65,28.5,46.0
463011,2026-05-13,13,06,24.8,65,28.6,47.0
463012,2026-05-13,13,07,24.8,64,28.6,46.0
463013,2026-05-13,13,08,24.8,64,28.6,46.0
463014,2026-05-13,13,09,24.8,63,28.6,46.0
463015,2026-05-13,13,10,24.9,64,28.6,47.0
463016,2026-05-13,13,11,24.8,64,28.6,47.0
463017,2026-05-13,13,12,25.0,64,28.6,47.0
463018,2026-05-13,13,13,25.0,64,28.5,46.0
463019,2026-05-13,13,14,24.8,63,28.5,46.0
463020,2026-05-13,13,15,24.8,62,28.4,46.0
463021,2026-05-13,13,16,24.9,62,28.4,46.0
463022,2026-05-13,13,17,25.3,63,28.3,47.0
463023,2026-05-13,13,18,25.3,64,28.3,47.0
463024,2026-05-13,13,19,25.3,65,28.3,47.0
463025,2026-05-13,13,20,25.3,66,28.3,48.0
463026,2026-05-13,13,21,25.3,66,28.3,47.0
463027,2026-05-13,13,22,25.3,66,28.3,48.0
463028,2026-05-13,13,23,25.3,67,28.3,47.0
463029,2026-05-13,13,24,25.3,67,28.4,47.0
463030,2026-05-13,13,25,25.3,68,28.5,47.0
463031,2026-05-13,13,26,25.3,68,28.5,48.0
463032,2026-05-13,13,27,25.3,69,28.6,48.0
463033,2026-05-13,13,28,25.3,69,28.6,48.0
463034,2026-05-13,13,29,25.3,69,28.6,48.0
463035,2026-05-13,13,30,25.3,68,28.6,48.0
463036,2026-05-13,13,31,25.3,68,28.6,48.0
463037,2026-05-13,13,32,25.3,67,28.6,48.0
463038,2026-05-13,13,33,25.3,66,28.6,48.0
463039,2026-05-13,13,34,25.3,66,28.6,48.0
463040,2026-05-13,13,35,25.3,65,28.6,48.0
463041,2026-05-13,13,36,25.3,66,28.6,48.0
463042,2026-05-13,13,37,25.3,66,28.6,48.0
463043,2026-05-13,13,38,25.3,66,28.6,48.0
463044,2026-05-13,13,39,25.3,66,28.6,48.0
463045,2026-05-13,13,40,25.3,66,28.6,48.0
463046,2026-05-13,13,41,25.3,67,28.6,49.0
463047,2026-05-13,13,42,25.3,67,28.6,48.0
463048,2026-05-13,13,43,25.3,66,28.6,48.0
463049,2026-05-13,13,44,25.3,65,28.6,48.0
463050,2026-05-13,13,45,25.3,65,28.6,48.0
463051,2026-05-13,13,46,25.3,65,28.6,48.0
463052,2026-05-13,13,47,25.3,66,28.6,48.0
463053,2026-05-13,13,48,25.3,65,28.6,48.0
463054,2026-05-13,13,49,25.3,65,28.7,48.0
463055,2026-05-13,13,50,25.3,64,28.7,47.0
463056,2026-05-13,13,51,25.3,63,28.8,47.0
463057,2026-05-13,13,52,25.3,63,28.8,47.0
463058,2026-05-13,13,53,25.3,62,28.8,47.0
463059,2026-05-13,13,54,25.3,62,28.9,47.0
463060,2026-05-13,13,55,25.3,62,28.8,47.0
463061,2026-05-13,13,56,25.3,62,28.8,47.0
463062,2026-05-13,13,57,25.3,62,28.8,47.0
463063,2026-05-13,13,58,25.3,62,28.7,47.0
463064,2026-05-13,13,59,25.3,61,28.7,47.0
463065,2026-05-13,14,00,25.3,60,28.8,46.0
463066,2026-05-13,14,01,25.3,60,28.8,46.0
463067,2026-05-13,14,02,25.3,59,28.8,46.0
463068,2026-05-13,14,03,25.8,59,28.9,46.0
463069,2026-05-13,14,04,25.3,59,28.9,46.0
463070,2026-05-13,14,05,25.3,59,28.9,46.0
463071,2026-05-13,14,06,25.3,59,28.8,45.0
463072,2026-05-13,14,07,25.8,58,28.8,45.0
463073,2026-05-13,14,08,25.8,58,28.7,44.0
463074,2026-05-13,14,09,25.8,58,28.6,45.0
463075,2026-05-13,14,10,25.8,57,28.6,45.0
463076,2026-05-13,14,11,25.8,57,28.5,45.0
463077,2026-05-13,14,12,25.8,57,28.4,46.0
463078,2026-05-13,14,13,25.8,57,28.4,45.0
463079,2026-05-13,14,14,25.8,57,28.5,45.0
463080,2026-05-13,14,15,25.8,57,28.6,45.0
463081,2026-05-13,14,16,25.8,57,28.6,45.0
463082,2026-05-13,14,17,25.8,56,28.6,45.0
463083,2026-05-13,14,18,25.8,56,28.6,45.0
463084,2026-05-13,14,19,25.8,56,28.6,45.0
463085,2026-05-13,14,20,25.8,56,28.5,45.0
463086,2026-05-13,14,21,25.8,56,28.5,45.0
463087,2026-05-13,14,22,25.3,57,28.5,45.0
463088,2026-05-13,14,23,25.3,57,28.5,45.0
463089,2026-05-13,14,24,25.3,57,28.4,45.0
463090,2026-05-13,14,25,25.3,56,28.2,45.0
463091,2026-05-13,14,26,25.8,56,28.1,46.0
463092,2026-05-13,14,27,25.8,56,27.9,46.0
463093,2026-05-13,14,28,25.8,56,27.7,46.0
463094,2026-05-13,14,29,25.8,56,27.5,46.0
463095,2026-05-13,14,30,25.3,57,27.4,47.0
463096,2026-05-13,14,32,25.3,57,27.1,47.0
463097,2026-05-13,14,33,25.3,57,27.1,47.0
463098,2026-05-13,14,34,25.3,57,27.0,47.0
463099,2026-05-13,14,35,25.3,57,27.0,47.0
463100,2026-05-13,14,36,25.3,57,26.9,46.0
463101,2026-05-13,14,37,25.3,57,26.9,47.0
463102,2026-05-13,14,38,25.3,57,26.9,46.0
463103,2026-05-13,14,39,25.3,57,26.9,46.0
463104,2026-05-13,14,40,25.3,56,26.9,46.0
463105,2026-05-13,14,41,25.3,56,26.9,46.0
463106,2026-05-13,14,42,25.3,56,26.9,46.0
463107,2026-05-13,14,43,25.3,56,26.9,46.0
463108,2026-05-13,14,44,25.3,56,26.9,47.0
463109,2026-05-13,14,45,25.3,56,26.9,47.0
463110,2026-05-13,14,46,25.3,56,26.9,47.0
463111,2026-05-13,14,47,25.3,57,26.9,46.0
463112,2026-05-13,14,48,25.3,57,26.9,46.0
463113,2026-05-13,14,49,25.3,57,26.9,46.0
463114,2026-05-13,14,50,25.3,57,26.9,46.0
463115,2026-05-13,14,51,25.3,57,26.9,46.0
463116,2026-05-13,14,52,25.3,57,26.9,45.0
463117,2026-05-13,14,53,25.3,56,26.8,44.0
463118,2026-05-13,14,54,25.3,56,26.8,44.0
463119,2026-05-13,14,55,25.3,56,26.8,44.0
463120,2026-05-13,14,56,25.3,57,26.8,44.0
463121,2026-05-13,14,57,25.3,57,26.8,44.0
463122,2026-05-13,14,58,25.3,57,26.7,44.0
463123,2026-05-13,14,59,25.3,57,26.7,44.0
463124,2026-05-13,15,00,25.3,56,26.7,44.0
463125,2026-05-13,15,01,25.3,56,26.6,44.0
463126,2026-05-13,15,02,25.3,56,26.6,44.0
463127,2026-05-13,15,03,25.3,56,26.6,44.0
463128,2026-05-13,15,04,25.3,56,26.5,45.0
463129,2026-05-13,15,05,25.3,56,26.5,45.0
463130,2026-05-13,15,06,25.3,56,26.5,45.0
463131,2026-05-13,15,07,25.3,56,26.4,45.0
463132,2026-05-13,15,08,25.3,55,26.4,46.0
463133,2026-05-13,15,09,25.3,55,26.4,46.0
463134,2026-05-13,15,10,25.3,56,26.4,45.0
463135,2026-05-13,15,11,25.3,56,26.3,45.0
463136,2026-05-13,15,12,25.3,56,26.3,46.0
463137,2026-05-13,15,13,25.3,56,26.3,45.0
463138,2026-05-13,15,14,25.3,56,26.2,45.0
463139,2026-05-13,15,15,25.3,57,26.2,46.0
463140,2026-05-13,15,16,25.3,57,26.2,46.0
463141,2026-05-13,15,17,25.3,57,26.2,46.0
463142,2026-05-13,15,18,25.3,57,26.2,46.0
463143,2026-05-13,15,19,25.3,57,26.2,46.0
463144,2026-05-13,15,20,25.3,57,26.2,46.0
463145,2026-05-13,15,21,25.3,57,26.2,46.0
463146,2026-05-13,15,22,25.3,57,26.1,46.0
463147,2026-05-13,15,23,25.3,57,26.2,46.0
463148,2026-05-13,15,24,25.3,57,26.1,46.0
463149,2026-05-13,15,25,25.3,57,26.1,46.0
463150,2026-05-13,15,26,25.3,57,26.1,46.0
463151,2026-05-13,15,27,25.3,57,26.1,46.0
463152,2026-05-13,15,28,25.3,57,26.1,46.0
463153,2026-05-13,15,29,25.3,57,26.0,46.0
463154,2026-05-13,15,30,25.3,57,26.0,46.0
463155,2026-05-13,15,31,25.3,57,26.0,46.0
463156,2026-05-13,15,32,25.3,57,25.9,45.0
463157,2026-05-13,15,33,25.3,57,25.9,45.0
463158,2026-05-13,15,34,25.3,57,25.9,45.0
463159,2026-05-13,15,35,25.3,57,25.9,46.0
463160,2026-05-13,15,36,25.3,56,25.9,47.0
463161,2026-05-13,15,37,25.3,56,25.9,47.0
463162,2026-05-13,15,38,25.3,56,25.8,47.0
463163,2026-05-13,15,39,25.3,56,25.8,47.0
463164,2026-05-13,15,40,25.3,56,25.8,47.0
463165,2026-05-13,15,41,25.3,56,25.7,47.0
463166,2026-05-13,15,42,25.3,56,25.7,47.0
463167,2026-05-13,15,43,25.3,56,25.7,47.0
463168,2026-05-13,15,44,25.3,56,25.6,47.0
463169,2026-05-13,15,45,25.3,56,25.6,47.0
463170,2026-05-13,15,46,25.3,56,25.6,47.0
463171,2026-05-13,15,47,25.3,56,25.6,47.0
463172,2026-05-13,15,48,25.3,56,25.6,46.0
463173,2026-05-13,15,49,25.2,56,25.6,47.0
463174,2026-05-13,15,50,25.2,56,25.6,47.0
463175,2026-05-13,15,51,25.0,56,25.6,47.0
463176,2026-05-13,15,52,24.9,56,25.6,47.0
463177,2026-05-13,15,53,24.9,56,25.6,47.0
463178,2026-05-13,15,54,24.9,56,25.5,47.0
463179,2026-05-13,15,55,24.9,56,25.5,47.0
463180,2026-05-13,15,56,24.9,56,25.5,48.0
463181,2026-05-13,15,57,24.8,56,25.4,48.0
463182,2026-05-13,15,58,24.9,56,25.4,48.0
463183,2026-05-13,15,59,24.9,57,25.4,48.0
463184,2026-05-13,16,00,24.8,57,25.3,48.0
463185,2026-05-13,16,01,24.8,56,25.3,48.0
463186,2026-05-13,16,02,24.8,56,25.2,48.0
463187,2026-05-13,16,03,24.8,56,25.2,48.0
463188,2026-05-13,16,04,24.8,56,25.2,49.0
463189,2026-05-13,16,05,24.8,56,25.1,49.0
463190,2026-05-13,16,06,24.8,56,25.1,49.0
463191,2026-05-13,16,07,24.8,56,25.1,49.0
463192,2026-05-13,16,08,24.8,56,25.1,50.0
463193,2026-05-13,16,09,24.8,56,25.0,49.0
463194,2026-05-13,16,10,24.8,56,25.0,50.0
463195,2026-05-13,16,11,24.8,56,25.0,50.0
463196,2026-05-13,16,12,24.8,56,25.0,50.0
463197,2026-05-13,16,13,24.8,56,25.0,50.0
463198,2026-05-13,16,14,24.8,56,25.0,50.0
463199,2026-05-13,16,15,24.8,56,24.9,50.0
463200,2026-05-13,16,16,24.8,57,24.9,50.0
463201,2026-05-13,16,17,24.8,57,24.9,50.0
463202,2026-05-13,16,18,24.8,57,24.9,50.0
463203,2026-05-13,16,19,24.8,57,24.9,50.0
463204,2026-05-13,16,20,24.8,57,24.9,50.0
463205,2026-05-13,16,21,24.8,57,24.9,50.0
463206,2026-05-13,16,22,24.8,57,24.8,51.0
463207,2026-05-13,16,23,24.8,57,24.8,50.0
463208,2026-05-13,16,24,24.8,58,24.8,51.0
463209,2026-05-13,16,25,24.8,58,24.8,51.0
463210,2026-05-13,16,26,24.8,58,24.8,51.0
463211,2026-05-13,16,27,24.8,58,24.7,50.0
463212,2026-05-13,16,28,24.8,58,24.7,51.0
463213,2026-05-13,16,29,24.8,58,24.7,51.0
463214,2026-05-13,16,30,24.8,58,24.7,51.0
463215,2026-05-13,16,31,24.8,58,24.7,51.0
463216,2026-05-13,16,32,24.8,58,24.7,51.0
463217,2026-05-13,16,33,24.8,58,24.7,51.0
463218,2026-05-13,16,34,24.8,57,24.7,51.0
463219,2026-05-13,16,35,24.8,58,24.7,51.0
463220,2026-05-13,16,36,24.8,58,24.7,51.0
463221,2026-05-13,16,37,24.8,58,24.8,51.0
463222,2026-05-13,16,38,24.8,58,24.8,51.0
463223,2026-05-13,16,39,24.8,58,24.8,51.0
463224,2026-05-13,16,40,24.8,58,24.8,51.0
463225,2026-05-13,16,41,24.8,58,24.8,51.0
463226,2026-05-13,16,42,24.8,58,24.8,51.0
463227,2026-05-13,16,43,24.8,58,24.8,51.0
463228,2026-05-13,16,44,24.8,58,24.8,51.0
463229,2026-05-13,16,45,24.8,58,24.8,51.0
463230,2026-05-13,16,46,24.8,58,24.8,51.0
463231,2026-05-13,16,47,24.8,58,24.8,51.0
463232,2026-05-13,16,48,24.8,58,24.8,51.0
463233,2026-05-13,16,49,24.8,58,24.7,51.0
463234,2026-05-13,16,50,24.8,58,24.7,51.0
463235,2026-05-13,16,51,24.8,58,24.7,51.0
463236,2026-05-13,16,52,24.8,58,24.7,51.0
463237,2026-05-13,16,53,24.8,58,24.6,51.0
463238,2026-05-13,16,54,24.8,58,24.6,52.0
463239,2026-05-13,16,55,24.8,58,24.5,52.0
463240,2026-05-13,16,56,24.8,58,24.5,52.0
463241,2026-05-13,16,57,24.8,58,24.5,52.0
463242,2026-05-13,16,58,24.8,58,24.5,52.0
463243,2026-05-13,16,59,24.8,58,24.5,52.0
463244,2026-05-13,17,00,24.8,58,24.5,52.0
463245,2026-05-13,17,01,24.8,58,24.4,52.0
463246,2026-05-13,17,02,24.8,58,24.4,52.0
463247,2026-05-13,17,03,24.8,58,24.4,52.0
463248,2026-05-13,17,04,24.8,58,24.4,52.0
463249,2026-05-13,17,05,24.8,58,24.3,52.0
463250,2026-05-13,17,06,24.8,58,24.3,52.0
463251,2026-05-13,17,07,24.8,58,24.3,52.0
463252,2026-05-13,17,08,24.8,58,24.3,52.0
463253,2026-05-13,17,09,24.8,58,24.3,52.0
463254,2026-05-13,17,10,24.8,58,24.2,52.0
463255,2026-05-13,17,11,24.8,58,24.2,52.0
463256,2026-05-13,17,12,24.8,58,24.2,52.0
463257,2026-05-13,17,13,24.8,58,24.2,52.0
463258,2026-05-13,17,14,24.8,58,24.1,52.0
463259,2026-05-13,17,15,24.8,58,24.1,52.0
463260,2026-05-13,17,16,24.8,58,24.1,52.0
463261,2026-05-13,17,17,24.8,58,24.1,52.0
463262,2026-05-13,17,18,24.8,58,24.1,52.0
463263,2026-05-13,17,19,24.8,58,24.1,52.0
463264,2026-05-13,17,20,24.8,58,24.1,52.0
463265,2026-05-13,17,21,24.8,58,24.0,52.0
463266,2026-05-13,17,22,24.8,58,24.0,52.0
463267,2026-05-13,17,23,24.8,58,24.0,52.0
463268,2026-05-13,17,24,24.8,58,24.0,52.0
463269,2026-05-13,17,25,24.8,58,23.9,52.0
463270,2026-05-13,17,26,24.8,58,23.9,52.0
463271,2026-05-13,17,27,24.8,58,23.9,52.0
463272,2026-05-13,17,28,24.8,58,23.9,52.0
463273,2026-05-13,17,29,24.8,58,23.8,52.0
463274,2026-05-13,17,30,24.8,58,23.8,52.0
463275,2026-05-13,17,31,24.8,58,23.8,53.0
463276,2026-05-13,17,32,24.8,58,23.8,53.0
463277,2026-05-13,17,33,24.8,58,23.8,53.0
463278,2026-05-13,17,34,24.8,58,23.7,53.0
463279,2026-05-13,17,35,24.8,58,23.7,53.0
463280,2026-05-13,17,36,24.8,58,23.7,53.0
463281,2026-05-13,17,37,24.8,58,23.6,53.0
463282,2026-05-13,17,38,24.8,58,23.6,53.0
463283,2026-05-13,17,39,24.8,58,23.6,53.0
463284,2026-05-13,17,40,24.8,58,23.6,53.0
463285,2026-05-13,17,41,24.8,59,23.6,53.0
463286,2026-05-13,17,42,24.8,59,23.5,53.0
463287,2026-05-13,17,43,24.8,59,23.5,53.0
463288,2026-05-13,17,44,24.8,59,23.5,53.0
463289,2026-05-13,17,45,24.8,59,23.5,54.0
463290,2026-05-13,17,46,24.8,59,23.4,54.0
463291,2026-05-13,17,47,24.8,59,23.4,54.0
463292,2026-05-13,17,48,24.8,59,23.4,54.0
463293,2026-05-13,17,49,24.8,59,23.4,54.0
463294,2026-05-13,17,50,24.8,58,23.4,54.0
463295,2026-05-13,17,51,24.8,58,23.3,54.0
463296,2026-05-13,17,52,24.8,58,23.3,55.0
463297,2026-05-13,17,53,24.8,58,23.3,55.0
463298,2026-05-13,17,54,24.8,59,23.3,55.0
463299,2026-05-13,17,55,24.8,59,23.2,55.0
463300,2026-05-13,17,56,24.8,59,23.2,55.0
463301,2026-05-13,17,57,24.8,59,23.2,55.0
463302,2026-05-13,17,58,24.8,59,23.2,55.0
463303,2026-05-13,17,59,24.8,59,23.2,55.0
463304,2026-05-13,18,00,24.8,59,23.2,55.0
463305,2026-05-13,18,01,24.8,59,23.1,55.0
463306,2026-05-13,18,02,24.8,59,23.1,56.0
463307,2026-05-13,18,03,24.8,59,23.1,56.0
463308,2026-05-13,18,04,24.8,59,23.1,56.0
463309,2026-05-13,18,05,24.8,59,23.0,56.0
463310,2026-05-13,18,06,24.8,59,23.0,55.0
463311,2026-05-13,18,07,24.8,59,23.0,55.0
463312,2026-05-13,18,08,24.8,59,23.0,55.0
463313,2026-05-13,18,09,24.8,60,23.0,56.0
463314,2026-05-13,18,10,24.8,60,23.0,56.0
463315,2026-05-13,18,11,24.8,60,23.0,56.0
463316,2026-05-13,18,12,24.8,60,23.0,56.0
463317,2026-05-13,18,13,24.8,60,22.9,56.0
463318,2026-05-13,18,14,24.8,60,23.0,56.0
463319,2026-05-13,18,15,24.8,59,23.0,56.0
463320,2026-05-13,18,16,24.8,59,23.0,56.0
463321,2026-05-13,18,17,24.8,59,22.9,56.0
463322,2026-05-13,18,18,24.8,59,22.9,56.0
463323,2026-05-13,18,19,24.8,59,22.9,56.0
463324,2026-05-13,18,20,24.8,59,22.9,56.0
463325,2026-05-13,18,21,24.8,59,22.9,56.0
463326,2026-05-13,18,22,24.8,59,22.9,56.0
463327,2026-05-13,18,23,24.8,59,22.9,57.0
463328,2026-05-13,18,24,24.8,59,22.9,57.0
463329,2026-05-13,18,25,24.8,59,22.9,57.0
463330,2026-05-13,18,26,24.8,59,22.8,57.0
463331,2026-05-13,18,27,24.8,59,22.9,57.0
463332,2026-05-13,18,28,24.8,59,22.8,57.0
463333,2026-05-13,18,29,24.8,59,22.8,57.0
463334,2026-05-13,18,30,24.8,59,22.8,57.0
463335,2026-05-13,18,31,24.7,59,22.8,57.0
463336,2026-05-13,18,33,24.6,59,22.8,57.0
463337,2026-05-13,18,34,24.5,59,22.8,57.0
463338,2026-05-13,18,35,24.5,59,22.8,57.0
463339,2026-05-13,18,36,24.5,59,22.8,57.0
463340,2026-05-13,18,37,24.5,59,22.7,57.0
463341,2026-05-13,18,38,24.5,59,22.7,57.0
463342,2026-05-13,18,39,24.5,59,22.7,57.0
463343,2026-05-13,18,40,24.5,59,22.7,57.0
463344,2026-05-13,18,41,24.5,59,22.7,57.0
463345,2026-05-13,18,42,24.5,59,22.7,57.0
463346,2026-05-13,18,43,24.5,59,22.7,57.0
463347,2026-05-13,18,44,24.5,59,22.7,57.0
463348,2026-05-13,18,45,24.5,59,22.7,57.0
463349,2026-05-13,18,46,24.5,59,22.6,58.0
463350,2026-05-13,18,47,24.5,59,22.6,58.0
463351,2026-05-13,18,48,24.5,59,22.6,58.0
463352,2026-05-13,18,49,24.5,59,22.6,58.0
463353,2026-05-13,18,50,24.5,59,22.6,58.0
463354,2026-05-13,18,51,24.5,59,22.6,58.0
463355,2026-05-13,18,52,24.5,59,22.6,58.0
463356,2026-05-13,18,53,24.5,59,22.6,58.0
463357,2026-05-13,18,54,24.5,59,22.6,58.0
463358,2026-05-13,18,55,24.5,59,22.6,58.0
463359,2026-05-13,18,56,24.5,59,22.6,58.0
463360,2026-05-13,18,57,24.5,59,22.6,58.0
463361,2026-05-13,18,58,24.5,59,22.6,58.0
463362,2026-05-13,18,59,24.5,59,22.6,58.0
463363,2026-05-13,19,00,24.5,59,22.6,58.0
463364,2026-05-13,19,01,24.5,59,22.6,58.0
463365,2026-05-13,19,02,24.5,59,22.6,58.0
463366,2026-05-13,19,03,24.5,59,22.6,58.0
463367,2026-05-13,19,04,24.5,59,22.5,58.0
463368,2026-05-13,19,05,24.5,59,22.6,58.0
463369,2026-05-13,19,06,24.5,59,22.5,58.0
463370,2026-05-13,19,07,24.5,59,22.5,58.0
463371,2026-05-13,19,08,24.5,59,22.5,58.0
463372,2026-05-13,19,09,24.5,59,22.5,58.0
463373,2026-05-13,19,10,24.5,59,22.5,58.0
463374,2026-05-13,19,11,24.5,59,22.5,58.0
463375,2026-05-13,19,12,24.5,59,22.5,59.0
463376,2026-05-13,19,13,24.5,60,22.5,59.0
463377,2026-05-13,19,14,24.5,60,22.5,58.0
463378,2026-05-13,19,15,24.5,60,22.5,58.0
463379,2026-05-13,19,16,24.5,60,22.5,59.0
463380,2026-05-13,19,17,24.5,60,22.5,59.0
463381,2026-05-13,19,18,24.5,60,22.5,59.0
463382,2026-05-13,19,19,24.5,60,22.4,58.0
463383,2026-05-13,19,20,24.5,60,22.4,58.0
463384,2026-05-13,19,21,24.5,60,22.4,59.0
463385,2026-05-13,19,22,24.5,60,22.4,58.0
463386,2026-05-13,19,23,24.5,60,22.4,59.0
463387,2026-05-13,19,24,24.5,60,22.4,59.0
463388,2026-05-13,19,25,24.5,60,22.4,59.0
463389,2026-05-13,19,26,24.5,60,22.4,59.0
463390,2026-05-13,19,27,24.5,60,22.4,59.0
463391,2026-05-13,19,28,24.5,60,22.4,59.0
463392,2026-05-13,19,29,24.5,60,22.4,59.0
463393,2026-05-13,19,30,24.5,60,22.4,59.0
463394,2026-05-13,19,31,24.5,60,22.4,59.0
463395,2026-05-13,19,32,24.5,60,22.4,59.0
463396,2026-05-13,19,33,24.5,60,22.4,59.0
463397,2026-05-13,19,34,24.5,60,22.4,59.0
463398,2026-05-13,19,35,24.5,60,22.3,59.0
463399,2026-05-13,19,36,24.5,60,22.3,59.0
463400,2026-05-13,19,37,24.5,60,22.3,59.0
463401,2026-05-13,19,38,24.5,60,22.3,59.0
463402,2026-05-13,19,39,24.5,60,22.3,59.0
463403,2026-05-13,19,40,24.5,60,22.3,59.0
463404,2026-05-13,19,41,24.5,60,22.3,59.0
463405,2026-05-13,19,42,24.5,60,22.3,59.0
463406,2026-05-13,19,43,24.5,60,22.3,59.0
463407,2026-05-13,19,44,24.5,61,22.3,59.0
463408,2026-05-13,19,45,24.5,61,22.3,59.0
463409,2026-05-13,19,46,24.5,61,22.2,59.0
463410,2026-05-13,19,47,24.5,61,22.2,59.0
463411,2026-05-13,19,48,24.5,61,22.2,59.0
463412,2026-05-13,19,49,24.5,61,22.2,59.0
463413,2026-05-13,19,50,24.5,61,22.2,59.0
463414,2026-05-13,19,51,24.5,60,22.2,59.0
463415,2026-05-13,19,52,24.5,60,22.2,59.0
463416,2026-05-13,19,53,24.5,60,22.2,59.0
463417,2026-05-13,19,54,24.5,61,22.2,60.0
463418,2026-05-13,19,55,24.5,61,22.2,60.0
463419,2026-05-13,19,56,24.5,61,22.2,60.0
463420,2026-05-13,19,57,24.5,61,22.2,60.0
463421,2026-05-13,19,58,24.5,61,22.2,60.0
463422,2026-05-13,19,59,24.5,61,22.2,60.0
463423,2026-05-13,20,00,24.5,61,22.1,60.0
463424,2026-05-13,20,01,24.5,61,22.1,60.0
463425,2026-05-13,20,02,24.5,61,22.1,60.0
463426,2026-05-13,20,03,24.5,61,22.1,60.0
463427,2026-05-13,20,04,24.5,61,22.1,60.0
463428,2026-05-13,20,05,24.5,61,22.1,60.0
463429,2026-05-13,20,06,24.5,61,22.1,60.0
463430,2026-05-13,20,07,24.4,61,22.1,60.0
463431,2026-05-13,20,08,24.2,61,22.1,60.0
463432,2026-05-13,20,09,24.2,61,22.1,60.0
463433,2026-05-13,20,10,24.2,61,22.1,60.0
463434,2026-05-13,20,11,24.2,61,22.1,60.0
463435,2026-05-13,20,12,24.1,61,22.1,60.0
463436,2026-05-13,20,13,24.1,61,22.1,60.0
463437,2026-05-13,20,14,24.1,61,22.1,60.0
463438,2026-05-13,20,15,24.1,61,22.1,60.0
463439,2026-05-13,20,16,24.1,61,22.0,60.0
463440,2026-05-13,20,17,24.1,61,22.0,60.0
463441,2026-05-13,20,18,24.1,61,22.0,60.0
463442,2026-05-13,20,19,24.1,61,22.0,60.0
463443,2026-05-13,20,20,24.1,61,22.0,60.0
463444,2026-05-13,20,21,24.1,61,22.0,60.0
463445,2026-05-13,20,22,24.1,61,22.0,60.0
463446,2026-05-13,20,23,24.1,61,22.0,60.0
463447,2026-05-13,20,24,24.1,61,22.0,60.0
463448,2026-05-13,20,25,24.1,61,22.0,60.0
463449,2026-05-13,20,26,24.1,61,22.0,60.0
463450,2026-05-13,20,27,24.1,61,22.0,60.0
463451,2026-05-13,20,28,24.1,62,22.0,60.0
463452,2026-05-13,20,29,24.1,62,22.0,60.0
463453,2026-05-13,20,30,24.1,62,21.9,60.0
463454,2026-05-13,20,31,24.1,62,21.9,60.0
463455,2026-05-13,20,32,24.1,61,21.9,60.0
463456,2026-05-13,20,33,24.1,61,21.9,60.0
463457,2026-05-13,20,34,24.1,61,21.9,60.0
463458,2026-05-13,20,35,24.1,61,21.9,60.0
463459,2026-05-13,20,36,24.1,62,21.9,60.0
463460,2026-05-13,20,37,24.1,62,21.9,60.0
463461,2026-05-13,20,38,24.1,62,21.9,60.0
463462,2026-05-13,20,39,24.1,62,21.9,60.0
463463,2026-05-13,20,40,24.1,62,21.9,60.0
463464,2026-05-13,20,41,24.1,62,21.9,60.0
463465,2026-05-13,20,42,24.1,62,21.9,60.0
463466,2026-05-13,20,43,24.1,62,21.9,60.0
463467,2026-05-13,20,44,24.1,62,21.9,60.0
463468,2026-05-13,20,45,24.1,62,21.8,60.0
463469,2026-05-13,20,46,24.1,62,21.8,61.0
463470,2026-05-13,20,47,24.1,62,21.8,61.0
463471,2026-05-13,20,48,24.1,62,21.8,61.0
463472,2026-05-13,20,49,24.1,62,21.8,61.0
463473,2026-05-13,20,50,24.1,62,21.8,61.0
463474,2026-05-13,20,51,24.1,62,21.8,62.0
463475,2026-05-13,20,52,24.1,62,21.8,62.0
463476,2026-05-13,20,53,24.1,63,21.8,62.0
463477,2026-05-13,20,54,24.1,63,21.8,62.0
463478,2026-05-13,20,55,24.1,63,21.8,63.0
463479,2026-05-13,20,56,24.1,63,21.8,63.0
463480,2026-05-13,20,57,24.1,63,21.8,63.0
463481,2026-05-13,20,58,24.1,63,21.8,63.0
463482,2026-05-13,20,59,24.1,63,21.8,63.0
463483,2026-05-13,21,01,24.1,64,21.8,63.0
463484,2026-05-13,21,02,24.1,64,21.7,63.0
463485,2026-05-13,21,03,24.1,64,21.7,63.0
463486,2026-05-13,21,04,24.1,64,21.7,63.0
463487,2026-05-13,21,05,24.1,64,21.7,63.0
463488,2026-05-13,21,06,24.1,64,21.7,63.0
463489,2026-05-13,21,07,24.1,64,21.7,63.0
463490,2026-05-13,21,08,24.1,64,21.7,63.0
463491,2026-05-13,21,09,24.1,64,21.7,63.0
463492,2026-05-13,21,10,24.1,64,21.7,63.0
463493,2026-05-13,21,11,24.1,64,21.6,63.0
463494,2026-05-13,21,12,24.1,64,21.7,63.0
463495,2026-05-13,21,13,24.1,64,21.6,63.0
463496,2026-05-13,21,14,24.1,64,21.6,63.0
463497,2026-05-13,21,15,24.1,64,21.6,63.0
463498,2026-05-13,21,16,24.1,64,21.6,63.0
463499,2026-05-13,21,17,24.1,64,21.6,63.0
463500,2026-05-13,21,18,24.1,64,21.6,63.0
463501,2026-05-13,21,19,24.1,64,21.6,63.0
463502,2026-05-13,21,20,24.1,64,21.6,63.0
463503,2026-05-13,21,21,24.1,64,21.6,63.0
463504,2026-05-13,21,22,24.1,64,21.6,63.0
463505,2026-05-13,21,23,24.1,64,21.6,63.0
463506,2026-05-13,21,24,24.1,64,21.5,63.0
463507,2026-05-13,21,25,24.1,64,21.5,63.0
463508,2026-05-13,21,26,24.1,64,21.5,63.0
463509,2026-05-13,21,27,24.1,64,21.5,63.0
463510,2026-05-13,21,28,24.1,64,21.5,63.0
463511,2026-05-13,21,29,24.1,64,21.5,63.0
463512,2026-05-13,21,30,24.1,64,21.5,63.0
463513,2026-05-13,21,31,23.9,64,21.5,63.0
463514,2026-05-13,21,32,23.8,64,21.5,63.0
463515,2026-05-13,21,33,23.8,64,21.5,63.0
463516,2026-05-13,21,34,23.8,64,21.5,63.0
463517,2026-05-13,21,35,23.8,64,21.4,63.0
463518,2026-05-13,21,36,23.8,64,21.4,63.0
463519,2026-05-13,21,37,23.8,64,21.4,63.0
463520,2026-05-13,21,38,23.8,64,21.4,63.0
463521,2026-05-13,21,39,23.8,64,21.4,63.0
463522,2026-05-13,21,40,23.8,64,21.4,63.0
463523,2026-05-13,21,41,23.8,64,21.4,63.0
463524,2026-05-13,21,42,23.8,64,21.4,63.0
463525,2026-05-13,21,43,23.8,64,21.4,63.0
463526,2026-05-13,21,44,23.8,64,21.4,63.0
463527,2026-05-13,21,45,23.8,64,21.4,63.0
463528,2026-05-13,21,46,23.8,64,21.4,63.0
463529,2026-05-13,21,47,23.8,64,21.4,63.0
463530,2026-05-13,21,48,23.8,64,21.3,63.0
463531,2026-05-13,21,49,23.8,64,21.3,63.0
463532,2026-05-13,21,50,23.8,64,21.3,63.0
463533,2026-05-13,21,51,23.8,64,21.3,63.0
463534,2026-05-13,21,52,23.8,64,21.3,63.0
463535,2026-05-13,21,53,23.8,64,21.3,63.0
463536,2026-05-13,21,54,23.8,64,21.3,63.0
463537,2026-05-13,21,55,23.8,64,21.3,63.0
463538,2026-05-13,21,56,23.8,64,21.3,63.0
463539,2026-05-13,21,57,23.8,64,21.3,63.0
463540,2026-05-13,21,58,23.8,64,21.2,63.0
463541,2026-05-13,21,59,23.8,64,21.2,63.0
463542,2026-05-13,22,00,23.8,64,21.2,63.0
463543,2026-05-13,22,01,23.8,64,21.2,63.0
463544,2026-05-13,22,02,23.8,64,21.2,64.0
463545,2026-05-13,22,03,23.8,64,21.2,64.0
463546,2026-05-13,22,04,23.8,64,21.2,64.0
463547,2026-05-13,22,05,23.8,64,21.1,64.0
463548,2026-05-13,22,06,23.8,64,21.2,64.0
463549,2026-05-13,22,07,23.8,64,21.1,64.0
463550,2026-05-13,22,08,23.8,64,21.1,64.0
463551,2026-05-13,22,09,23.8,64,21.1,64.0
463552,2026-05-13,22,10,23.8,64,21.1,64.0
463553,2026-05-13,22,11,23.8,64,21.1,64.0
463554,2026-05-13,22,12,23.8,64,21.1,64.0
463555,2026-05-13,22,13,23.8,64,21.1,64.0
463556,2026-05-13,22,14,23.8,64,21.1,64.0
463557,2026-05-13,22,15,23.8,64,21.1,64.0
463558,2026-05-13,22,16,23.8,64,21.1,64.0
463559,2026-05-13,22,17,23.8,64,21.1,64.0
463560,2026-05-13,22,18,23.8,64,21.1,64.0
463561,2026-05-13,22,19,23.8,64,21.1,64.0
463562,2026-05-13,22,20,23.8,64,21.1,64.0
463563,2026-05-13,22,21,23.8,64,21.1,64.0
463564,2026-05-13,22,22,23.8,64,21.1,64.0
463565,2026-05-13,22,23,23.8,64,21.1,64.0
463566,2026-05-13,22,24,23.8,64,21.1,64.0
463567,2026-05-13,22,25,23.8,64,21.1,64.0
463568,2026-05-13,22,26,23.8,64,21.0,64.0
463569,2026-05-13,22,27,23.8,64,21.0,64.0
463570,2026-05-13,22,28,23.8,64,21.0,64.0
463571,2026-05-13,22,29,23.8,64,21.0,64.0
463572,2026-05-13,22,30,23.8,64,21.0,64.0
463573,2026-05-13,22,31,23.8,64,21.0,64.0
463574,2026-05-13,22,32,23.8,64,21.0,64.0
463575,2026-05-13,22,33,23.8,64,21.0,64.0
463576,2026-05-13,22,34,23.8,64,21.0,64.0
463577,2026-05-13,22,35,23.8,64,21.0,64.0
463578,2026-05-13,22,36,23.8,64,21.0,64.0
463579,2026-05-13,22,37,23.8,64,21.0,64.0
463580,2026-05-13,22,38,23.8,64,21.0,64.0
463581,2026-05-13,22,39,23.8,64,21.0,64.0
463582,2026-05-13,22,40,23.6,64,21.0,64.0
463583,2026-05-13,22,41,23.4,64,21.0,64.0
463584,2026-05-13,22,42,23.4,64,20.9,64.0
463585,2026-05-13,22,43,23.4,64,20.9,64.0
463586,2026-05-13,22,44,23.4,64,20.9,64.0
463587,2026-05-13,22,45,23.4,64,20.9,64.0
463588,2026-05-13,22,46,23.4,64,20.9,64.0
463589,2026-05-13,22,47,23.4,64,20.9,64.0
463590,2026-05-13,22,48,23.4,64,20.9,64.0
463591,2026-05-13,22,49,23.4,64,20.9,64.0
463592,2026-05-13,22,50,23.4,64,20.9,64.0
463593,2026-05-13,22,51,23.4,64,20.9,64.0
463594,2026-05-13,22,52,23.4,64,20.9,64.0
463595,2026-05-13,22,53,23.4,64,20.9,64.0
463596,2026-05-13,22,54,23.4,64,20.8,64.0
463597,2026-05-13,22,55,23.4,64,20.8,64.0
463598,2026-05-13,22,56,23.4,64,20.8,64.0
463599,2026-05-13,22,57,23.4,64,20.8,64.0
463600,2026-05-13,22,58,23.4,64,20.8,64.0
463601,2026-05-13,22,59,23.4,64,20.8,64.0
463602,2026-05-13,23,00,23.4,64,20.8,64.0
463603,2026-05-13,23,01,23.4,64,20.8,64.0
463604,2026-05-13,23,02,23.4,64,20.8,64.0
463605,2026-05-13,23,03,23.4,64,20.8,64.0
463606,2026-05-13,23,04,23.4,64,20.7,64.0
463607,2026-05-13,23,05,23.4,65,20.7,64.0
463608,2026-05-13,23,06,23.4,65,20.7,64.0
463609,2026-05-13,23,07,23.4,65,20.7,64.0
463610,2026-05-13,23,08,23.4,65,20.7,64.0
463611,2026-05-13,23,09,23.4,65,20.7,64.0
463612,2026-05-13,23,10,23.4,65,20.7,64.0
463613,2026-05-13,23,11,23.4,65,20.7,64.0
463614,2026-05-13,23,12,23.4,65,20.7,64.0
463615,2026-05-13,23,13,23.4,65,20.7,64.0
463616,2026-05-13,23,14,23.4,65,20.7,64.0
463617,2026-05-13,23,15,23.4,65,20.7,64.0
463618,2026-05-13,23,16,23.4,65,20.7,64.0
463619,2026-05-13,23,17,23.4,65,20.7,64.0
463620,2026-05-13,23,18,23.4,66,20.7,64.0
463621,2026-05-13,23,19,23.4,66,20.7,64.0
463622,2026-05-13,23,20,23.4,66,20.7,64.0
463623,2026-05-13,23,21,23.4,66,20.7,64.0
463624,2026-05-13,23,22,23.4,66,20.7,64.0
463625,2026-05-13,23,23,23.4,66,20.7,64.0
463626,2026-05-13,23,24,23.4,66,20.6,65.0
463627,2026-05-13,23,25,23.4,66,20.6,64.0
463628,2026-05-13,23,26,23.4,66,20.6,65.0
463629,2026-05-13,23,27,23.4,66,20.6,65.0
463630,2026-05-13,23,28,23.4,66,20.6,65.0
463631,2026-05-13,23,29,23.4,66,20.6,65.0
463632,2026-05-13,23,30,23.4,66,20.6,65.0
463633,2026-05-13,23,31,23.4,66,20.6,65.0
463634,2026-05-13,23,32,23.4,66,20.6,65.0
463635,2026-05-13,23,33,23.4,66,20.6,65.0
463636,2026-05-13,23,34,23.4,67,20.6,65.0
463637,2026-05-13,23,35,23.4,67,20.6,65.0
463638,2026-05-13,23,36,23.4,67,20.6,65.0
463639,2026-05-13,23,37,23.4,67,20.6,65.0
463640,2026-05-13,23,38,23.4,67,20.6,65.0
463641,2026-05-13,23,39,23.4,67,20.6,65.0
463642,2026-05-13,23,40,23.4,67,20.6,65.0
463643,2026-05-13,23,41,23.4,67,20.6,65.0
463644,2026-05-13,23,42,23.4,67,20.6,65.0
463645,2026-05-13,23,43,23.4,67,20.6,65.0
463646,2026-05-13,23,44,23.4,67,20.6,65.0
463647,2026-05-13,23,45,23.1,67,20.6,65.0
463648,2026-05-13,23,46,23.1,67,20.5,65.0
463649,2026-05-13,23,47,23.0,67,20.5,65.0
463650,2026-05-13,23,48,23.0,67,20.5,65.0
463651,2026-05-13,23,49,23.0,67,20.5,65.0
463652,2026-05-13,23,50,23.0,67,20.5,65.0
463653,2026-05-13,23,51,23.0,67,20.5,65.0
463654,2026-05-13,23,52,23.0,67,20.5,65.0
463655,2026-05-13,23,53,23.0,67,20.5,65.0
463656,2026-05-13,23,54,23.0,67,20.5,65.0
463657,2026-05-13,23,55,23.0,67,20.4,65.0
463658,2026-05-13,23,56,23.0,67,20.4,65.0
463659,2026-05-13,23,57,23.0,68,20.4,65.0
463660,2026-05-13,23,58,23.0,68,20.4,65.0
463661,2026-05-13,23,59,23.0,68,20.4,65.0
463662,2026-05-14,00,00,23.0,68,20.4,65.0
463663,2026-05-14,00,01,23.0,68,20.4,65.0
463664,2026-05-14,00,02,23.0,68,20.4,65.0
463665,2026-05-14,00,03,23.0,68,20.4,65.0
463666,2026-05-14,00,04,23.0,68,20.4,65.0
463667,2026-05-14,00,05,23.0,68,20.4,65.0
463668,2026-05-14,00,06,23.0,68,20.4,65.0
463669,2026-05-14,00,07,23.0,68,20.4,65.0
463670,2026-05-14,00,08,23.0,68,20.4,65.0
463671,2026-05-14,00,09,23.0,68,20.4,65.0
463672,2026-05-14,00,10,23.0,68,20.4,65.0
463673,2026-05-14,00,11,23.0,68,20.4,65.0
463674,2026-05-14,00,12,23.0,68,20.4,65.0
463675,2026-05-14,00,13,23.0,68,20.3,65.0
463676,2026-05-14,00,14,23.0,68,20.4,65.0
463677,2026-05-14,00,15,23.0,68,20.4,65.0
463678,2026-05-14,00,16,23.0,68,20.3,65.0
463679,2026-05-14,00,17,23.0,68,20.3,65.0
463680,2026-05-14,00,18,23.0,68,20.3,66.0
463681,2026-05-14,00,19,23.0,68,20.3,65.0
463682,2026-05-14,00,20,23.0,68,20.3,66.0
463683,2026-05-14,00,21,23.0,68,20.3,66.0
463684,2026-05-14,00,22,23.0,68,20.3,66.0
463685,2026-05-14,00,23,23.0,68,20.3,65.0
463686,2026-05-14,00,24,23.0,68,20.3,66.0
463687,2026-05-14,00,25,23.0,68,20.3,66.0
463688,2026-05-14,00,26,23.0,68,20.3,66.0
463689,2026-05-14,00,27,23.0,68,20.3,66.0
463690,2026-05-14,00,28,23.0,68,20.3,66.0
463691,2026-05-14,00,29,23.0,68,20.2,66.0
463692,2026-05-14,00,30,23.0,68,20.2,66.0
463693,2026-05-14,00,31,23.0,68,20.2,66.0
463694,2026-05-14,00,32,23.0,68,20.2,66.0
463695,2026-05-14,00,33,23.0,68,20.2,66.0
463696,2026-05-14,00,34,23.0,68,20.2,66.0
463697,2026-05-14,00,35,23.0,68,20.2,66.0
463698,2026-05-14,00,36,23.0,68,20.2,66.0
463699,2026-05-14,00,37,23.0,68,20.2,66.0
463700,2026-05-14,00,38,23.0,68,20.2,66.0
463701,2026-05-14,00,39,23.0,68,20.2,66.0
463702,2026-05-14,00,40,23.0,68,20.2,66.0
463703,2026-05-14,00,41,23.0,68,20.2,66.0
463704,2026-05-14,00,42,23.0,68,20.1,66.0
463705,2026-05-14,00,43,23.0,68,20.2,66.0
463706,2026-05-14,00,44,23.0,68,20.1,66.0
463707,2026-05-14,00,45,23.0,68,20.1,66.0
463708,2026-05-14,00,46,23.0,68,20.1,66.0
463709,2026-05-14,00,47,23.0,68,20.1,66.0
463710,2026-05-14,00,48,23.0,68,20.1,66.0
463711,2026-05-14,00,49,23.0,68,20.1,66.0
463712,2026-05-14,00,50,23.0,68,20.1,66.0
463713,2026-05-14,00,51,23.0,68,20.1,66.0
463714,2026-05-14,00,52,23.0,68,20.1,66.0
463715,2026-05-14,00,53,23.0,68,20.1,66.0
463716,2026-05-14,00,54,23.0,68,20.0,66.0
463717,2026-05-14,00,55,23.0,68,20.0,66.0
463718,2026-05-14,00,56,23.0,68,20.0,66.0
463719,2026-05-14,00,57,23.0,68,20.0,66.0
463720,2026-05-14,00,58,23.0,68,20.0,66.0
463721,2026-05-14,00,59,23.0,68,20.0,66.0
463722,2026-05-14,01,00,23.0,68,20.0,66.0
463723,2026-05-14,01,01,23.0,68,20.0,66.0
463724,2026-05-14,01,02,22.9,68,19.9,66.0
463725,2026-05-14,01,03,22.7,68,19.9,66.0
463726,2026-05-14,01,04,22.7,68,19.9,66.0
463727,2026-05-14,01,05,22.6,68,19.9,66.0
463728,2026-05-14,01,06,22.6,68,19.9,66.0
463729,2026-05-14,01,07,22.6,68,19.9,66.0
463730,2026-05-14,01,08,22.6,68,19.9,66.0
463731,2026-05-14,01,09,22.6,68,19.9,66.0
463732,2026-05-14,01,10,22.6,68,19.8,66.0
463733,2026-05-14,01,11,22.6,68,19.8,66.0
463734,2026-05-14,01,12,22.6,68,19.8,66.0
463735,2026-05-14,01,13,22.6,68,19.8,66.0
463736,2026-05-14,01,14,22.6,68,19.8,66.0
463737,2026-05-14,01,15,22.6,68,19.8,66.0
463738,2026-05-14,01,16,22.6,68,19.8,66.0
463739,2026-05-14,01,17,22.6,68,19.8,66.0
463740,2026-05-14,01,18,22.6,68,19.8,66.0
463741,2026-05-14,01,19,22.6,68,19.8,66.0
463742,2026-05-14,01,20,22.6,68,19.8,66.0
463743,2026-05-14,01,21,22.6,68,19.7,66.0
463744,2026-05-14,01,22,22.6,68,19.7,66.0
463745,2026-05-14,01,23,22.6,68,19.7,66.0
463746,2026-05-14,01,24,22.6,68,19.7,66.0
463747,2026-05-14,01,25,22.6,68,19.7,66.0
463748,2026-05-14,01,26,22.6,68,19.7,66.0
463749,2026-05-14,01,27,22.6,68,19.7,66.0
463750,2026-05-14,01,28,22.6,68,19.7,66.0
463751,2026-05-14,01,29,22.6,68,19.6,66.0
463752,2026-05-14,01,30,22.6,68,19.6,66.0
463753,2026-05-14,01,31,22.6,68,19.6,66.0
463754,2026-05-14,01,32,22.6,68,19.6,66.0
463755,2026-05-14,01,33,22.6,68,19.6,66.0
463756,2026-05-14,01,34,22.6,68,19.6,66.0
463757,2026-05-14,01,35,22.6,68,19.6,66.0
463758,2026-05-14,01,36,22.6,68,19.6,66.0
463759,2026-05-14,01,37,22.6,68,19.6,66.0
463760,2026-05-14,01,38,22.6,68,19.6,66.0
463761,2026-05-14,01,39,22.6,68,19.6,66.0
463762,2026-05-14,01,40,22.6,68,19.6,66.0
463763,2026-05-14,01,41,22.6,68,19.6,66.0
463764,2026-05-14,01,42,22.6,68,19.6,67.0
463765,2026-05-14,01,43,22.6,68,19.6,67.0
463766,2026-05-14,01,44,22.6,68,19.6,67.0
463767,2026-05-14,01,45,22.6,68,19.6,67.0
463768,2026-05-14,01,46,22.6,68,19.6,66.0
463769,2026-05-14,01,47,22.6,68,19.5,67.0
463770,2026-05-14,01,48,22.6,68,19.5,67.0
463771,2026-05-14,01,49,22.6,68,19.5,67.0
463772,2026-05-14,01,50,22.6,68,19.5,67.0
463773,2026-05-14,01,51,22.6,67,19.5,67.0
463774,2026-05-14,01,52,22.6,68,19.5,67.0
463775,2026-05-14,01,53,22.6,68,19.5,67.0
463776,2026-05-14,01,54,22.6,68,19.5,67.0
463777,2026-05-14,01,55,22.6,68,19.5,67.0
463778,2026-05-14,01,56,22.6,68,19.4,67.0
463779,2026-05-14,01,57,22.3,68,19.4,67.0
463780,2026-05-14,01,58,22.3,68,19.4,67.0
463781,2026-05-14,01,59,22.3,68,19.4,67.0
463782,2026-05-14,02,00,22.2,68,19.4,67.0
463783,2026-05-14,02,01,22.2,68,19.4,67.0
463784,2026-05-14,02,02,22.2,68,19.4,67.0
463785,2026-05-14,02,03,22.2,68,19.4,67.0
463786,2026-05-14,02,04,22.2,67,19.4,67.0
463787,2026-05-14,02,05,22.2,68,19.4,67.0
463788,2026-05-14,02,06,22.2,67,19.4,67.0
463789,2026-05-14,02,07,22.2,67,19.4,67.0
463790,2026-05-14,02,08,22.2,67,19.4,67.0
463791,2026-05-14,02,10,22.2,67,19.4,67.0
463792,2026-05-14,02,11,22.2,67,19.4,67.0
463793,2026-05-14,02,12,22.2,67,19.4,67.0
463794,2026-05-14,02,13,22.2,67,19.4,67.0
463795,2026-05-14,02,14,22.2,67,19.4,67.0
463796,2026-05-14,02,15,22.2,67,19.4,67.0
463797,2026-05-14,02,16,22.2,67,19.4,67.0
463798,2026-05-14,02,17,22.2,67,19.4,67.0
463799,2026-05-14,02,18,22.2,67,19.4,67.0
463800,2026-05-14,02,19,22.2,67,19.4,67.0
463801,2026-05-14,02,20,22.2,67,19.3,67.0
463802,2026-05-14,02,21,22.2,67,19.3,67.0
463803,2026-05-14,02,22,22.2,67,19.3,67.0
463804,2026-05-14,02,23,22.2,67,19.3,67.0
463805,2026-05-14,02,24,22.2,67,19.3,67.0
463806,2026-05-14,02,25,22.2,67,19.3,67.0
463807,2026-05-14,02,26,22.2,67,19.3,67.0
463808,2026-05-14,02,27,22.2,68,19.3,67.0
463809,2026-05-14,02,28,22.2,68,19.3,67.0
463810,2026-05-14,02,29,22.2,68,19.3,67.0
463811,2026-05-14,02,30,22.2,68,19.3,67.0
463812,2026-05-14,02,31,22.2,68,19.3,67.0
463813,2026-05-14,02,32,22.2,68,19.3,67.0
463814,2026-05-14,02,33,22.2,68,19.3,67.0
463815,2026-05-14,02,34,22.2,68,19.2,67.0
463816,2026-05-14,02,35,22.2,68,19.2,67.0
463817,2026-05-14,02,36,22.2,68,19.2,67.0
463818,2026-05-14,02,37,22.2,68,19.2,67.0
463819,2026-05-14,02,38,22.2,68,19.2,67.0
463820,2026-05-14,02,39,22.2,68,19.2,67.0
463821,2026-05-14,02,40,22.2,68,19.2,67.0
463822,2026-05-14,02,41,22.2,68,19.2,67.0
463823,2026-05-14,02,42,22.2,68,19.2,67.0
463824,2026-05-14,02,43,22.2,68,19.2,67.0
463825,2026-05-14,02,44,22.2,68,19.2,67.0
463826,2026-05-14,02,45,22.2,68,19.2,67.0
463827,2026-05-14,02,46,22.2,68,19.2,67.0
463828,2026-05-14,02,47,22.2,68,19.2,67.0
463829,2026-05-14,02,48,22.2,68,19.2,67.0
463830,2026-05-14,02,49,22.2,68,19.2,67.0
463831,2026-05-14,02,50,22.2,68,19.2,67.0
463832,2026-05-14,02,51,22.2,68,19.1,67.0
463833,2026-05-14,02,52,22.2,68,19.1,67.0
463834,2026-05-14,02,53,22.2,68,19.2,67.0
463835,2026-05-14,02,54,22.2,68,19.1,67.0
463836,2026-05-14,02,55,22.2,68,19.1,67.0
463837,2026-05-14,02,56,22.2,68,19.1,67.0
463838,2026-05-14,02,57,22.2,68,19.1,67.0
463839,2026-05-14,02,58,22.2,68,19.1,67.0
463840,2026-05-14,03,00,22.2,68,19.1,67.0
463841,2026-05-14,03,01,22.2,68,19.1,67.0
463842,2026-05-14,03,02,22.2,68,19.1,67.0
463843,2026-05-14,03,03,22.2,68,19.1,67.0
463844,2026-05-14,03,04,22.2,68,19.1,67.0
463845,2026-05-14,03,05,22.2,68,19.1,67.0
463846,2026-05-14,03,06,21.9,68,19.1,67.0
463847,2026-05-14,03,07,21.9,68,19.1,67.0
463848,2026-05-14,03,08,21.8,68,19.1,67.0
463849,2026-05-14,03,09,21.8,68,19.1,67.0
463850,2026-05-14,03,10,21.8,68,19.1,67.0
463851,2026-05-14,03,11,21.8,68,19.1,67.0
463852,2026-05-14,03,12,21.8,68,19.1,67.0
463853,2026-05-14,03,13,21.8,68,19.1,67.0
463854,2026-05-14,03,14,21.8,68,19.1,67.0
463855,2026-05-14,03,15,21.8,68,19.1,67.0
463856,2026-05-14,03,16,21.8,68,19.0,67.0
463857,2026-05-14,03,17,21.8,68,19.0,67.0
463858,2026-05-14,03,18,21.8,68,19.0,67.0
463859,2026-05-14,03,19,21.8,68,19.0,67.0
463860,2026-05-14,03,20,21.8,68,19.0,67.0
463861,2026-05-14,03,21,21.8,68,19.0,67.0
463862,2026-05-14,03,22,21.8,68,19.0,67.0
463863,2026-05-14,03,23,21.8,68,19.0,67.0
463864,2026-05-14,03,24,21.8,68,19.0,67.0
463865,2026-05-14,03,25,21.8,68,19.0,67.0
463866,2026-05-14,03,26,21.8,68,18.9,67.0
463867,2026-05-14,03,27,21.8,68,18.9,67.0
463868,2026-05-14,03,28,21.8,68,18.9,67.0
463869,2026-05-14,03,29,21.8,68,18.9,67.0
463870,2026-05-14,03,30,21.8,68,18.9,67.0
463871,2026-05-14,03,31,21.8,68,18.9,67.0
463872,2026-05-14,03,32,21.8,68,18.9,67.0
463873,2026-05-14,03,33,21.8,68,18.9,67.0
463874,2026-05-14,03,34,21.8,68,18.9,67.0
463875,2026-05-14,03,35,21.8,68,18.9,67.0
463876,2026-05-14,03,36,21.8,68,18.8,67.0
463877,2026-05-14,03,37,21.8,68,18.9,67.0
463878,2026-05-14,03,38,21.8,68,18.9,67.0
463879,2026-05-14,03,39,21.8,68,18.9,67.0
463880,2026-05-14,03,40,21.8,68,18.9,67.0
463881,2026-05-14,03,41,21.8,68,18.8,67.0
463882,2026-05-14,03,42,21.8,68,18.9,67.0
463883,2026-05-14,03,43,21.8,68,18.9,67.0
463884,2026-05-14,03,44,21.8,67,18.9,67.0
463885,2026-05-14,03,45,21.8,67,18.8,67.0
463886,2026-05-14,03,46,21.8,67,18.8,67.0
463887,2026-05-14,03,47,21.8,67,18.8,67.0
463888,2026-05-14,03,48,21.8,67,18.8,67.0
463889,2026-05-14,03,49,21.8,67,18.8,67.0
463890,2026-05-14,03,50,21.8,67,18.8,67.0
463891,2026-05-14,03,51,21.8,67,18.8,67.0
463892,2026-05-14,03,52,21.8,67,18.8,67.0
463893,2026-05-14,03,53,21.8,67,18.8,67.0
463894,2026-05-14,03,54,21.8,67,18.8,67.0
463895,2026-05-14,03,55,21.8,67,18.8,67.0
463896,2026-05-14,03,56,21.8,67,18.8,67.0
463897,2026-05-14,03,57,21.8,67,18.8,67.0
463898,2026-05-14,03,58,21.8,67,18.8,67.0
463899,2026-05-14,03,59,21.8,67,18.8,67.0
463900,2026-05-14,04,00,21.8,67,18.8,67.0
463901,2026-05-14,04,01,21.8,67,18.8,67.0
463902,2026-05-14,04,02,21.8,67,18.8,67.0
463903,2026-05-14,04,03,21.8,67,18.7,67.0
463904,2026-05-14,04,04,21.8,67,18.7,67.0
463905,2026-05-14,04,05,21.8,67,18.7,67.0
463906,2026-05-14,04,06,21.8,67,18.7,67.0
463907,2026-05-14,04,07,21.8,67,18.7,67.0
463908,2026-05-14,04,08,21.8,67,18.7,67.0
463909,2026-05-14,04,09,21.7,67,18.7,67.0
463910,2026-05-14,04,10,21.5,67,18.7,67.0
463911,2026-05-14,04,11,21.5,67,18.7,67.0
463912,2026-05-14,04,12,21.5,67,18.7,67.0
463913,2026-05-14,04,13,21.4,67,18.7,67.0
463914,2026-05-14,04,14,21.5,67,18.7,67.0
463915,2026-05-14,04,15,21.4,67,18.7,67.0
463916,2026-05-14,04,16,21.4,67,18.7,67.0
463917,2026-05-14,04,17,21.4,67,18.7,67.0
463918,2026-05-14,04,18,21.4,67,18.7,67.0
463919,2026-05-14,04,19,21.4,67,18.7,67.0
463920,2026-05-14,04,20,21.4,67,18.6,67.0
463921,2026-05-14,04,21,21.4,67,18.7,67.0
463922,2026-05-14,04,40,21.4,67,18.6,67.0
463923,2026-05-14,04,41,21.4,67,18.6,67.0
463924,2026-05-14,04,42,21.4,67,18.6,67.0
463925,2026-05-14,04,43,21.4,67,18.6,67.0
463926,2026-05-14,04,44,21.4,67,18.5,67.0
463927,2026-05-14,04,45,21.4,67,18.5,67.0
463928,2026-05-14,04,46,21.4,67,18.5,67.0
463929,2026-05-14,04,47,21.4,67,18.5,67.0
463930,2026-05-14,04,48,21.4,67,18.5,67.0
463931,2026-05-14,04,49,21.4,67,18.5,67.0
463932,2026-05-14,04,50,21.4,67,18.5,67.0
463933,2026-05-14,05,12,21.4,67,18.4,67.0
463934,2026-05-14,05,13,21.4,67,18.4,67.0
463935,2026-05-14,05,14,21.4,67,18.4,67.0
463936,2026-05-14,05,15,21.4,67,18.4,67.0
463937,2026-05-14,05,16,21.4,67,18.4,67.0
463938,2026-05-14,05,17,21.4,67,18.4,67.0
463939,2026-05-14,05,18,21.4,67,18.4,67.0
463940,2026-05-14,05,19,21.4,67,18.4,67.0
463941,2026-05-14,05,20,21.4,67,18.4,67.0
463942,2026-05-14,05,21,21.4,67,18.4,67.0
463943,2026-05-14,05,22,21.4,67,18.4,67.0
463944,2026-05-14,05,23,21.4,67,18.4,67.0
463945,2026-05-14,05,34,21.1,67,18.3,67.0
463946,2026-05-14,05,35,21.1,67,18.3,67.0
463947,2026-05-14,05,37,21.0,67,18.3,67.0
463948,2026-05-14,05,49,21.0,67,18.2,67.0
463949,2026-05-14,06,07,21.0,68,18.2,67.0
463950,2026-05-14,06,08,21.0,68,18.2,67.0
463951,2026-05-14,06,09,21.0,68,18.2,67.0
463952,2026-05-14,06,10,21.0,67,18.2,67.0
463953,2026-05-14,06,11,21.0,67,18.2,67.0
463954,2026-05-14,06,12,21.0,67,18.2,67.0
463955,2026-05-14,06,13,21.0,67,18.2,67.0
463956,2026-05-14,06,14,21.0,67,18.2,67.0
463957,2026-05-14,06,15,21.0,67,18.2,67.0
463958,2026-05-14,06,16,21.0,67,18.2,67.0
463959,2026-05-14,06,17,21.0,67,18.2,67.0
463960,2026-05-14,06,18,21.0,67,18.2,67.0
463961,2026-05-14,06,19,21.0,67,18.2,67.0
463962,2026-05-14,06,20,21.0,67,18.2,67.0
463963,2026-05-14,06,21,21.0,67,18.2,67.0
463964,2026-05-14,06,22,21.0,67,18.2,67.0
463965,2026-05-14,06,23,21.0,67,18.3,67.0
463966,2026-05-14,06,24,21.0,67,18.2,67.0
463967,2026-05-14,06,25,21.0,67,18.3,67.0
463968,2026-05-14,06,26,21.0,67,18.3,67.0
463969,2026-05-14,06,27,21.0,67,18.3,67.0
463970,2026-05-14,06,28,21.0,67,18.3,67.0
463971,2026-05-14,06,35,21.0,67,18.4,66.0
463972,2026-05-14,06,36,21.0,67,18.4,66.0
463973,2026-05-14,06,38,21.0,67,18.5,66.0
463974,2026-05-14,06,39,21.0,67,18.5,66.0
463975,2026-05-14,06,40,21.0,67,18.5,66.0
463976,2026-05-14,06,44,21.0,67,18.6,66.0
463977,2026-05-14,06,45,21.0,67,18.6,66.0
463978,2026-05-14,06,46,21.0,67,18.6,66.0
463979,2026-05-14,06,47,21.0,67,18.7,65.0
463980,2026-05-14,06,48,21.0,67,18.7,65.0
463981,2026-05-14,06,49,21.0,67,18.7,65.0
463982,2026-05-14,06,50,21.0,67,18.7,65.0
463983,2026-05-14,06,51,21.0,67,18.8,65.0
463984,2026-05-14,06,54,21.0,67,18.9,65.0
463985,2026-05-14,06,55,21.0,67,18.9,65.0
463986,2026-05-14,06,56,21.0,67,18.9,65.0
463987,2026-05-14,06,57,21.0,67,19.0,65.0
463988,2026-05-14,06,58,21.0,67,19.0,65.0
463989,2026-05-14,07,03,21.0,67,19.2,64.0
463990,2026-05-14,07,06,21.0,67,19.2,64.0
463991,2026-05-14,07,07,21.0,66,19.3,64.0
463992,2026-05-14,07,08,21.0,66,19.3,64.0
463993,2026-05-14,07,09,21.0,66,19.3,64.0
463994,2026-05-14,07,12,21.0,66,19.3,64.0
463995,2026-05-14,07,13,21.0,66,19.4,64.0
463996,2026-05-14,07,15,21.0,66,19.4,64.0
463997,2026-05-14,07,16,21.0,66,19.4,63.0
463998,2026-05-14,07,17,21.0,66,19.4,63.0
463999,2026-05-14,07,18,21.0,66,19.4,63.0
464000,2026-05-14,07,19,21.0,66,19.4,63.0
464001,2026-05-14,07,21,21.0,66,19.4,63.0
464002,2026-05-14,07,22,21.0,66,19.4,63.0
464003,2026-05-14,07,57,21.1,69,20.5,62.0
464004,2026-05-14,07,58,21.2,69,20.5,62.0
464005,2026-05-14,07,59,21.4,69,20.6,62.0
464006,2026-05-14,08,00,21.4,69,20.6,62.0
464007,2026-05-14,08,01,21.4,69,20.7,62.0
464008,2026-05-14,08,02,21.4,69,20.8,62.0
464009,2026-05-14,08,03,21.4,69,20.9,62.0
464010,2026-05-14,08,04,21.4,69,20.9,62.0
464011,2026-05-14,08,05,21.4,69,21.0,61.0
464012,2026-05-14,08,06,21.4,69,21.1,61.0
464013,2026-05-14,08,07,21.4,69,21.2,61.0
464014,2026-05-14,08,08,21.4,69,21.3,61.0
464015,2026-05-14,08,10,21.4,69,21.5,60.0
464016,2026-05-14,08,16,21.4,69,22.3,58.0
464017,2026-05-14,08,18,21.4,69,22.5,57.0
464018,2026-05-14,08,20,21.4,69,22.6,56.0
464019,2026-05-14,08,20,21.4,69,22.6,56.0
464020,2026-05-14,08,22,21.4,69,22.7,56.0
464021,2026-05-14,08,26,21.8,69,23.2,56.0
464022,2026-05-14,09,30,22.6,66,35.5,34.0
464023,2026-05-14,10,08,23.0,65,29.1,43.0
464024,2026-05-14,10,09,23.0,65,28.9,43.0
464025,2026-05-14,10,16,23.0,65,28.2,44.0
464026,2026-05-14,10,21,23.0,66,27.9,45.0
464027,2026-05-14,10,22,23.0,66,27.8,46.0
464028,2026-05-14,10,23,23.0,66,27.7,46.0
464029,2026-05-14,10,24,23.0,65,27.6,46.0
464030,2026-05-14,10,26,23.1,65,27.4,46.0
464031,2026-05-14,10,28,23.4,65,27.4,46.0
464032,2026-05-14,10,30,23.4,65,27.3,46.0
464033,2026-05-14,10,31,23.4,64,27.2,47.0
464034,2026-05-14,10,32,23.4,64,27.2,47.0
464035,2026-05-14,10,35,23.4,65,27.1,47.0
464036,2026-05-14,10,54,23.4,65,26.7,48.0
464037,2026-05-14,10,54,23.4,65,26.7,48.0
464038,2026-05-14,11,04,23.4,64,26.7,47.0
464039,2026-05-14,11,05,23.4,64,26.7,47.0
464040,2026-05-14,11,06,23.4,64,26.7,47.0
464041,2026-05-14,11,07,23.4,65,26.7,47.0
464042,2026-05-14,11,08,23.4,65,26.7,48.0
464043,2026-05-14,11,09,23.4,64,26.8,48.0
464044,2026-05-14,11,10,23.4,64,26.8,47.0
464045,2026-05-14,11,11,23.4,64,26.8,47.0
464046,2026-05-14,11,12,23.4,64,26.9,48.0
464047,2026-05-14,11,13,23.4,64,26.9,48.0
464048,2026-05-14,11,14,23.4,64,26.8,48.0
464049,2026-05-14,11,15,23.4,64,26.8,48.0
464050,2026-05-14,11,16,23.4,64,26.8,48.0
464051,2026-05-14,11,17,23.4,64,26.8,47.0
464052,2026-05-14,11,18,23.8,64,26.9,48.0
464053,2026-05-14,11,19,23.8,64,26.9,48.0
464054,2026-05-14,11,20,23.8,64,27.0,48.0
464055,2026-05-14,11,21,23.8,64,27.1,47.0
464056,2026-05-14,11,22,23.8,64,27.2,47.0
464057,2026-05-14,11,23,23.8,64,27.3,47.0
464058,2026-05-14,11,24,23.8,64,27.3,47.0
464059,2026-05-14,11,25,23.8,64,27.3,47.0
464060,2026-05-14,11,26,23.8,64,27.3,47.0
464061,2026-05-14,11,27,23.8,64,27.3,47.0
464062,2026-05-14,11,28,23.8,64,27.3,47.0
464063,2026-05-14,11,29,23.8,64,27.2,47.0
464064,2026-05-14,11,30,23.8,64,27.2,47.0
464065,2026-05-14,11,31,23.8,64,27.3,47.0
464066,2026-05-14,11,32,23.8,64,27.3,47.0
464067,2026-05-14,11,33,23.8,64,27.3,47.0
464068,2026-05-14,11,34,23.8,64,27.3,47.0
464069,2026-05-14,11,35,23.8,64,27.3,47.0
464070,2026-05-14,11,36,23.8,64,27.4,47.0
464071,2026-05-14,11,37,23.8,64,27.3,47.0
464072,2026-05-14,11,38,23.8,64,27.2,47.0
464073,2026-05-14,11,39,23.8,63,27.1,48.0
464074,2026-05-14,11,40,23.8,63,27.1,48.0
464075,2026-05-14,11,41,23.8,64,27.0,48.0
464076,2026-05-14,11,42,23.8,64,27.0,48.0
464077,2026-05-14,11,43,23.8,63,27.0,48.0
464078,2026-05-14,11,44,23.8,63,26.9,48.0
464079,2026-05-14,11,45,23.8,63,27.0,48.0
464080,2026-05-14,11,46,24.1,63,27.0,48.0
464081,2026-05-14,11,47,24.1,63,27.0,48.0
464082,2026-05-14,11,48,24.1,63,27.0,48.0
464083,2026-05-14,11,49,24.1,63,27.1,48.0
464084,2026-05-14,11,50,24.1,63,27.1,48.0
464085,2026-05-14,11,51,24.1,63,27.1,48.0
464086,2026-05-14,11,52,24.1,63,27.1,48.0
464087,2026-05-14,11,53,24.1,63,27.2,48.0
464088,2026-05-14,11,54,24.1,63,27.1,48.0
464089,2026-05-14,11,56,24.1,63,27.2,47.0
464090,2026-05-14,11,57,24.1,63,27.2,47.0
464091,2026-05-14,12,00,24.1,63,27.1,47.0
464092,2026-05-14,12,01,24.1,63,27.1,48.0
464093,2026-05-14,12,02,24.1,63,27.1,47.0
464094,2026-05-14,12,03,24.1,63,27.1,47.0
464095,2026-05-14,12,04,24.1,63,27.2,47.0
464096,2026-05-14,12,05,24.2,63,27.3,47.0
464097,2026-05-14,12,06,24.5,63,27.3,47.0
464098,2026-05-14,12,07,24.5,63,27.4,47.0
464099,2026-05-14,12,08,24.5,64,27.5,46.0
464100,2026-05-14,12,09,24.5,64,27.6,46.0
464101,2026-05-14,12,10,24.5,64,27.7,46.0
464102,2026-05-14,12,11,24.5,64,27.8,46.0
464103,2026-05-14,12,12,24.5,65,27.9,47.0
464104,2026-05-14,12,13,24.5,65,27.9,47.0
464105,2026-05-14,12,14,24.5,66,28.0,47.0
464106,2026-05-14,12,15,24.5,66,28.0,47.0
464107,2026-05-14,12,16,24.5,66,27.9,46.0
464108,2026-05-14,12,17,24.5,66,27.9,47.0
464109,2026-05-14,12,18,24.5,67,27.9,47.0
464110,2026-05-14,12,19,24.5,68,27.9,47.0
464111,2026-05-14,12,20,24.5,68,27.9,47.0
464112,2026-05-14,12,21,24.5,68,28.0,47.0
464113,2026-05-14,12,22,24.5,69,28.0,47.0
464114,2026-05-14,12,23,24.8,69,28.1,47.0
464115,2026-05-14,12,24,24.8,69,28.2,47.0
464116,2026-05-14,12,25,24.8,69,28.4,47.0
464117,2026-05-14,12,26,24.8,69,28.6,47.0
464118,2026-05-14,12,27,24.8,69,28.6,47.0
464119,2026-05-14,12,28,24.8,69,28.6,47.0
464120,2026-05-14,12,29,24.8,69,28.6,47.0
464121,2026-05-14,12,30,24.8,69,28.6,47.0
464122,2026-05-14,12,31,24.8,69,28.5,47.0
464123,2026-05-14,12,32,24.8,69,28.5,48.0
464124,2026-05-14,12,33,24.8,69,28.5,47.0
464125,2026-05-14,12,36,24.8,70,28.5,46.0
464126,2026-05-14,12,37,24.8,70,28.5,46.0
464127,2026-05-14,12,38,24.8,70,28.6,46.0
464128,2026-05-14,12,39,24.8,70,28.6,46.0
464129,2026-05-14,12,40,24.8,70,28.6,47.0
464130,2026-05-14,12,41,24.8,70,28.7,47.0
464131,2026-05-14,12,42,24.8,70,28.6,48.0
464132,2026-05-14,12,43,24.8,70,28.6,48.0
464133,2026-05-14,12,44,24.8,70,28.6,48.0
464134,2026-05-14,12,45,24.8,70,28.6,48.0
464135,2026-05-14,12,46,24.8,70,28.6,48.0
464136,2026-05-14,12,47,24.8,70,28.6,48.0
464137,2026-05-14,12,48,24.8,70,28.6,48.0
464138,2026-05-14,12,49,24.9,70,28.6,47.0
464139,2026-05-14,12,50,24.8,70,28.6,47.0
464140,2026-05-14,12,51,24.8,71,28.6,47.0
464141,2026-05-14,12,52,24.8,71,28.7,46.0
464142,2026-05-14,12,55,25.2,71,28.6,46.0
464143,2026-05-14,12,56,25.3,71,28.6,46.0
464144,2026-05-14,12,57,25.3,71,28.6,46.0
464145,2026-05-14,13,20,25.3,71,28.9,48.0
464146,2026-05-14,13,35,25.3,70,28.9,49.0
464147,2026-05-14,13,38,25.3,69,28.7,49.0
464148,2026-05-14,14,06,25.3,68,26.9,50.0
464149,2026-05-14,14,07,25.3,68,26.9,50.0
464150,2026-05-14,14,08,25.3,68,26.9,49.0
464151,2026-05-14,14,09,25.3,68,26.9,49.0
464152,2026-05-14,14,10,25.3,68,26.9,49.0
464153,2026-05-14,14,11,25.3,68,26.8,49.0
464154,2026-05-14,14,12,25.3,67,26.8,49.0
464155,2026-05-14,14,13,25.3,67,26.8,49.0
464156,2026-05-14,14,14,25.3,68,26.8,49.0
464157,2026-05-14,14,15,24.9,67,26.8,49.0
464158,2026-05-14,14,16,24.9,67,26.7,49.0
464159,2026-05-14,14,17,24.9,67,26.6,49.0
464160,2026-05-14,14,18,24.8,67,26.6,49.0
464161,2026-05-14,14,19,24.8,67,26.6,50.0
464162,2026-05-14,14,20,24.8,67,26.5,50.0
464163,2026-05-14,14,21,24.8,67,26.5,50.0
464164,2026-05-14,14,22,24.8,67,26.4,50.0
464165,2026-05-14,14,23,24.8,67,26.4,50.0
464166,2026-05-14,14,24,24.8,67,26.3,50.0
464167,2026-05-14,14,25,24.8,67,26.3,51.0
464168,2026-05-14,14,26,24.8,66,26.3,51.0
464169,2026-05-14,14,27,24.8,66,26.2,51.0
464170,2026-05-14,14,28,24.8,66,26.2,51.0
464171,2026-05-14,14,29,24.8,66,26.2,51.0
464172,2026-05-14,14,30,24.8,66,26.2,51.0
464173,2026-05-14,14,31,24.8,66,26.1,52.0
464174,2026-05-14,14,32,24.8,66,26.1,52.0
464175,2026-05-14,14,33,24.8,66,26.1,52.0
464176,2026-05-14,14,34,24.8,66,26.1,52.0
464177,2026-05-14,14,35,24.8,66,26.0,52.0
464178,2026-05-14,14,36,24.8,65,26.0,52.0
464179,2026-05-14,14,37,24.8,65,26.0,52.0
464180,2026-05-14,14,38,24.8,65,26.0,52.0
464181,2026-05-14,14,39,24.8,65,26.0,52.0
464182,2026-05-14,14,40,24.8,65,26.0,52.0
464183,2026-05-14,14,41,24.8,65,26.0,52.0
464184,2026-05-14,14,42,24.8,65,26.0,52.0
464185,2026-05-14,14,43,24.8,65,26.0,52.0
464186,2026-05-14,14,44,24.8,65,26.0,52.0
464187,2026-05-14,14,45,24.8,65,26.0,51.0
464188,2026-05-14,14,46,24.8,65,26.0,51.0
464189,2026-05-14,14,47,24.8,65,26.0,52.0
464190,2026-05-14,14,48,24.8,65,26.0,52.0
464191,2026-05-14,14,49,24.8,65,26.0,52.0
464192,2026-05-14,14,50,24.8,65,26.1,51.0
464193,2026-05-14,14,51,24.8,65,26.1,51.0
464194,2026-05-14,14,52,24.8,65,26.1,51.0
464195,2026-05-14,14,53,24.8,65,26.2,51.0
464196,2026-05-14,14,54,24.8,65,26.2,51.0
464197,2026-05-14,14,55,24.8,65,26.2,51.0
464198,2026-05-14,14,56,24.8,65,26.3,51.0
464199,2026-05-14,14,57,24.8,64,26.3,51.0
464200,2026-05-14,14,58,24.8,64,26.3,51.0
464201,2026-05-14,14,59,24.8,64,26.4,51.0
464202,2026-05-14,15,00,24.8,65,26.3,51.0
464203,2026-05-14,15,01,24.8,64,26.4,51.0
464204,2026-05-14,15,02,24.8,64,26.4,51.0
464205,2026-05-14,15,03,24.8,64,26.4,51.0
464206,2026-05-14,15,04,24.8,64,26.4,51.0
464207,2026-05-14,15,05,24.8,65,26.4,51.0
464208,2026-05-14,15,06,24.8,65,26.4,51.0
464209,2026-05-14,15,07,24.8,65,26.5,51.0
464210,2026-05-14,15,08,24.8,64,26.5,51.0
464211,2026-05-14,15,09,24.8,64,26.6,51.0
464212,2026-05-14,15,10,24.8,64,26.6,51.0
464213,2026-05-14,15,11,24.8,64,26.6,51.0
464214,2026-05-14,15,12,24.9,64,26.7,51.0
464215,2026-05-14,15,13,24.9,64,26.7,50.0
464216,2026-05-14,15,14,25.0,64,26.8,50.0
464217,2026-05-14,15,15,25.1,64,26.8,50.0
464218,2026-05-14,15,16,25.0,64,26.9,50.0
464219,2026-05-14,15,17,25.1,64,26.9,50.0
464220,2026-05-14,15,18,25.3,64,27.0,50.0
464221,2026-05-14,15,19,25.3,64,27.1,50.0
464222,2026-05-14,15,20,25.3,64,27.1,50.0
464223,2026-05-14,15,21,25.3,64,27.2,49.0
464224,2026-05-14,15,22,25.3,64,27.2,49.0
464225,2026-05-14,15,23,25.3,64,27.2,49.0
464226,2026-05-14,15,24,25.3,64,27.3,49.0
464227,2026-05-14,15,25,25.3,64,27.3,49.0
464228,2026-05-14,15,26,25.3,64,27.3,49.0
464229,2026-05-14,15,28,25.3,64,27.4,49.0
464230,2026-05-14,15,29,25.3,64,27.5,49.0
464231,2026-05-14,15,30,25.3,64,27.5,49.0
464232,2026-05-14,15,31,25.3,64,27.5,49.0
464233,2026-05-14,15,32,25.3,64,27.5,49.0
464234,2026-05-14,15,33,25.3,64,27.6,49.0
464235,2026-05-14,15,34,25.3,64,27.6,49.0
464236,2026-05-14,15,35,25.3,64,27.6,49.0
464237,2026-05-14,15,36,25.3,64,27.6,49.0
464238,2026-05-14,15,37,25.3,64,27.7,48.0
464239,2026-05-14,15,38,25.3,64,27.7,49.0
464240,2026-05-14,15,39,25.3,64,27.6,49.0
464241,2026-05-14,15,40,25.3,64,27.6,49.0
464242,2026-05-14,15,41,25.3,64,27.6,49.0
464243,2026-05-14,15,42,25.3,64,27.6,49.0
464244,2026-05-14,15,43,25.3,64,27.6,49.0
464245,2026-05-14,15,44,25.3,64,27.6,49.0
464246,2026-05-14,15,45,25.3,64,27.6,50.0
464247,2026-05-14,15,46,25.3,64,27.6,50.0
464248,2026-05-14,15,47,25.3,64,27.7,50.0
464249,2026-05-14,15,48,25.3,64,27.7,49.0
464250,2026-05-14,15,49,25.3,64,27.8,49.0
464251,2026-05-14,15,50,25.3,64,27.9,49.0
464252,2026-05-14,15,51,25.3,64,28.0,49.0
464253,2026-05-14,15,52,25.5,64,28.1,49.0
464254,2026-05-14,15,53,25.8,64,28.2,49.0
464255,2026-05-14,15,54,25.8,64,28.2,49.0
464256,2026-05-14,15,55,25.8,64,28.3,49.0
464257,2026-05-14,15,56,25.8,64,28.3,49.0
464258,2026-05-14,15,57,25.8,64,28.4,48.0
464259,2026-05-14,15,58,25.8,64,28.4,48.0
464260,2026-05-14,15,59,25.8,64,28.4,48.0
464261,2026-05-14,16,00,25.8,64,28.4,48.0
464262,2026-05-14,16,01,25.8,64,28.5,48.0
464263,2026-05-14,16,02,25.8,64,28.5,48.0
464264,2026-05-14,16,03,25.8,64,28.5,48.0
464265,2026-05-14,16,04,25.8,64,28.5,48.0
464266,2026-05-14,16,05,25.8,64,28.6,48.0
464267,2026-05-14,16,06,25.8,64,28.6,48.0
464268,2026-05-14,16,07,25.8,64,28.6,48.0
464269,2026-05-14,16,08,25.8,64,28.6,48.0
464270,2026-05-14,16,09,25.8,63,28.6,48.0
464271,2026-05-14,16,10,25.8,63,28.6,48.0
464272,2026-05-14,16,11,25.8,63,28.6,48.0
464273,2026-05-14,16,12,25.8,63,28.6,48.0
464274,2026-05-14,16,13,25.8,63,28.6,48.0
464275,2026-05-14,16,14,25.8,63,28.6,48.0
464276,2026-05-14,16,15,25.8,63,28.5,48.0
464277,2026-05-14,16,16,25.8,63,28.4,49.0
464278,2026-05-14,16,17,25.8,63,28.2,49.0
464279,2026-05-14,16,18,25.8,63,28.1,49.0
464280,2026-05-14,16,19,25.8,63,28.1,49.0
464281,2026-05-14,16,20,25.8,63,28.2,49.0
464282,2026-05-14,16,21,25.8,63,28.2,49.0
464283,2026-05-14,16,22,25.8,62,28.3,49.0
464284,2026-05-14,16,23,25.8,63,28.3,49.0
464285,2026-05-14,16,24,25.8,63,28.3,49.0
464286,2026-05-14,16,25,25.8,63,28.3,49.0
464287,2026-05-14,16,26,25.8,63,28.2,49.0
464288,2026-05-14,16,27,25.8,63,28.1,49.0
464289,2026-05-14,16,28,25.8,63,28.0,49.0
464290,2026-05-14,16,29,25.8,63,27.8,49.0
464291,2026-05-14,16,30,25.8,63,27.7,50.0
464292,2026-05-14,16,31,25.8,63,27.6,50.0
464293,2026-05-14,16,32,25.8,62,27.5,50.0
464294,2026-05-14,16,33,25.8,63,27.4,50.0
464295,2026-05-14,16,34,25.8,63,27.3,49.0
464296,2026-05-14,16,35,25.8,63,27.3,50.0
464297,2026-05-14,16,36,25.8,63,27.2,50.0
464298,2026-05-14,16,37,25.8,63,27.1,51.0
464299,2026-05-14,16,38,25.8,63,27.1,51.0
464300,2026-05-14,16,39,25.8,63,27.0,51.0
464301,2026-05-14,16,40,25.8,63,27.0,51.0
464302,2026-05-14,16,41,25.8,63,27.0,51.0
464303,2026-05-14,16,42,25.8,63,26.9,51.0
464304,2026-05-14,16,43,25.8,63,26.9,51.0
464305,2026-05-14,16,44,25.8,63,26.8,50.0
464306,2026-05-14,16,45,25.8,63,26.8,50.0
464307,2026-05-14,16,46,25.8,63,26.8,51.0
464308,2026-05-14,16,47,25.8,63,26.8,50.0
464309,2026-05-14,16,48,25.8,63,26.7,49.0
464310,2026-05-14,16,49,25.8,63,26.7,50.0
464311,2026-05-14,16,50,25.8,63,26.7,50.0
464312,2026-05-14,16,51,25.8,63,26.6,51.0
464313,2026-05-14,16,52,25.8,63,26.6,51.0
464314,2026-05-14,16,53,25.8,63,26.6,51.0
464315,2026-05-14,16,54,25.8,63,26.6,51.0
464316,2026-05-14,16,55,25.8,63,26.5,51.0
464317,2026-05-14,16,56,25.8,63,26.5,51.0
464318,2026-05-14,16,57,25.8,63,26.5,51.0
464319,2026-05-14,16,58,25.8,63,26.5,50.0
464320,2026-05-14,16,59,25.8,63,26.5,51.0
464321,2026-05-14,17,00,25.8,63,26.5,51.0
464322,2026-05-14,17,01,25.8,63,26.5,51.0
464323,2026-05-14,17,02,25.8,63,26.5,51.0
464324,2026-05-14,17,03,25.8,63,26.5,51.0
464325,2026-05-14,17,04,25.8,63,26.4,51.0
464326,2026-05-14,17,05,25.8,63,26.4,51.0
464327,2026-05-14,17,06,25.8,63,26.4,51.0
464328,2026-05-14,17,07,25.8,62,26.4,51.0
464329,2026-05-14,17,08,25.8,62,26.4,51.0
464330,2026-05-14,17,09,25.8,62,26.4,51.0
464331,2026-05-14,17,10,25.8,62,26.4,51.0
464332,2026-05-14,17,11,25.8,62,26.4,51.0
464333,2026-05-14,17,12,25.8,62,26.4,51.0
464334,2026-05-14,17,13,25.8,62,26.4,51.0
464335,2026-05-14,17,14,25.8,62,26.3,51.0
464336,2026-05-14,17,15,25.8,62,26.3,50.0
464337,2026-05-14,17,16,25.8,62,26.3,51.0
464338,2026-05-14,17,17,25.8,62,26.3,51.0
464339,2026-05-14,17,18,25.8,62,26.3,51.0
464340,2026-05-14,17,19,25.8,62,26.3,51.0
464341,2026-05-14,17,20,25.8,62,26.3,51.0
464342,2026-05-14,17,21,25.8,62,26.2,51.0
464343,2026-05-14,17,22,25.8,62,26.2,51.0
464344,2026-05-14,17,23,25.8,62,26.2,51.0
464345,2026-05-14,17,24,25.8,62,26.2,51.0
464346,2026-05-14,17,25,25.8,62,26.1,51.0
464347,2026-05-14,17,26,25.8,62,26.1,50.0
464348,2026-05-14,17,27,25.8,62,26.1,51.0
464349,2026-05-14,17,28,25.8,62,26.1,51.0
464350,2026-05-14,17,29,25.8,62,26.0,51.0
464351,2026-05-14,17,30,25.8,62,26.0,51.0
464352,2026-05-14,17,31,25.8,62,26.0,52.0
464353,2026-05-14,17,32,25.8,62,25.9,51.0
464354,2026-05-14,17,33,25.8,62,25.9,52.0
464355,2026-05-14,17,34,25.8,62,25.9,52.0
464356,2026-05-14,17,35,25.8,62,25.8,52.0
464357,2026-05-14,17,36,25.8,62,25.8,52.0
464358,2026-05-14,17,37,25.8,62,25.7,52.0
464359,2026-05-14,17,38,25.8,62,25.7,52.0
464360,2026-05-14,17,39,25.8,62,25.7,52.0
464361,2026-05-14,17,40,25.8,62,25.6,52.0
464362,2026-05-14,17,41,25.8,62,25.6,52.0
464363,2026-05-14,17,42,25.8,62,25.6,52.0
464364,2026-05-14,17,43,25.8,62,25.6,52.0
464365,2026-05-14,17,44,25.8,62,25.6,52.0
464366,2026-05-14,17,45,25.8,62,25.5,52.0
464367,2026-05-14,17,46,25.8,62,25.5,51.0
464368,2026-05-14,17,47,25.8,62,25.4,52.0
464369,2026-05-14,17,48,25.8,62,25.4,51.0
464370,2026-05-14,17,49,25.8,62,25.3,52.0
464371,2026-05-14,17,50,25.8,62,25.2,51.0
464372,2026-05-14,17,51,25.8,63,25.2,52.0
464373,2026-05-14,17,52,25.8,63,25.2,51.0
464374,2026-05-14,17,53,25.8,63,25.1,52.0
464375,2026-05-14,17,54,25.8,63,25.1,52.0
464376,2026-05-14,17,55,25.8,63,25.1,52.0
464377,2026-05-14,17,56,25.8,63,25.0,52.0
464378,2026-05-14,17,57,25.7,63,25.0,52.0
464379,2026-05-14,17,58,25.3,63,25.0,52.0
464380,2026-05-14,17,59,25.3,63,24.9,52.0
464381,2026-05-14,18,00,25.3,63,24.9,52.0
464382,2026-05-14,18,01,25.3,63,24.9,53.0
464383,2026-05-14,18,02,25.3,63,24.8,52.0
464384,2026-05-14,18,03,25.3,63,24.7,52.0
464385,2026-05-14,18,04,25.3,63,24.7,52.0
464386,2026-05-14,18,05,25.3,63,24.6,53.0
464387,2026-05-14,18,06,25.3,63,24.6,53.0
464388,2026-05-14,18,07,25.3,63,24.5,53.0
464389,2026-05-14,18,08,25.3,63,24.5,53.0
464390,2026-05-14,18,09,25.3,63,24.5,53.0
464391,2026-05-14,18,10,25.3,63,24.4,54.0
464392,2026-05-14,18,11,25.3,64,24.4,53.0
464393,2026-05-14,18,12,25.3,63,24.4,54.0
464394,2026-05-14,18,13,25.3,63,24.3,53.0
464395,2026-05-14,18,14,25.3,64,24.3,53.0
464396,2026-05-14,18,15,25.3,64,24.3,53.0
464397,2026-05-14,18,16,25.3,64,24.2,54.0
464398,2026-05-14,18,17,25.3,64,24.2,54.0
464399,2026-05-14,18,18,25.3,64,24.2,54.0
464400,2026-05-14,18,19,25.3,64,24.1,54.0
464401,2026-05-14,18,20,25.3,64,24.1,54.0
464402,2026-05-14,18,21,25.3,64,24.1,54.0
464403,2026-05-14,18,22,25.3,64,24.1,54.0
464404,2026-05-14,18,23,25.3,63,24.1,54.0
464405,2026-05-14,18,24,25.3,63,24.0,54.0
464406,2026-05-14,18,25,25.3,63,24.0,54.0
464407,2026-05-14,18,26,25.3,63,24.0,54.0
464408,2026-05-14,18,27,25.3,62,24.0,54.0
464409,2026-05-14,18,28,25.3,62,24.0,55.0
464410,2026-05-14,18,29,25.3,62,24.0,55.0
464411,2026-05-14,18,30,25.3,62,23.9,55.0
464412,2026-05-14,18,31,25.3,61,23.9,55.0
464413,2026-05-14,18,32,25.3,61,23.9,55.0
464414,2026-05-14,18,33,25.3,61,23.9,55.0
464415,2026-05-14,18,34,25.3,61,23.9,55.0
464416,2026-05-14,18,35,25.3,60,23.9,55.0
464417,2026-05-14,18,36,25.3,60,23.9,55.0
464418,2026-05-14,18,37,25.3,60,23.8,55.0
464419,2026-05-14,18,38,25.3,60,23.8,56.0
464420,2026-05-14,18,39,25.3,60,23.8,56.0
464421,2026-05-14,18,40,25.3,60,23.8,56.0
464422,2026-05-14,18,41,25.3,59,23.8,56.0
464423,2026-05-14,18,42,25.3,59,23.8,56.0
464424,2026-05-14,18,43,25.3,59,23.8,56.0
464425,2026-05-14,18,44,25.3,60,23.7,56.0
464426,2026-05-14,18,45,25.3,60,23.7,56.0
464427,2026-05-14,18,46,25.3,60,23.7,56.0
464428,2026-05-14,18,47,25.3,60,23.7,56.0
464429,2026-05-14,18,48,25.3,60,23.7,56.0
464430,2026-05-14,18,49,25.3,60,23.7,56.0
464431,2026-05-14,18,50,25.3,60,23.7,56.0
464432,2026-05-14,18,51,25.3,60,23.7,57.0
464433,2026-05-14,18,52,25.3,60,23.6,57.0
464434,2026-05-14,18,53,25.3,60,23.6,57.0
464435,2026-05-14,18,54,25.3,60,23.7,57.0
464436,2026-05-14,18,55,25.3,60,23.6,57.0
464437,2026-05-14,18,56,25.3,60,23.6,57.0
464438,2026-05-14,18,57,25.3,60,23.6,57.0
464439,2026-05-14,18,58,25.3,60,23.6,57.0
464440,2026-05-14,18,59,25.3,60,23.6,57.0
464441,2026-05-14,19,00,25.3,60,23.5,57.0
464442,2026-05-14,19,01,25.3,60,23.5,57.0
464443,2026-05-14,19,02,25.3,60,23.5,57.0
464444,2026-05-14,19,03,25.3,61,23.5,57.0
464445,2026-05-14,19,04,25.3,61,23.5,57.0
464446,2026-05-14,19,05,25.3,61,23.5,57.0
464447,2026-05-14,19,06,25.3,61,23.5,57.0
464448,2026-05-14,19,07,25.3,61,23.5,57.0
464449,2026-05-14,19,08,25.3,61,23.4,57.0
464450,2026-05-14,19,09,25.3,61,23.4,57.0
464451,2026-05-14,19,10,25.3,62,23.4,57.0
464452,2026-05-14,19,11,25.3,62,23.4,57.0
464453,2026-05-14,19,12,25.3,62,23.4,57.0
464454,2026-05-14,19,13,25.3,62,23.4,57.0
464455,2026-05-14,19,14,25.3,62,23.4,57.0
464456,2026-05-14,19,15,25.3,62,23.4,57.0
464457,2026-05-14,19,16,25.3,62,23.3,57.0
464458,2026-05-14,19,17,25.3,62,23.3,57.0
464459,2026-05-14,19,18,25.3,62,23.3,57.0
464460,2026-05-14,19,19,25.3,62,23.3,57.0
464461,2026-05-14,19,20,25.3,62,23.3,57.0
464462,2026-05-14,19,21,25.3,62,23.3,57.0
464463,2026-05-14,19,22,25.3,62,23.3,57.0
464464,2026-05-14,19,23,25.3,62,23.2,57.0
464465,2026-05-14,19,24,25.3,62,23.2,57.0
464466,2026-05-14,19,25,25.3,62,23.2,57.0
464467,2026-05-14,19,26,25.3,62,23.2,57.0
464468,2026-05-14,19,27,25.3,62,23.2,57.0
464469,2026-05-14,19,28,25.3,62,23.2,58.0
464470,2026-05-14,19,29,25.3,62,23.2,58.0
464471,2026-05-14,19,30,24.9,62,23.2,58.0
464472,2026-05-14,19,31,25.3,62,23.2,59.0
464473,2026-05-14,19,32,25.3,62,23.1,59.0
464474,2026-05-14,19,33,25.3,62,23.1,59.0
464475,2026-05-14,19,34,25.3,62,23.1,59.0
464476,2026-05-14,19,35,25.3,62,23.1,59.0
464477,2026-05-14,19,36,25.3,62,23.1,59.0
464478,2026-05-14,19,37,25.3,62,23.1,59.0
464479,2026-05-14,19,38,25.3,62,23.0,59.0
464480,2026-05-14,19,39,25.3,62,23.0,59.0
464481,2026-05-14,19,40,25.3,62,23.0,59.0
464482,2026-05-14,19,41,25.3,62,23.0,59.0
464483,2026-05-14,19,42,25.3,62,22.9,59.0
464484,2026-05-14,19,43,25.3,62,22.9,59.0
464485,2026-05-14,19,44,25.3,62,22.9,59.0
464486,2026-05-14,19,45,25.3,62,22.9,59.0
464487,2026-05-14,19,46,25.3,62,22.9,59.0
464488,2026-05-14,19,47,25.3,62,22.8,59.0
464489,2026-05-14,19,48,25.3,62,22.8,60.0
464490,2026-05-14,19,49,25.3,62,22.8,60.0
464491,2026-05-14,19,50,25.3,62,22.8,60.0
464492,2026-05-14,19,51,25.3,62,22.7,60.0
464493,2026-05-14,19,52,25.1,62,22.7,60.0
464494,2026-05-14,19,53,24.9,63,22.7,60.0
464495,2026-05-14,19,54,24.9,63,22.7,60.0
464496,2026-05-14,19,55,24.9,63,22.7,60.0
464497,2026-05-14,19,56,24.9,63,22.6,60.0
464498,2026-05-14,19,57,24.8,63,22.6,60.0
464499,2026-05-14,19,58,24.8,63,22.6,60.0
464500,2026-05-14,19,59,24.8,63,22.6,60.0
464501,2026-05-14,20,00,24.8,63,22.6,60.0
464502,2026-05-14,20,01,24.8,63,22.6,60.0
464503,2026-05-14,20,02,24.8,63,22.6,60.0
464504,2026-05-14,20,03,24.8,63,22.6,60.0
464505,2026-05-14,20,04,24.8,63,22.6,60.0
464506,2026-05-14,20,05,24.8,63,22.6,60.0
464507,2026-05-14,20,06,24.8,63,22.6,60.0
464508,2026-05-14,20,07,24.8,63,22.6,60.0
464509,2026-05-14,20,08,24.8,63,22.6,60.0
464510,2026-05-14,20,09,24.8,63,22.6,60.0
464511,2026-05-14,20,10,24.8,63,22.6,61.0
464512,2026-05-14,20,11,24.8,63,22.6,61.0
464513,2026-05-14,20,12,24.8,63,22.6,61.0
464514,2026-05-14,20,13,24.8,63,22.5,61.0
464515,2026-05-14,20,14,24.8,63,22.5,61.0
464516,2026-05-14,20,15,24.8,63,22.5,61.0
464517,2026-05-14,20,16,24.8,63,22.5,60.0
464518,2026-05-14,20,17,24.8,63,22.4,61.0
464519,2026-05-14,20,18,24.8,63,22.4,61.0
464520,2026-05-14,20,19,24.8,63,22.4,61.0
464521,2026-05-14,20,20,24.8,63,22.4,61.0
464522,2026-05-14,20,21,24.8,63,22.4,61.0
464523,2026-05-14,20,22,24.8,63,22.4,61.0
464524,2026-05-14,20,23,24.8,63,22.4,61.0
464525,2026-05-14,20,24,24.8,63,22.3,61.0
464526,2026-05-14,20,25,24.8,63,22.3,61.0
464527,2026-05-14,20,26,24.8,63,22.3,61.0
464528,2026-05-14,20,27,24.8,63,22.3,61.0
464529,2026-05-14,20,28,24.8,63,22.3,61.0
464530,2026-05-14,20,29,24.8,63,22.2,61.0
464531,2026-05-14,20,30,24.8,63,22.2,61.0
464532,2026-05-14,20,31,24.8,63,22.2,61.0
464533,2026-05-14,20,32,24.8,63,22.2,61.0
464534,2026-05-14,20,33,24.8,63,22.1,61.0
464535,2026-05-14,20,34,24.8,63,22.1,62.0
464536,2026-05-14,20,35,24.8,63,22.1,61.0
464537,2026-05-14,20,36,24.8,63,22.1,62.0
464538,2026-05-14,20,37,24.8,63,22.1,62.0
464539,2026-05-14,20,38,24.8,64,22.0,62.0
464540,2026-05-14,20,39,24.8,63,22.0,62.0
464541,2026-05-14,20,40,24.8,63,22.0,62.0
464542,2026-05-14,20,41,24.8,63,22.0,62.0
464543,2026-05-14,20,42,24.8,63,22.0,62.0
464544,2026-05-14,20,43,24.8,63,22.0,62.0
464545,2026-05-14,20,44,24.8,63,22.0,62.0
464546,2026-05-14,20,45,24.8,63,21.9,62.0
464547,2026-05-14,20,46,24.8,63,21.9,62.0
464548,2026-05-14,20,47,24.8,63,21.9,62.0
464549,2026-05-14,20,48,24.8,63,21.9,62.0
464550,2026-05-14,20,49,24.6,63,21.9,62.0
464551,2026-05-14,20,50,24.5,63,21.8,62.0
464552,2026-05-14,20,51,24.5,63,21.8,62.0
464553,2026-05-14,20,52,24.5,63,21.8,62.0
464554,2026-05-14,20,53,24.5,63,21.8,62.0
464555,2026-05-14,20,54,24.5,63,21.8,62.0
464556,2026-05-14,20,55,24.5,63,21.8,62.0
464557,2026-05-14,20,56,24.5,63,21.8,62.0
464558,2026-05-14,20,57,24.5,63,21.8,62.0
464559,2026-05-14,20,58,24.5,63,21.7,62.0
464560,2026-05-14,20,59,24.5,63,21.8,62.0
464561,2026-05-14,21,00,24.5,63,21.8,62.0
464562,2026-05-14,21,01,24.5,63,21.7,62.0
464563,2026-05-14,21,02,24.5,63,21.7,62.0
464564,2026-05-14,21,03,24.5,63,21.7,62.0
464565,2026-05-14,21,04,24.5,63,21.7,62.0
464566,2026-05-14,21,05,24.5,63,21.7,62.0
464567,2026-05-14,21,06,24.5,63,21.7,62.0
464568,2026-05-14,21,07,24.5,63,21.7,62.0
464569,2026-05-14,21,08,24.5,63,21.7,62.0
464570,2026-05-14,21,09,24.5,63,21.7,62.0
464571,2026-05-14,21,10,24.5,63,21.7,62.0
464572,2026-05-14,21,11,24.5,63,21.6,62.0
464573,2026-05-14,21,12,24.5,63,21.6,62.0
464574,2026-05-14,21,13,24.5,63,21.6,62.0
464575,2026-05-14,21,14,24.5,63,21.6,62.0
464576,2026-05-14,21,15,24.5,63,21.6,62.0
464577,2026-05-14,21,16,24.5,63,21.6,62.0
464578,2026-05-14,21,17,24.5,63,21.6,62.0
464579,2026-05-14,21,18,24.5,63,21.6,62.0
464580,2026-05-14,21,19,24.5,63,21.6,62.0
464581,2026-05-14,21,20,24.5,63,21.6,62.0
464582,2026-05-14,21,21,24.5,63,21.5,62.0
464583,2026-05-14,21,22,24.5,63,21.6,62.0
464584,2026-05-14,21,23,24.5,63,21.6,62.0
464585,2026-05-14,21,24,24.5,63,21.5,62.0
464586,2026-05-14,21,25,24.5,63,21.5,62.0
464587,2026-05-14,21,26,24.5,63,21.5,62.0
464588,2026-05-14,21,27,24.5,63,21.5,62.0
464589,2026-05-14,21,28,24.5,63,21.5,62.0
464590,2026-05-14,21,29,24.5,63,21.5,62.0
464591,2026-05-14,21,30,24.5,63,21.5,62.0
464592,2026-05-14,21,31,24.5,63,21.5,62.0
464593,2026-05-14,21,32,24.5,63,21.5,62.0
464594,2026-05-14,21,33,24.5,63,21.5,62.0
464595,2026-05-14,21,34,24.5,63,21.5,62.0
464596,2026-05-14,21,35,24.5,63,21.5,62.0
464597,2026-05-14,21,36,24.5,63,21.5,62.0
464598,2026-05-14,21,37,24.5,63,21.5,62.0
464599,2026-05-14,21,38,24.5,63,21.5,62.0
464600,2026-05-14,21,39,24.5,63,21.4,62.0
464601,2026-05-14,21,40,24.5,63,21.5,62.0
464602,2026-05-14,21,41,24.5,63,21.4,62.0
464603,2026-05-14,21,42,24.5,63,21.4,62.0
464604,2026-05-14,21,43,24.5,63,21.4,62.0
464605,2026-05-14,21,44,24.5,63,21.4,62.0
464606,2026-05-14,21,45,24.2,63,21.4,62.0
464607,2026-05-14,21,46,24.2,63,21.4,62.0
464608,2026-05-14,21,47,24.2,63,21.4,62.0
464609,2026-05-14,21,48,24.1,63,21.4,62.0
464610,2026-05-14,21,49,24.1,63,21.3,62.0
464611,2026-05-14,21,50,24.1,63,21.3,62.0
464612,2026-05-14,21,51,24.1,63,21.3,62.0
464613,2026-05-14,21,52,24.1,63,21.3,62.0
464614,2026-05-14,21,53,24.1,63,21.2,62.0
464615,2026-05-14,21,54,24.1,63,21.2,62.0
464616,2026-05-14,21,55,24.1,63,21.2,62.0
464617,2026-05-14,21,56,24.1,63,21.2,62.0
464618,2026-05-14,21,57,24.1,63,21.2,62.0
464619,2026-05-14,21,58,24.1,63,21.2,62.0
464620,2026-05-14,21,59,24.1,63,21.2,62.0
464621,2026-05-14,22,00,24.1,63,21.1,62.0
464622,2026-05-14,22,01,24.1,63,21.2,62.0
464623,2026-05-14,22,02,24.1,63,21.1,62.0
464624,2026-05-14,22,03,24.1,63,21.1,62.0
464625,2026-05-14,22,04,24.1,63,21.1,62.0
464626,2026-05-14,22,05,24.1,63,21.1,62.0
464627,2026-05-14,22,06,24.1,63,21.1,62.0
464628,2026-05-14,22,07,24.1,63,21.1,62.0
464629,2026-05-14,22,08,24.1,63,21.0,62.0
464630,2026-05-14,22,09,24.1,63,21.0,62.0
464631,2026-05-14,22,10,24.1,63,21.0,62.0
464632,2026-05-14,22,11,24.1,63,21.0,63.0
464633,2026-05-14,22,12,24.1,63,21.0,63.0
464634,2026-05-14,22,13,24.1,63,21.0,63.0
464635,2026-05-14,22,14,24.1,63,20.9,63.0
464636,2026-05-14,22,15,24.1,63,20.9,63.0
464637,2026-05-14,22,16,24.1,63,20.9,63.0
464638,2026-05-14,22,17,24.1,63,20.9,63.0
464639,2026-05-14,22,18,24.1,62,20.9,63.0
464640,2026-05-14,22,19,24.1,62,20.9,63.0
464641,2026-05-14,22,20,24.1,62,20.8,63.0
464642,2026-05-14,22,21,24.1,62,20.8,63.0
464643,2026-05-14,22,22,24.1,62,20.8,63.0
464644,2026-05-14,22,23,24.1,62,20.8,63.0
464645,2026-05-14,22,24,24.1,62,20.8,63.0
464646,2026-05-14,22,25,24.1,62,20.8,63.0
464647,2026-05-14,22,26,24.1,62,20.8,63.0
464648,2026-05-14,22,27,24.1,62,20.8,63.0
464649,2026-05-14,22,28,24.1,62,20.7,63.0
464650,2026-05-14,22,29,24.1,62,20.7,63.0
464651,2026-05-14,22,30,24.1,62,20.7,63.0
464652,2026-05-14,22,31,24.1,62,20.7,63.0
464653,2026-05-14,22,32,23.8,62,20.7,63.0
464654,2026-05-14,22,33,23.8,62,20.7,63.0
464655,2026-05-14,22,34,23.8,62,20.7,63.0
464656,2026-05-14,22,35,23.8,62,20.7,63.0
464657,2026-05-14,22,36,23.8,62,20.7,63.0
464658,2026-05-14,22,37,23.8,62,20.7,63.0
464659,2026-05-14,22,38,23.8,62,20.6,63.0
464660,2026-05-14,22,39,23.8,62,20.6,63.0
464661,2026-05-14,22,40,23.8,62,20.6,63.0
464662,2026-05-14,22,41,23.8,62,20.6,63.0
464663,2026-05-14,22,42,23.8,62,20.6,63.0
464664,2026-05-14,22,43,23.8,62,20.6,63.0
464665,2026-05-14,22,44,23.8,62,20.5,63.0
464666,2026-05-14,22,45,23.8,62,20.5,63.0
464667,2026-05-14,22,46,23.8,62,20.5,63.0
464668,2026-05-14,22,47,23.8,62,20.5,63.0
464669,2026-05-14,22,48,23.8,62,20.5,63.0
464670,2026-05-14,22,49,23.8,62,20.5,63.0
464671,2026-05-14,22,50,23.8,62,20.5,63.0
464672,2026-05-14,22,51,23.8,62,20.5,63.0
464673,2026-05-14,22,52,23.8,62,20.4,63.0
464674,2026-05-14,22,53,23.8,62,20.4,63.0
464675,2026-05-14,22,54,23.8,62,20.4,63.0
464676,2026-05-14,22,55,23.8,62,20.4,63.0
464677,2026-05-14,22,56,23.8,62,20.4,63.0
464678,2026-05-14,22,57,23.8,62,20.4,63.0
464679,2026-05-14,22,58,23.8,62,20.4,63.0
464680,2026-05-14,22,59,23.8,62,20.4,63.0
464681,2026-05-14,23,00,23.8,62,20.4,63.0
464682,2026-05-14,23,01,23.8,62,20.4,63.0
464683,2026-05-14,23,02,23.8,62,20.4,63.0
464684,2026-05-14,23,03,23.8,62,20.4,63.0
464685,2026-05-14,23,04,23.8,62,20.4,63.0
464686,2026-05-14,23,05,23.8,62,20.4,63.0
464687,2026-05-14,23,06,23.8,62,20.4,63.0
464688,2026-05-14,23,07,23.8,63,20.4,64.0
464689,2026-05-14,23,08,23.8,63,20.4,64.0
464690,2026-05-14,23,09,23.8,62,20.4,64.0
464691,2026-05-14,23,10,23.8,62,20.3,64.0
464692,2026-05-14,23,11,23.8,62,20.3,64.0
464693,2026-05-14,23,12,23.8,63,20.3,64.0
464694,2026-05-14,23,13,23.8,64,20.3,64.0
464695,2026-05-14,23,14,23.8,64,20.3,64.0
464696,2026-05-14,23,15,23.8,64,20.3,64.0
464697,2026-05-14,23,16,23.8,64,20.2,64.0
464698,2026-05-14,23,17,23.8,64,20.2,64.0
464699,2026-05-14,23,18,23.8,64,20.2,64.0
464700,2026-05-14,23,19,23.8,65,20.2,64.0
464701,2026-05-14,23,20,23.8,66,20.2,64.0
464702,2026-05-14,23,21,23.8,65,20.2,64.0
464703,2026-05-14,23,22,23.8,66,20.2,64.0
464704,2026-05-14,23,23,23.8,66,20.2,64.0
464705,2026-05-14,23,24,23.8,66,20.2,64.0
464706,2026-05-14,23,25,23.8,66,20.2,64.0
464707,2026-05-14,23,26,23.8,66,20.2,64.0
464708,2026-05-14,23,27,23.8,66,20.1,64.0
464709,2026-05-14,23,28,23.8,66,20.2,64.0
464710,2026-05-14,23,29,23.6,66,20.1,64.0
464711,2026-05-14,23,30,23.4,66,20.1,64.0
464712,2026-05-14,23,31,23.4,66,20.1,64.0
464713,2026-05-14,23,32,23.4,66,20.1,64.0
464714,2026-05-14,23,33,23.4,66,20.1,64.0
464715,2026-05-14,23,34,23.4,66,20.1,64.0
464716,2026-05-14,23,35,23.4,66,20.1,64.0
464717,2026-05-14,23,36,23.4,66,20.1,64.0
464718,2026-05-14,23,37,23.4,66,20.1,64.0
464719,2026-05-14,23,38,23.4,66,20.1,64.0
464720,2026-05-14,23,39,23.4,66,20.1,64.0
464721,2026-05-14,23,40,23.4,66,20.1,64.0
464722,2026-05-14,23,41,23.4,66,20.1,64.0
464723,2026-05-14,23,42,23.4,67,20.1,64.0
464724,2026-05-14,23,43,23.4,66,20.1,64.0
464725,2026-05-14,23,44,23.4,66,20.1,64.0
464726,2026-05-14,23,45,23.4,66,20.2,64.0
464727,2026-05-14,23,46,23.4,66,20.2,64.0
464728,2026-05-14,23,47,23.4,66,20.2,64.0
464729,2026-05-14,23,48,23.4,66,20.2,64.0
464730,2026-05-14,23,49,23.4,66,20.2,64.0
464731,2026-05-14,23,50,23.4,66,20.1,64.0
464732,2026-05-14,23,51,23.4,66,20.1,64.0
464733,2026-05-14,23,52,23.4,66,20.1,64.0
464734,2026-05-14,23,53,23.4,66,20.1,64.0
464735,2026-05-14,23,54,23.4,66,20.1,64.0
464736,2026-05-14,23,55,23.4,66,20.1,64.0
464737,2026-05-14,23,56,23.4,66,20.1,64.0
464738,2026-05-14,23,57,23.4,66,20.1,64.0
464739,2026-05-14,23,58,23.4,65,20.1,64.0
464740,2026-05-14,23,59,23.4,65,20.1,64.0
464741,2026-05-15,00,00,23.4,65,20.1,64.0
464742,2026-05-15,00,01,23.4,65,20.1,64.0
464743,2026-05-15,00,02,23.4,65,20.1,64.0
464744,2026-05-15,00,03,23.4,65,20.1,64.0
464745,2026-05-15,00,04,23.4,64,20.1,64.0
464746,2026-05-15,00,05,23.4,64,20.1,64.0
464747,2026-05-15,00,06,23.4,64,20.1,64.0
464748,2026-05-15,00,07,23.4,64,20.1,64.0
464749,2026-05-15,00,08,23.4,64,20.1,64.0
464750,2026-05-15,00,09,23.4,64,20.1,64.0
464751,2026-05-15,00,10,23.4,64,20.1,64.0
464752,2026-05-15,00,11,23.4,64,20.1,64.0
464753,2026-05-15,00,12,23.4,64,20.1,64.0
464754,2026-05-15,00,13,23.4,64,20.1,64.0
464755,2026-05-15,00,14,23.4,64,20.1,64.0
464756,2026-05-15,00,15,23.4,64,20.1,64.0
464757,2026-05-15,00,16,23.4,64,20.1,64.0
464758,2026-05-15,00,17,23.4,64,20.1,65.0
464759,2026-05-15,00,18,23.4,64,20.1,64.0
464760,2026-05-15,00,19,23.4,64,20.1,64.0
464761,2026-05-15,00,20,23.4,64,20.1,64.0
464762,2026-05-15,00,21,23.2,64,20.1,65.0
464763,2026-05-15,00,22,23.1,64,20.1,64.0
464764,2026-05-15,00,23,23.1,64,20.1,64.0
464765,2026-05-15,00,24,23.0,64,20.1,65.0
464766,2026-05-15,00,25,23.0,64,20.1,65.0
464767,2026-05-15,00,26,23.0,64,20.1,65.0
464768,2026-05-15,00,27,23.0,64,20.1,65.0
464769,2026-05-15,00,28,23.0,64,20.0,65.0
464770,2026-05-15,00,29,23.0,64,20.0,65.0
464771,2026-05-15,00,30,23.0,64,20.1,65.0
464772,2026-05-15,00,31,23.0,64,20.1,65.0
464773,2026-05-15,00,32,23.0,64,20.0,65.0
464774,2026-05-15,00,33,23.0,64,20.0,65.0
464775,2026-05-15,00,34,23.0,64,20.0,65.0
464776,2026-05-15,00,35,23.0,64,20.0,65.0
464777,2026-05-15,00,36,23.0,64,20.0,65.0
464778,2026-05-15,00,37,23.0,64,20.0,65.0
464779,2026-05-15,00,38,23.0,64,20.0,65.0
464780,2026-05-15,00,39,23.0,64,20.0,65.0
464781,2026-05-15,00,40,23.0,64,20.0,65.0
464782,2026-05-15,00,41,23.0,64,20.0,65.0
464783,2026-05-15,00,42,23.0,64,19.9,65.0
464784,2026-05-15,00,43,23.0,64,19.9,65.0
464785,2026-05-15,00,44,23.0,64,19.9,65.0
464786,2026-05-15,00,45,23.0,64,19.9,65.0
464787,2026-05-15,00,46,23.0,64,19.9,65.0
464788,2026-05-15,00,47,23.0,64,19.9,65.0
464789,2026-05-15,00,48,23.0,65,19.9,65.0
464790,2026-05-15,00,49,23.0,65,19.9,65.0
464791,2026-05-15,00,50,23.0,65,19.9,65.0
464792,2026-05-15,00,51,23.0,65,19.9,65.0
464793,2026-05-15,00,52,23.0,65,19.9,65.0
464794,2026-05-15,00,53,23.0,65,19.8,65.0
464795,2026-05-15,00,54,23.0,65,19.8,65.0
464796,2026-05-15,00,55,23.0,65,19.8,65.0
464797,2026-05-15,00,56,23.0,65,19.8,65.0
464798,2026-05-15,00,57,23.0,65,19.8,65.0
464799,2026-05-15,00,58,23.0,65,19.8,65.0
464800,2026-05-15,00,59,23.0,65,19.8,65.0
464801,2026-05-15,01,00,23.0,65,19.8,65.0
464802,2026-05-15,01,01,23.0,65,19.8,65.0
464803,2026-05-15,01,02,23.0,65,19.8,65.0
464804,2026-05-15,01,03,23.0,65,19.8,65.0
464805,2026-05-15,01,04,23.0,65,19.8,65.0
464806,2026-05-15,01,05,23.0,65,19.8,65.0
464807,2026-05-15,01,06,23.0,65,19.8,65.0
464808,2026-05-15,01,07,23.0,65,19.7,65.0
464809,2026-05-15,01,08,23.0,65,19.7,65.0
464810,2026-05-15,01,09,23.0,65,19.7,65.0
464811,2026-05-15,01,10,23.0,65,19.7,65.0
464812,2026-05-15,01,11,23.0,65,19.7,65.0
464813,2026-05-15,01,12,23.0,65,19.7,65.0
464814,2026-05-15,01,13,23.0,65,19.7,65.0
464815,2026-05-15,01,14,23.0,65,19.7,65.0
464816,2026-05-15,01,15,23.0,65,19.7,65.0
464817,2026-05-15,01,16,23.0,65,19.6,65.0
464818,2026-05-15,01,17,23.0,65,19.6,65.0
464819,2026-05-15,01,18,22.8,65,19.6,66.0
464820,2026-05-15,01,19,22.7,65,19.6,66.0
464821,2026-05-15,01,20,22.7,65,19.6,66.0
464822,2026-05-15,01,21,22.6,65,19.6,66.0
464823,2026-05-15,01,22,22.6,65,19.6,66.0
464824,2026-05-15,01,23,22.6,65,19.6,66.0
464825,2026-05-15,01,24,22.6,65,19.6,66.0
464826,2026-05-15,01,25,22.6,65,19.6,66.0
464827,2026-05-15,01,26,22.6,65,19.6,66.0
464828,2026-05-15,01,27,22.6,65,19.6,66.0
464829,2026-05-15,01,28,22.6,65,19.6,66.0
464830,2026-05-15,01,29,22.6,65,19.6,66.0
464831,2026-05-15,01,30,22.6,65,19.6,66.0
464832,2026-05-15,01,31,22.6,65,19.6,66.0
464833,2026-05-15,01,32,22.6,65,19.5,66.0
464834,2026-05-15,01,33,22.6,65,19.5,66.0
464835,2026-05-15,01,34,22.6,65,19.5,66.0
464836,2026-05-15,01,35,22.6,65,19.5,66.0
464837,2026-05-15,01,36,22.6,65,19.5,66.0
464838,2026-05-15,01,37,22.6,65,19.5,66.0
464839,2026-05-15,01,38,22.6,65,19.5,66.0
464840,2026-05-15,01,39,22.6,65,19.5,66.0
464841,2026-05-15,01,40,22.6,65,19.5,66.0
464842,2026-05-15,01,41,22.6,65,19.4,66.0
464843,2026-05-15,01,42,22.6,65,19.5,66.0
464844,2026-05-15,01,43,22.6,65,19.5,66.0
464845,2026-05-15,01,44,22.6,65,19.5,66.0
464846,2026-05-15,01,45,22.6,65,19.5,66.0
464847,2026-05-15,01,46,22.6,65,19.4,66.0
464848,2026-05-15,01,47,22.6,65,19.4,66.0
464849,2026-05-15,01,48,22.6,65,19.4,66.0
464850,2026-05-15,01,49,22.6,65,19.4,66.0
464851,2026-05-15,01,50,22.6,65,19.4,66.0
464852,2026-05-15,01,51,22.6,65,19.4,66.0
464853,2026-05-15,01,52,22.6,65,19.4,66.0
464854,2026-05-15,01,53,22.6,65,19.4,66.0
464855,2026-05-15,01,54,22.6,65,19.4,66.0
464856,2026-05-15,01,55,22.6,65,19.4,66.0
464857,2026-05-15,01,56,22.6,65,19.4,66.0
464858,2026-05-15,01,57,22.6,65,19.4,66.0
464859,2026-05-15,01,58,22.6,65,19.4,66.0
464860,2026-05-15,01,59,22.6,65,19.4,66.0
464861,2026-05-15,02,00,22.6,65,19.4,66.0
464862,2026-05-15,02,01,22.6,65,19.4,66.0
464863,2026-05-15,02,02,22.6,65,19.4,66.0
464864,2026-05-15,02,03,22.6,65,19.4,66.0
464865,2026-05-15,02,04,22.6,65,19.3,66.0
464866,2026-05-15,02,05,22.6,65,19.3,66.0
464867,2026-05-15,02,06,22.6,65,19.3,66.0
464868,2026-05-15,02,07,22.6,65,19.3,66.0
464869,2026-05-15,02,08,22.5,65,19.3,66.0
464870,2026-05-15,02,09,22.3,65,19.3,66.0
464871,2026-05-15,02,10,22.3,65,19.3,66.0
464872,2026-05-15,02,11,22.3,65,19.3,66.0
464873,2026-05-15,02,12,22.2,65,19.3,66.0
464874,2026-05-15,02,13,22.2,65,19.3,66.0
464875,2026-05-15,02,14,22.2,65,19.3,66.0
464876,2026-05-15,02,15,22.2,65,19.2,66.0
464877,2026-05-15,02,16,22.2,65,19.2,66.0
464878,2026-05-15,02,17,22.2,65,19.2,66.0
464879,2026-05-15,02,18,22.2,65,19.2,66.0
464880,2026-05-15,02,19,22.2,65,19.2,66.0
464881,2026-05-15,02,20,22.2,65,19.2,66.0
464882,2026-05-15,02,21,22.2,65,19.2,66.0
464883,2026-05-15,02,22,22.2,65,19.2,66.0
464884,2026-05-15,02,23,22.2,65,19.2,66.0
464885,2026-05-15,02,24,22.2,65,19.2,66.0
464886,2026-05-15,02,25,22.2,65,19.2,66.0
464887,2026-05-15,02,26,22.2,65,19.1,66.0
464888,2026-05-15,02,27,22.2,65,19.1,66.0
464889,2026-05-15,02,28,22.2,65,19.1,66.0
464890,2026-05-15,02,29,22.2,65,19.1,66.0
464891,2026-05-15,02,30,22.2,65,19.1,66.0
464892,2026-05-15,02,31,22.2,65,19.1,66.0
464893,2026-05-15,02,32,22.2,65,19.1,66.0
464894,2026-05-15,02,33,22.2,65,19.1,66.0
464895,2026-05-15,02,34,22.2,65,19.1,66.0
464896,2026-05-15,02,35,22.2,65,19.0,66.0
464897,2026-05-15,02,36,22.2,65,19.0,66.0
464898,2026-05-15,02,37,22.2,65,19.0,66.0
464899,2026-05-15,02,38,22.2,65,19.0,66.0
464900,2026-05-15,02,39,22.2,65,19.0,66.0
464901,2026-05-15,02,40,22.2,65,19.0,66.0
464902,2026-05-15,02,41,22.2,65,19.0,66.0
464903,2026-05-15,02,42,22.2,65,19.0,66.0
464904,2026-05-15,02,43,22.2,65,19.0,66.0
464905,2026-05-15,02,44,22.2,65,19.0,66.0
464906,2026-05-15,02,45,22.2,65,19.0,66.0
464907,2026-05-15,02,46,22.2,65,19.0,66.0
464908,2026-05-15,02,47,22.2,65,19.0,66.0
464909,2026-05-15,02,48,22.2,65,18.9,66.0
464910,2026-05-15,02,49,22.2,65,19.0,66.0
464911,2026-05-15,02,50,22.2,65,18.9,66.0
464912,2026-05-15,02,51,22.2,65,18.9,66.0
464913,2026-05-15,02,52,22.2,65,18.9,66.0
464914,2026-05-15,02,53,22.2,65,18.9,66.0
464915,2026-05-15,02,54,22.2,65,18.9,66.0
464916,2026-05-15,02,55,22.2,65,18.9,66.0
464917,2026-05-15,02,56,22.2,65,18.9,66.0
464918,2026-05-15,02,57,22.2,65,18.8,66.0
464919,2026-05-15,02,58,22.2,65,18.8,66.0
464920,2026-05-15,02,59,22.2,65,18.8,66.0
464921,2026-05-15,03,00,22.2,65,18.8,66.0
464922,2026-05-15,03,01,22.2,65,18.8,66.0
464923,2026-05-15,03,02,22.2,65,18.8,66.0
464924,2026-05-15,03,03,22.2,65,18.8,66.0
464925,2026-05-15,03,04,22.2,65,18.8,66.0
464926,2026-05-15,03,06,21.9,65,18.8,66.0
464927,2026-05-15,03,07,21.9,65,18.8,66.0
464928,2026-05-15,03,08,21.9,65,18.8,66.0
464929,2026-05-15,03,09,21.8,65,18.8,66.0
464930,2026-05-15,03,10,21.8,65,18.8,66.0
464931,2026-05-15,03,11,21.8,65,18.8,66.0
464932,2026-05-15,03,12,21.8,65,18.8,66.0
464933,2026-05-15,03,13,21.8,65,18.8,66.0
464934,2026-05-15,03,14,21.8,65,18.8,66.0
464935,2026-05-15,03,15,21.8,65,18.8,66.0
464936,2026-05-15,03,16,21.8,65,18.8,66.0
464937,2026-05-15,03,17,21.8,65,18.8,66.0
464938,2026-05-15,03,18,21.8,65,18.8,66.0
464939,2026-05-15,03,19,21.8,65,18.8,66.0
464940,2026-05-15,03,20,21.8,65,18.7,66.0
464941,2026-05-15,03,21,21.8,65,18.7,66.0
464942,2026-05-15,03,22,21.8,65,18.7,66.0
464943,2026-05-15,03,23,21.8,65,18.7,66.0
464944,2026-05-15,03,24,21.8,65,18.7,66.0
464945,2026-05-15,03,25,21.8,65,18.7,66.0
464946,2026-05-15,03,26,21.8,65,18.7,66.0
464947,2026-05-15,03,35,21.8,65,18.6,66.0
464948,2026-05-15,03,36,21.8,65,18.6,66.0
464949,2026-05-15,03,37,21.8,65,18.6,66.0
464950,2026-05-15,03,38,21.8,65,18.6,66.0
464951,2026-05-15,03,39,21.8,65,18.6,66.0
464952,2026-05-15,03,40,21.8,65,18.6,66.0
464953,2026-05-15,03,41,21.8,65,18.6,66.0
464954,2026-05-15,03,42,21.8,65,18.6,66.0
464955,2026-05-15,03,43,21.8,65,18.6,66.0
464956,2026-05-15,03,44,21.8,65,18.6,66.0
464957,2026-05-15,03,45,21.8,65,18.6,66.0
464958,2026-05-15,03,46,21.8,65,18.6,66.0
464959,2026-05-15,03,49,21.8,65,18.6,66.0
464960,2026-05-15,03,50,21.8,65,18.6,66.0
464961,2026-05-15,03,51,21.8,65,18.6,66.0
464962,2026-05-15,03,52,21.8,65,18.6,66.0
464963,2026-05-15,03,53,21.8,65,18.6,66.0
464964,2026-05-15,03,54,21.8,65,18.6,66.0
464965,2026-05-15,03,55,21.8,65,18.6,66.0
464966,2026-05-15,03,56,21.8,65,18.6,66.0
464967,2026-05-15,03,57,21.8,65,18.5,66.0
464968,2026-05-15,03,58,21.8,65,18.5,66.0
464969,2026-05-15,03,59,21.8,65,18.5,66.0
464970,2026-05-15,04,00,21.8,65,18.5,66.0
464971,2026-05-15,04,01,21.8,65,18.5,66.0
464972,2026-05-15,04,04,21.8,65,18.5,66.0
464973,2026-05-15,04,05,21.8,65,18.5,66.0
464974,2026-05-15,04,06,21.8,65,18.5,66.0
464975,2026-05-15,04,12,21.5,65,18.5,66.0
464976,2026-05-15,04,13,21.4,65,18.5,66.0
464977,2026-05-15,04,14,21.4,65,18.5,66.0
464978,2026-05-15,04,15,21.4,65,18.5,66.0
464979,2026-05-15,04,16,21.4,65,18.5,66.0
464980,2026-05-15,04,17,21.4,65,18.4,66.0
464981,2026-05-15,04,21,21.4,65,18.4,66.0
464982,2026-05-15,04,22,21.4,65,18.4,66.0
464983,2026-05-15,04,23,21.4,65,18.4,66.0
464984,2026-05-15,04,22,21.4,65,18.4,66.0
464985,2026-05-15,04,23,21.4,65,18.4,66.0
464986,2026-05-15,04,24,21.4,65,18.4,66.0
464987,2026-05-15,04,25,21.4,65,18.4,66.0
464988,2026-05-15,04,26,21.4,65,18.4,66.0
464989,2026-05-15,04,28,21.4,65,18.4,66.0
464990,2026-05-15,04,29,21.4,65,18.4,66.0
464991,2026-05-15,04,30,21.4,65,18.4,66.0
464992,2026-05-15,04,31,21.4,65,18.4,66.0
464993,2026-05-15,04,32,21.4,65,18.4,66.0
464994,2026-05-15,04,33,21.4,65,18.4,66.0
464995,2026-05-15,04,34,21.4,65,18.4,66.0
464996,2026-05-15,04,35,21.4,65,18.4,66.0
464997,2026-05-15,04,38,21.4,65,18.4,66.0
464998,2026-05-15,04,39,21.4,65,18.4,66.0
464999,2026-05-15,04,40,21.4,65,18.4,66.0
465000,2026-05-15,04,41,21.4,65,18.4,66.0
465001,2026-05-15,04,42,21.4,65,18.4,66.0
465002,2026-05-15,04,43,21.4,65,18.4,66.0
465003,2026-05-15,04,44,21.4,65,18.4,66.0
465004,2026-05-15,04,45,21.4,65,18.4,66.0
465005,2026-05-15,04,46,21.4,65,18.4,66.0
465006,2026-05-15,04,47,21.4,65,18.4,66.0
465007,2026-05-15,04,48,21.4,65,18.4,66.0
465008,2026-05-15,04,49,21.4,65,18.4,66.0
465009,2026-05-15,04,50,21.4,65,18.4,66.0
465010,2026-05-15,04,51,21.4,65,18.4,66.0
465011,2026-05-15,04,59,21.4,65,18.5,66.0
465012,2026-05-15,05,00,21.4,65,18.5,66.0
465013,2026-05-15,05,12,21.4,65,18.5,66.0
465014,2026-05-15,05,13,21.4,65,18.5,66.0
465015,2026-05-15,05,15,21.4,65,18.5,66.0
465016,2026-05-15,05,16,21.4,65,18.5,66.0
465017,2026-05-15,05,17,21.4,65,18.5,66.0
465018,2026-05-15,05,18,21.4,65,18.5,66.0
465019,2026-05-15,05,19,21.4,65,18.5,66.0
465020,2026-05-15,05,20,21.4,65,18.5,66.0
465021,2026-05-15,05,21,21.4,65,18.5,66.0
465022,2026-05-15,05,22,21.4,65,18.5,66.0
465023,2026-05-15,05,23,21.4,65,18.4,66.0
465024,2026-05-15,05,24,21.4,65,18.4,66.0
465025,2026-05-15,05,26,21.4,65,18.4,66.0
465026,2026-05-15,05,30,21.4,66,18.4,66.0
465027,2026-05-15,05,34,21.4,65,18.4,66.0
465028,2026-05-15,05,35,21.4,65,18.4,66.0
465029,2026-05-15,05,36,21.4,65,18.4,66.0
465030,2026-05-15,05,37,21.4,66,18.4,66.0
465031,2026-05-15,05,38,21.4,66,18.4,66.0
465032,2026-05-15,05,39,21.3,66,18.3,66.0
465033,2026-05-15,05,40,21.1,66,18.3,66.0
465034,2026-05-15,05,41,21.1,66,18.4,66.0
465035,2026-05-15,05,42,21.1,66,18.3,66.0
465036,2026-05-15,05,43,21.0,66,18.3,66.0
465037,2026-05-15,05,44,21.0,66,18.3,66.0
465038,2026-05-15,05,45,21.0,66,18.3,66.0
465039,2026-05-15,05,46,21.0,66,18.3,66.0
465040,2026-05-15,05,48,21.0,66,18.3,66.0
465041,2026-05-15,05,49,21.0,66,18.3,66.0
465042,2026-05-15,05,50,21.0,66,18.3,66.0
465043,2026-05-15,05,51,21.0,66,18.2,66.0
465044,2026-05-15,05,52,21.0,66,18.2,66.0
465045,2026-05-15,05,53,21.0,66,18.2,67.0
465046,2026-05-15,05,54,21.0,66,18.3,67.0
465047,2026-05-15,05,55,21.0,66,18.2,66.0
465048,2026-05-15,05,56,21.0,66,18.3,66.0
465049,2026-05-15,05,57,21.0,66,18.2,66.0
465050,2026-05-15,05,58,21.0,65,18.2,66.0
465051,2026-05-15,05,59,21.0,66,18.2,66.0
465052,2026-05-15,06,00,21.0,66,18.3,66.0
465053,2026-05-15,06,01,21.0,66,18.2,66.0
465054,2026-05-15,06,02,21.0,66,18.3,66.0
465055,2026-05-15,06,03,21.0,66,18.3,66.0
465056,2026-05-15,06,04,21.0,66,18.2,66.0
465057,2026-05-15,06,05,21.0,66,18.2,66.0
465058,2026-05-15,06,06,21.0,66,18.2,66.0
465059,2026-05-15,06,07,21.0,66,18.3,66.0
465060,2026-05-15,06,08,21.0,66,18.3,66.0
465061,2026-05-15,06,09,21.0,66,18.3,66.0
465062,2026-05-15,06,10,21.0,66,18.3,66.0
465063,2026-05-15,06,11,21.0,66,18.2,66.0
465064,2026-05-15,06,12,21.0,66,18.2,66.0
465065,2026-05-15,06,13,21.0,66,18.2,66.0
465066,2026-05-15,06,14,21.0,66,18.2,66.0
465067,2026-05-15,06,15,21.0,66,18.2,66.0
465068,2026-05-15,06,16,21.0,66,18.2,66.0
465069,2026-05-15,06,17,21.0,66,18.2,66.0
465070,2026-05-15,06,18,21.0,66,18.2,66.0
465071,2026-05-15,06,19,21.0,66,18.2,66.0
465072,2026-05-15,06,20,21.0,66,18.2,66.0
465073,2026-05-15,06,21,21.0,66,18.2,66.0
465074,2026-05-15,06,22,21.0,66,18.2,66.0
465075,2026-05-15,06,23,21.0,66,18.2,66.0
465076,2026-05-15,06,24,21.0,66,18.2,66.0
465077,2026-05-15,06,25,21.0,66,18.2,66.0
465078,2026-05-15,06,26,21.0,66,18.2,66.0
465079,2026-05-15,06,27,21.0,66,18.2,66.0
465080,2026-05-15,06,28,21.0,66,18.2,66.0
465081,2026-05-15,06,30,21.0,66,18.2,66.0
465082,2026-05-15,06,41,21.0,66,18.3,66.0
465083,2026-05-15,06,42,21.0,66,18.3,66.0
465084,2026-05-15,06,43,21.0,66,18.3,66.0
465085,2026-05-15,06,44,21.0,66,18.3,66.0
465086,2026-05-15,06,45,21.0,66,18.3,66.0
465087,2026-05-15,06,46,21.0,66,18.3,66.0
465088,2026-05-15,06,48,21.0,66,18.4,66.0
465089,2026-05-15,06,49,21.0,66,18.4,66.0
465090,2026-05-15,06,50,21.0,66,18.4,66.0
465091,2026-05-15,06,51,21.0,66,18.4,66.0
465092,2026-05-15,06,53,21.0,66,18.4,66.0
465093,2026-05-15,06,54,21.0,66,18.4,66.0
465094,2026-05-15,06,59,21.0,66,18.4,66.0
465095,2026-05-15,07,00,21.0,66,18.4,66.0
465096,2026-05-15,07,03,21.0,66,18.5,66.0
465097,2026-05-15,07,04,21.0,66,18.5,65.0
465098,2026-05-15,07,07,21.0,66,18.5,66.0
465099,2026-05-15,07,08,21.0,66,18.5,66.0
465100,2026-05-15,07,09,21.0,66,18.5,66.0
465101,2026-05-15,07,10,21.0,66,18.5,66.0
465102,2026-05-15,07,11,21.0,66,18.5,66.0
465103,2026-05-15,07,14,21.0,65,18.5,65.0
465104,2026-05-15,07,15,21.0,65,18.5,65.0
465105,2026-05-15,07,16,21.0,64,18.6,65.0
465106,2026-05-15,07,17,21.0,64,18.6,65.0
465107,2026-05-15,07,18,21.0,64,18.6,65.0
465108,2026-05-15,07,20,21.0,64,18.6,65.0
465109,2026-05-15,07,21,21.0,64,18.6,65.0
465110,2026-05-15,07,22,21.0,64,18.6,65.0
465111,2026-05-15,07,23,21.0,64,18.7,65.0
465112,2026-05-15,07,24,21.0,64,18.6,65.0
465113,2026-05-15,07,25,21.0,64,18.7,65.0
465114,2026-05-15,07,26,21.0,64,18.7,65.0
465115,2026-05-15,07,27,21.0,64,18.7,65.0
465116,2026-05-15,07,28,21.0,64,18.8,65.0
465117,2026-05-15,07,29,21.0,64,18.8,64.0
465118,2026-05-15,07,30,21.0,64,18.8,64.0
465119,2026-05-15,07,31,21.0,64,18.8,65.0
465120,2026-05-15,07,32,21.0,64,18.8,65.0
465121,2026-05-15,07,33,21.0,64,18.8,65.0
465122,2026-05-15,07,34,21.0,64,18.9,65.0
465123,2026-05-15,07,35,21.0,65,18.9,65.0
465124,2026-05-15,07,36,21.0,65,18.9,65.0
465125,2026-05-15,07,37,21.0,65,19.0,65.0
465126,2026-05-15,07,38,21.0,65,19.0,65.0
465127,2026-05-15,07,39,21.0,65,19.0,65.0
465128,2026-05-15,07,40,21.0,66,19.1,65.0
465129,2026-05-15,07,41,21.0,66,19.1,65.0
465130,2026-05-15,08,41,22.2,67,25.7,50.0
465131,2026-05-15,08,41,22.2,67,25.6,50.0
465132,2026-05-15,08,43,22.2,67,25.6,50.0
465133,2026-05-15,08,44,22.2,67,26.0,49.0
465134,2026-05-15,08,50,22.2,66,31.1,40.0
465135,2026-05-15,08,52,22.2,66,32.1,39.0
465136,2026-05-15,08,54,22.2,66,32.4,38.0
465137,2026-05-15,08,58,22.2,66,32.6,38.0
465138,2026-05-15,08,59,22.2,66,32.9,38.0
465139,2026-05-15,09,00,22.6,65,33.2,37.0
465140,2026-05-15,09,01,22.6,65,33.3,36.0
465141,2026-05-15,09,02,22.6,65,33.2,37.0
465142,2026-05-15,09,03,22.6,65,33.3,37.0
465143,2026-05-15,09,04,22.6,65,33.4,37.0
465144,2026-05-15,09,05,22.6,65,33.6,37.0
465145,2026-05-15,09,06,22.6,65,33.7,36.0
465146,2026-05-15,09,07,22.6,65,33.8,36.0
465147,2026-05-15,09,08,22.6,65,33.9,35.0
465148,2026-05-15,09,09,22.6,65,33.9,36.0
465149,2026-05-15,09,10,22.6,65,33.9,36.0
465150,2026-05-15,09,11,22.6,65,34.0,35.0
465151,2026-05-15,09,12,22.6,65,34.1,35.0
465152,2026-05-15,09,13,22.6,65,34.3,35.0
465153,2026-05-15,09,14,22.6,65,34.4,35.0
465154,2026-05-15,09,15,22.6,65,34.4,35.0
465155,2026-05-15,09,16,22.6,65,33.5,36.0
465156,2026-05-15,09,17,22.6,65,32.8,37.0
465157,2026-05-15,09,18,22.6,65,33.2,36.0
465158,2026-05-15,09,19,22.6,65,33.3,37.0
465159,2026-05-15,09,20,22.6,65,33.2,37.0
465160,2026-05-15,09,21,22.6,65,33.4,37.0
465161,2026-05-15,09,22,22.6,64,33.7,36.0
465162,2026-05-15,09,23,22.6,64,34.0,36.0
465163,2026-05-15,09,24,22.6,64,34.2,36.0
465164,2026-05-15,09,25,22.6,64,34.4,35.0
465165,2026-05-15,09,26,22.6,64,34.6,35.0
465166,2026-05-15,09,27,22.6,64,34.8,35.0
465167,2026-05-15,09,28,22.6,65,35.0,35.0
465168,2026-05-15,09,29,22.6,64,34.3,35.0
465169,2026-05-15,09,30,22.6,64,34.3,36.0
465170,2026-05-15,09,31,23.0,64,33.4,36.0
465171,2026-05-15,09,32,23.0,64,32.3,37.0
465172,2026-05-15,09,33,23.0,64,32.6,37.0
465173,2026-05-15,09,34,23.0,64,33.3,37.0
465174,2026-05-15,09,35,23.0,64,34.0,36.0
465175,2026-05-15,09,36,23.0,64,34.5,35.0
465176,2026-05-15,09,37,23.0,64,34.9,35.0
465177,2026-05-15,09,38,23.0,64,35.3,34.0
465178,2026-05-15,09,39,23.0,64,35.3,34.0
465179,2026-05-15,09,40,23.0,64,34.1,35.0
465180,2026-05-15,09,41,23.0,64,33.6,36.0
465181,2026-05-15,09,42,23.0,64,34.1,36.0
465182,2026-05-15,09,43,23.0,64,34.7,35.0
465183,2026-05-15,09,44,23.0,64,35.0,35.0
465184,2026-05-15,09,45,23.0,64,35.2,34.0
465185,2026-05-15,09,46,23.0,64,34.9,34.0
465186,2026-05-15,09,47,23.0,64,34.9,34.0
465187,2026-05-15,09,48,23.0,64,35.0,35.0
465188,2026-05-15,09,49,23.0,64,35.1,35.0
465189,2026-05-15,09,50,23.0,64,34.6,35.0
465190,2026-05-15,09,51,23.0,64,34.4,35.0
465191,2026-05-15,09,52,23.0,64,34.4,35.0
465192,2026-05-15,09,53,23.0,64,34.5,35.0
465193,2026-05-15,09,54,23.0,64,34.4,35.0
465194,2026-05-15,09,58,23.0,64,32.4,38.0
465195,2026-05-15,09,59,23.0,64,32.1,38.0
465196,2026-05-15,10,00,23.0,64,31.5,39.0
465197,2026-05-15,10,01,23.0,64,31.0,40.0
465198,2026-05-15,10,02,23.0,64,30.7,40.0
465199,2026-05-15,10,03,23.0,64,30.2,41.0
465200,2026-05-15,10,09,23.0,64,28.7,43.0
465201,2026-05-15,10,10,23.0,64,28.7,43.0
465202,2026-05-15,10,11,23.0,64,28.7,44.0
465203,2026-05-15,10,13,23.0,64,28.6,44.0
465204,2026-05-15,10,14,23.0,64,28.6,44.0
465205,2026-05-15,10,16,23.0,64,28.6,44.0
465206,2026-05-15,10,17,23.0,64,28.7,44.0
465207,2026-05-15,10,18,23.0,64,28.6,44.0
465208,2026-05-15,10,19,23.4,64,28.6,44.0
465209,2026-05-15,10,20,23.4,64,28.6,44.0
465210,2026-05-15,10,21,23.4,64,28.5,44.0
465211,2026-05-15,10,22,23.4,64,28.5,44.0
465212,2026-05-15,10,23,23.4,63,28.6,44.0
465213,2026-05-15,10,24,23.4,63,28.6,44.0
465214,2026-05-15,10,25,23.4,63,28.6,44.0
465215,2026-05-15,10,26,23.4,63,28.6,44.0
465216,2026-05-15,10,27,23.4,63,28.6,44.0
465217,2026-05-15,10,28,23.4,63,28.6,44.0
465218,2026-05-15,10,29,23.4,63,28.6,44.0
465219,2026-05-15,10,30,23.4,63,28.6,44.0
465220,2026-05-15,10,31,23.4,64,28.6,44.0
465221,2026-05-15,10,32,23.4,63,28.5,44.0
465222,2026-05-15,10,33,23.4,63,28.4,44.0
465223,2026-05-15,10,34,23.4,63,28.3,44.0
465224,2026-05-15,10,35,23.4,63,28.3,44.0
465225,2026-05-15,10,36,23.4,63,28.2,44.0
465226,2026-05-15,10,37,23.4,63,28.0,45.0
465227,2026-05-15,10,38,23.4,63,28.0,45.0
465228,2026-05-15,10,39,23.4,63,27.9,45.0
465229,2026-05-15,10,40,23.4,63,28.0,45.0
465230,2026-05-15,10,41,23.4,63,28.0,45.0
465231,2026-05-15,10,42,23.4,63,28.1,45.0
465232,2026-05-15,10,43,23.4,63,28.0,45.0
465233,2026-05-15,10,44,23.4,63,28.0,45.0
465234,2026-05-15,10,45,23.4,63,27.9,45.0
465235,2026-05-15,10,46,23.4,63,27.9,45.0
465236,2026-05-15,10,47,23.4,63,27.9,45.0
465237,2026-05-15,10,48,23.4,63,27.9,45.0
465238,2026-05-15,10,49,23.4,63,27.9,45.0
465239,2026-05-15,10,50,23.4,63,27.9,45.0
465240,2026-05-15,10,51,23.4,63,28.0,45.0
465241,2026-05-15,10,52,23.4,63,28.0,45.0
465242,2026-05-15,10,53,23.4,63,28.1,45.0
465243,2026-05-15,10,54,23.4,63,28.1,45.0
465244,2026-05-15,10,55,23.4,63,28.0,45.0
465245,2026-05-15,10,56,23.4,63,28.0,45.0
465246,2026-05-15,10,57,23.4,63,28.0,45.0
465247,2026-05-15,10,58,23.4,63,28.0,45.0
465248,2026-05-15,10,59,23.4,63,28.0,45.0
465249,2026-05-15,11,00,23.4,63,28.1,44.0
465250,2026-05-15,11,01,23.4,63,28.2,44.0
465251,2026-05-15,11,02,23.4,63,28.3,44.0
465252,2026-05-15,11,03,23.4,63,28.4,44.0
465253,2026-05-15,11,04,23.4,63,28.5,44.0
465254,2026-05-15,11,05,23.4,63,28.5,44.0
465255,2026-05-15,11,06,23.4,63,28.5,44.0
465256,2026-05-15,11,07,23.8,62,28.4,44.0
465257,2026-05-15,11,08,23.8,62,28.4,44.0
465258,2026-05-15,11,09,23.8,62,28.3,44.0
465259,2026-05-15,11,10,23.8,62,28.2,44.0
465260,2026-05-15,11,11,23.8,62,28.2,44.0
465261,2026-05-15,11,12,23.8,61,28.3,44.0
465262,2026-05-15,11,13,23.8,61,28.3,44.0
465263,2026-05-15,11,14,23.8,61,28.4,44.0
465264,2026-05-15,11,15,23.8,61,28.4,44.0
465265,2026-05-15,11,16,23.8,61,28.4,44.0
465266,2026-05-15,11,17,23.8,61,28.4,44.0
465267,2026-05-15,11,18,23.8,61,28.5,44.0
465268,2026-05-15,11,19,23.8,61,28.5,44.0
465269,2026-05-15,11,20,23.8,60,28.6,44.0
465270,2026-05-15,11,21,23.8,60,28.6,44.0
465271,2026-05-15,11,22,23.8,60,28.6,44.0
465272,2026-05-15,11,23,23.8,60,28.6,43.0
465273,2026-05-15,11,25,23.8,60,28.5,44.0
465274,2026-05-15,11,26,23.8,60,28.4,44.0
465275,2026-05-15,11,27,23.8,60,28.3,44.0
465276,2026-05-15,11,28,23.8,60,28.2,44.0
465277,2026-05-15,11,29,23.8,60,28.2,44.0
465278,2026-05-15,11,30,23.8,60,28.2,44.0
465279,2026-05-15,11,31,23.8,60,28.2,44.0
465280,2026-05-15,11,32,23.8,60,28.1,44.0
465281,2026-05-15,11,33,23.8,61,28.0,44.0
465282,2026-05-15,11,34,23.8,61,27.9,44.0
465283,2026-05-15,11,35,23.8,60,27.9,45.0
465284,2026-05-15,11,36,23.8,60,27.9,45.0
465285,2026-05-15,11,37,23.8,60,27.9,45.0
465286,2026-05-15,11,38,23.8,60,27.9,44.0
465287,2026-05-15,11,39,23.8,60,28.0,44.0
465288,2026-05-15,11,40,23.8,60,28.1,44.0
465289,2026-05-15,11,41,23.8,60,28.1,44.0
465290,2026-05-15,11,42,24.1,60,28.2,44.0
465291,2026-05-15,11,43,24.1,60,28.2,44.0
465292,2026-05-15,11,44,24.1,60,28.2,44.0
465293,2026-05-15,11,45,24.1,60,28.3,44.0
465294,2026-05-15,11,46,24.1,60,28.4,44.0
465295,2026-05-15,11,47,24.1,61,28.5,44.0
465296,2026-05-15,11,48,24.1,62,28.5,44.0
465297,2026-05-15,11,49,24.1,62,28.4,44.0
465298,2026-05-15,11,50,24.1,63,28.4,44.0
465299,2026-05-15,11,51,24.1,63,28.3,45.0
465300,2026-05-15,11,52,24.1,63,28.1,45.0
465301,2026-05-15,11,53,24.1,64,28.0,46.0
465302,2026-05-15,11,54,24.1,64,27.9,46.0
465303,2026-05-15,11,55,24.1,64,27.8,46.0
465304,2026-05-15,11,56,24.1,64,27.8,47.0
465305,2026-05-15,11,57,24.2,64,27.8,47.0
465306,2026-05-15,11,58,24.4,64,27.9,47.0
465307,2026-05-15,11,59,24.2,64,28.0,46.0
465308,2026-05-15,12,00,24.5,64,28.1,47.0
465309,2026-05-15,12,01,24.5,65,28.1,47.0
465310,2026-05-15,12,02,24.5,66,28.2,47.0
465311,2026-05-15,12,03,24.5,66,28.2,47.0
465312,2026-05-15,12,04,24.5,66,28.2,47.0
465313,2026-05-15,12,05,24.5,66,28.3,47.0
465314,2026-05-15,12,06,24.5,67,28.4,47.0
465315,2026-05-15,12,07,24.5,67,28.5,47.0
465316,2026-05-15,12,08,24.5,68,28.5,47.0
465317,2026-05-15,12,09,24.5,68,28.6,47.0
465318,2026-05-15,12,10,24.5,69,28.6,47.0
465319,2026-05-15,12,11,24.5,69,28.6,47.0
465320,2026-05-15,12,12,24.5,69,28.5,47.0
465321,2026-05-15,12,13,24.5,69,28.5,47.0
465322,2026-05-15,12,14,24.5,69,28.3,48.0
465323,2026-05-15,12,15,24.5,69,28.3,48.0
465324,2026-05-15,12,16,24.5,69,28.2,48.0
465325,2026-05-15,12,17,24.5,70,28.2,48.0
465326,2026-05-15,12,18,24.5,70,28.2,48.0
465327,2026-05-15,12,19,24.5,70,28.1,48.0
465328,2026-05-15,12,20,24.5,70,28.1,48.0
465329,2026-05-15,12,27,24.5,71,28.3,49.0
465330,2026-05-15,12,28,24.5,71,28.4,49.0
465331,2026-05-15,13,27,24.8,63,28.4,46.0
465332,2026-05-15,13,28,24.8,62,28.4,46.0
465333,2026-05-15,13,29,24.8,62,28.4,46.0
465334,2026-05-15,13,30,24.8,62,28.4,46.0
465335,2026-05-15,13,31,24.8,62,28.4,46.0
465336,2026-05-15,13,32,24.8,62,28.4,46.0
465337,2026-05-15,13,33,24.8,62,28.4,46.0
465338,2026-05-15,13,34,24.8,61,28.4,46.0
465339,2026-05-15,13,35,24.8,61,28.5,46.0
465340,2026-05-15,13,36,24.8,61,28.5,46.0
465341,2026-05-15,13,37,24.8,61,28.5,46.0
465342,2026-05-15,13,38,24.8,61,28.5,46.0
465343,2026-05-15,13,39,24.8,61,28.5,46.0
465344,2026-05-15,13,40,24.8,61,28.6,46.0
465345,2026-05-15,13,41,24.8,61,28.6,46.0
465346,2026-05-15,13,42,24.8,61,28.6,46.0
465347,2026-05-15,13,43,24.8,61,28.6,46.0
465348,2026-05-15,13,44,24.8,61,28.6,45.0
465349,2026-05-15,13,47,24.8,60,28.6,46.0
465350,2026-05-15,13,48,24.8,60,28.6,46.0
465351,2026-05-15,13,49,24.8,60,28.6,46.0
465352,2026-05-15,13,50,24.8,60,28.6,46.0
465353,2026-05-15,13,51,24.8,60,28.6,46.0
465354,2026-05-15,13,52,25.2,60,28.6,45.0
465355,2026-05-15,13,53,25.3,60,28.6,45.0
465356,2026-05-15,13,54,25.3,60,28.6,45.0
465357,2026-05-15,13,55,25.3,60,28.6,45.0
465358,2026-05-15,13,59,25.3,59,28.6,45.0
465359,2026-05-15,14,00,25.3,59,28.6,45.0
465360,2026-05-15,14,01,25.3,59,28.6,45.0
465361,2026-05-15,14,02,25.3,59,28.6,45.0
465362,2026-05-15,14,03,25.3,59,28.6,45.0
465363,2026-05-15,14,04,25.3,59,28.6,45.0
465364,2026-05-15,14,05,25.3,59,28.5,46.0
465365,2026-05-15,14,06,25.3,59,28.5,46.0
465366,2026-05-15,14,07,25.3,59,28.5,46.0
465367,2026-05-15,14,08,25.3,59,28.5,46.0
465368,2026-05-15,14,09,25.3,59,28.4,46.0
465369,2026-05-15,14,10,25.3,59,28.4,46.0
465370,2026-05-15,14,11,25.3,59,28.5,46.0
465371,2026-05-15,14,12,25.3,59,28.5,46.0
465372,2026-05-15,14,13,25.3,59,28.6,45.0
465373,2026-05-15,14,14,25.3,59,28.6,45.0
465374,2026-05-15,14,15,25.3,59,28.6,45.0
465375,2026-05-15,14,16,25.3,59,28.6,45.0
465376,2026-05-15,14,17,25.3,59,28.6,45.0
465377,2026-05-15,14,18,25.3,59,28.6,45.0
465378,2026-05-15,14,19,25.3,59,28.7,45.0
465379,2026-05-15,14,20,25.3,59,28.7,45.0
465380,2026-05-15,14,21,25.3,59,28.7,45.0
465381,2026-05-15,14,22,25.3,58,28.7,45.0
465382,2026-05-15,14,23,25.3,58,28.7,45.0
465383,2026-05-15,14,24,25.3,58,28.7,45.0
465384,2026-05-15,14,25,25.3,58,28.7,45.0
465385,2026-05-15,14,26,25.3,58,28.7,45.0
465386,2026-05-15,14,27,25.3,58,28.7,45.0
465387,2026-05-15,14,28,25.3,58,28.7,45.0
465388,2026-05-15,14,29,25.3,58,28.7,45.0
465389,2026-05-15,14,30,25.3,58,28.7,45.0
465390,2026-05-15,14,31,25.3,58,28.7,45.0
465391,2026-05-15,14,32,25.3,58,28.7,45.0
465392,2026-05-15,14,33,25.3,58,28.7,45.0
465393,2026-05-15,14,34,25.3,58,28.8,45.0
465394,2026-05-15,14,35,25.3,58,28.8,45.0
465395,2026-05-15,14,36,25.3,58,28.8,45.0
465396,2026-05-15,14,37,25.3,58,28.8,45.0
465397,2026-05-15,14,38,25.3,58,28.7,45.0
465398,2026-05-15,14,39,25.3,58,28.7,45.0
465399,2026-05-15,14,40,25.3,58,28.7,45.0
465400,2026-05-15,14,41,25.3,58,28.7,45.0
465401,2026-05-15,14,42,25.3,58,28.7,45.0
465402,2026-05-15,14,43,25.3,58,28.7,45.0
465403,2026-05-15,14,44,25.3,58,28.7,45.0
465404,2026-05-15,14,45,25.3,58,28.7,45.0
465405,2026-05-15,14,46,25.3,58,28.7,45.0
465406,2026-05-15,14,47,25.3,58,28.7,45.0
465407,2026-05-15,14,48,25.3,58,28.7,45.0
465408,2026-05-15,14,49,25.3,58,28.7,45.0
465409,2026-05-15,14,50,25.3,58,28.7,45.0
465410,2026-05-15,14,51,25.3,58,28.7,45.0
465411,2026-05-15,14,52,25.8,58,28.7,45.0
465412,2026-05-15,14,53,25.8,58,28.8,45.0
465413,2026-05-15,14,54,25.8,58,28.7,45.0
465414,2026-05-15,14,55,25.8,58,28.7,45.0
465415,2026-05-15,14,56,25.8,58,28.7,45.0
465416,2026-05-15,14,57,25.8,58,28.7,45.0
465417,2026-05-15,14,59,25.8,58,28.6,45.0
465418,2026-05-15,14,59,25.8,58,28.6,45.0
465419,2026-05-15,15,00,25.8,58,28.6,45.0
465420,2026-05-15,15,01,25.8,58,28.6,45.0
465421,2026-05-15,15,02,25.8,58,28.6,45.0
465422,2026-05-15,15,03,25.8,57,28.6,45.0
465423,2026-05-15,15,04,25.8,58,28.5,45.0
465424,2026-05-15,15,05,25.8,58,28.4,46.0
465425,2026-05-15,15,06,25.4,58,28.3,46.0
465426,2026-05-15,15,07,25.3,58,28.2,46.0
465427,2026-05-15,15,08,25.3,58,28.1,46.0
465428,2026-05-15,15,09,25.3,58,28.0,46.0
465429,2026-05-15,15,10,25.6,58,27.9,46.0
465430,2026-05-15,15,11,25.8,58,27.8,46.0
465431,2026-05-15,15,12,25.8,58,27.7,46.0
465432,2026-05-15,15,13,25.8,58,27.6,46.0
465433,2026-05-15,15,14,25.8,58,27.6,47.0
465434,2026-05-15,15,15,25.7,58,27.5,47.0
465435,2026-05-15,15,16,25.8,58,27.5,46.0
465436,2026-05-15,15,18,25.8,58,27.5,47.0
465437,2026-05-15,15,19,25.8,59,27.4,46.0
465438,2026-05-15,15,20,25.6,58,27.4,46.0
465439,2026-05-15,15,21,25.6,58,27.3,46.0
465440,2026-05-15,15,22,25.4,58,27.2,46.0
465441,2026-05-15,15,23,25.8,58,27.1,46.0
465442,2026-05-15,15,24,25.8,58,27.1,46.0
465443,2026-05-15,15,25,25.8,59,27.0,46.0
465444,2026-05-15,15,26,25.8,58,26.9,46.0
465445,2026-05-15,15,28,25.8,58,26.8,46.0
465446,2026-05-15,15,29,25.8,59,26.8,47.0
465447,2026-05-15,15,30,25.8,59,26.8,47.0
465448,2026-05-15,15,31,25.8,59,26.7,47.0
465449,2026-05-15,15,32,25.7,59,26.7,47.0
465450,2026-05-15,15,33,25.8,59,26.6,48.0
465451,2026-05-15,15,34,25.4,59,26.6,48.0
465452,2026-05-15,15,35,25.3,59,26.6,48.0
465453,2026-05-15,15,36,25.3,59,26.5,48.0
465454,2026-05-15,15,38,25.3,59,26.5,47.0
465455,2026-05-15,15,38,25.3,59,26.5,47.0
465456,2026-05-15,15,39,25.3,59,26.5,48.0
465457,2026-05-15,15,40,25.3,59,26.5,48.0
465458,2026-05-15,15,41,25.3,59,26.5,48.0
465459,2026-05-15,15,43,25.3,59,26.4,48.0
465460,2026-05-15,15,43,25.3,59,26.4,49.0
465461,2026-05-15,15,45,25.3,59,26.3,48.0
465462,2026-05-15,15,46,25.3,59,26.3,49.0
465463,2026-05-15,15,47,25.3,59,26.2,49.0
465464,2026-05-15,15,47,25.3,59,26.2,48.0
465465,2026-05-15,15,48,25.3,59,26.2,48.0
465466,2026-05-15,15,51,25.3,59,26.2,47.0
465467,2026-05-15,15,52,25.3,59,26.2,47.0
465468,2026-05-15,15,53,25.3,59,26.2,48.0
465469,2026-05-15,15,54,25.3,59,26.3,48.0
465470,2026-05-15,15,55,25.3,59,26.4,48.0
465471,2026-05-15,15,56,25.3,59,26.5,48.0
465472,2026-05-15,15,57,25.3,59,26.5,47.0
465473,2026-05-15,15,58,25.3,59,26.6,48.0
465474,2026-05-15,15,59,25.3,59,26.6,48.0
465475,2026-05-15,16,00,25.3,59,26.6,48.0
465476,2026-05-15,16,01,25.3,59,26.6,48.0
465477,2026-05-15,16,02,25.3,59,26.6,48.0
465478,2026-05-15,16,03,25.3,59,26.6,48.0
465479,2026-05-15,16,04,25.3,58,26.6,48.0
465480,2026-05-15,16,05,25.3,58,26.6,48.0
465481,2026-05-15,16,06,25.3,58,26.6,48.0
465482,2026-05-15,16,07,25.3,58,26.6,48.0
465483,2026-05-15,16,08,25.3,58,26.6,48.0
465484,2026-05-15,16,09,25.3,59,26.5,48.0
465485,2026-05-15,16,10,25.3,59,26.5,48.0
465486,2026-05-15,16,11,25.3,59,26.5,48.0
465487,2026-05-15,16,12,25.3,59,26.5,48.0
465488,2026-05-15,16,13,25.3,59,26.4,48.0
465489,2026-05-15,16,14,25.3,59,26.4,48.0
465490,2026-05-15,16,15,25.3,59,26.3,47.0
465491,2026-05-15,16,16,25.3,59,26.3,48.0
465492,2026-05-15,16,17,25.3,59,26.2,48.0
465493,2026-05-15,16,18,25.3,59,26.2,48.0
465494,2026-05-15,16,19,25.3,59,26.1,48.0
465495,2026-05-15,16,20,25.3,59,26.0,49.0
465496,2026-05-15,16,21,25.3,59,26.0,49.0
465497,2026-05-15,16,22,25.3,59,26.0,49.0
465498,2026-05-15,16,23,25.3,59,25.9,49.0
465499,2026-05-15,16,24,25.3,59,25.9,49.0
465500,2026-05-15,16,25,25.3,59,25.8,49.0
465501,2026-05-15,16,26,25.3,58,25.8,50.0
465502,2026-05-15,16,27,25.3,59,25.7,50.0
465503,2026-05-15,16,28,25.3,58,25.7,50.0
465504,2026-05-15,16,29,25.3,58,25.7,50.0
465505,2026-05-15,16,30,25.3,59,25.7,50.0
465506,2026-05-15,16,31,25.3,58,25.7,50.0
465507,2026-05-15,16,32,25.3,59,25.7,50.0
465508,2026-05-15,16,33,25.3,59,25.7,50.0
465509,2026-05-15,16,34,25.3,59,25.7,50.0
465510,2026-05-15,16,35,25.3,59,25.7,50.0
465511,2026-05-15,16,36,25.3,59,25.7,50.0
465512,2026-05-15,16,37,25.3,59,25.7,50.0
465513,2026-05-15,16,38,25.3,59,25.7,50.0
465514,2026-05-15,16,39,25.3,59,25.7,50.0
465515,2026-05-15,16,40,25.3,59,25.6,50.0
465516,2026-05-15,16,41,25.3,59,25.6,50.0
465517,2026-05-15,16,42,25.3,59,25.6,50.0
465518,2026-05-15,16,43,25.3,59,25.6,51.0
465519,2026-05-15,16,44,25.3,59,25.6,51.0
465520,2026-05-15,16,45,25.3,59,25.5,51.0
465521,2026-05-15,16,46,25.3,59,25.5,51.0
465522,2026-05-15,16,47,25.3,59,25.4,51.0
465523,2026-05-15,16,48,25.3,59,25.4,52.0
465524,2026-05-15,16,49,25.3,59,25.4,52.0
465525,2026-05-15,16,50,25.3,59,25.3,52.0
465526,2026-05-15,16,51,25.3,59,25.3,52.0
465527,2026-05-15,16,52,25.3,59,25.3,52.0
465528,2026-05-15,16,53,25.3,59,25.2,52.0
465529,2026-05-15,16,54,25.3,60,25.2,52.0
465530,2026-05-15,16,55,25.3,60,25.2,52.0
465531,2026-05-15,16,56,25.3,60,25.1,52.0
465532,2026-05-15,16,57,25.3,60,25.1,52.0
465533,2026-05-15,16,58,25.3,60,25.1,52.0
465534,2026-05-15,16,59,25.3,60,25.1,52.0
465535,2026-05-15,17,00,25.3,60,25.0,53.0
465536,2026-05-15,17,01,25.3,60,25.0,52.0
465537,2026-05-15,17,02,25.3,60,25.0,53.0
465538,2026-05-15,17,03,25.3,60,24.9,53.0
465539,2026-05-15,17,04,25.3,60,24.9,53.0
465540,2026-05-15,17,05,25.3,60,24.9,53.0
465541,2026-05-15,17,06,25.3,60,24.8,53.0
465542,2026-05-15,17,07,25.3,60,24.8,53.0
465543,2026-05-15,17,08,25.3,60,24.8,53.0
465544,2026-05-15,17,09,25.3,60,24.7,54.0
465545,2026-05-15,17,10,25.3,60,24.7,54.0
465546,2026-05-15,17,11,25.3,60,24.7,54.0
465547,2026-05-15,17,12,25.3,60,24.6,54.0
465548,2026-05-15,17,13,25.3,60,24.6,54.0
465549,2026-05-15,17,52,25.3,62,23.8,56.0
465550,2026-05-15,17,53,25.1,62,23.7,57.0
465551,2026-05-15,17,54,25.2,62,23.8,57.0
465552,2026-05-15,17,55,25.3,62,23.7,57.0
465553,2026-05-15,17,56,25.3,62,23.7,57.0
465554,2026-05-15,17,57,25.3,62,23.7,57.0
465555,2026-05-15,17,58,25.3,62,23.7,57.0
465556,2026-05-15,17,59,25.3,62,23.7,57.0
465557,2026-05-15,18,00,25.3,62,23.6,56.0
465558,2026-05-15,18,01,25.0,62,23.6,56.0
465559,2026-05-15,18,02,24.9,62,23.6,56.0
465560,2026-05-15,18,03,24.9,62,23.5,56.0
465561,2026-05-15,18,04,24.9,62,23.5,57.0
465562,2026-05-15,18,05,24.9,62,23.5,57.0
465563,2026-05-15,18,06,24.8,62,23.5,57.0
465564,2026-05-15,18,07,24.8,62,23.5,57.0
465565,2026-05-15,18,08,24.8,62,23.5,57.0
465566,2026-05-15,18,09,24.8,62,23.5,57.0
465567,2026-05-15,18,10,24.8,62,23.4,57.0
465568,2026-05-15,18,11,24.8,62,23.4,57.0
465569,2026-05-15,18,12,24.8,62,23.4,57.0
465570,2026-05-15,18,13,24.8,62,23.4,57.0
465571,2026-05-15,18,14,24.8,62,23.4,57.0
465572,2026-05-15,18,15,24.8,62,23.4,57.0
465573,2026-05-15,18,16,24.8,62,23.4,57.0
465574,2026-05-15,18,17,24.8,62,23.4,57.0
465575,2026-05-15,18,18,24.8,62,23.4,58.0
465576,2026-05-15,18,19,24.8,62,23.4,58.0
465577,2026-05-15,18,20,24.8,62,23.4,58.0
465578,2026-05-15,18,21,24.8,63,23.4,58.0
465579,2026-05-15,18,22,24.8,63,23.4,58.0
465580,2026-05-15,18,23,24.8,63,23.3,58.0
465581,2026-05-15,18,24,24.8,63,23.3,58.0
465582,2026-05-15,18,25,24.8,63,23.3,58.0
465583,2026-05-15,18,26,24.8,63,23.3,58.0
465584,2026-05-15,18,27,24.8,63,23.3,58.0
465585,2026-05-15,18,28,24.8,63,23.3,58.0
465586,2026-05-15,18,29,24.8,63,23.3,58.0
465587,2026-05-15,18,30,24.8,63,23.3,58.0
465588,2026-05-15,18,31,24.8,63,23.3,58.0
465589,2026-05-15,18,32,24.8,63,23.3,58.0
465590,2026-05-15,18,33,24.8,63,23.2,58.0
465591,2026-05-15,18,34,24.8,63,23.2,58.0
465592,2026-05-15,18,35,24.8,63,23.2,58.0
465593,2026-05-15,18,36,24.8,63,23.2,58.0
465594,2026-05-15,18,37,24.8,63,23.2,58.0
465595,2026-05-15,18,38,24.8,63,23.2,58.0
465596,2026-05-15,18,39,24.8,63,23.2,58.0
465597,2026-05-15,18,40,24.8,63,23.2,58.0
465598,2026-05-15,18,41,24.8,63,23.2,58.0
465599,2026-05-15,18,42,24.8,63,23.2,58.0
465600,2026-05-15,18,43,24.8,63,23.1,58.0
465601,2026-05-15,18,44,24.8,63,23.1,58.0
465602,2026-05-15,18,45,24.8,63,23.1,58.0
465603,2026-05-15,18,46,24.8,63,23.1,58.0
465604,2026-05-15,18,47,24.8,63,23.1,58.0
465605,2026-05-15,18,48,24.8,63,23.1,58.0
465606,2026-05-15,18,49,24.8,63,23.0,58.0
465607,2026-05-15,18,50,24.8,63,23.0,58.0
465608,2026-05-15,18,51,24.8,63,23.0,58.0
465609,2026-05-15,18,52,24.8,63,23.0,58.0
465610,2026-05-15,18,53,24.8,63,23.0,58.0
465611,2026-05-15,18,54,24.8,63,23.0,59.0
465612,2026-05-15,18,55,24.8,63,23.0,59.0
465613,2026-05-15,18,56,24.8,63,23.0,59.0
465614,2026-05-15,18,57,24.8,63,23.0,59.0
465615,2026-05-15,18,58,24.8,63,23.0,59.0
465616,2026-05-15,18,59,24.8,63,23.0,59.0
465617,2026-05-15,19,00,24.8,63,22.9,60.0
465618,2026-05-15,19,01,24.8,63,22.9,60.0
465619,2026-05-15,19,02,24.8,63,22.9,60.0
465620,2026-05-15,19,03,24.8,63,22.9,60.0
465621,2026-05-15,19,04,24.8,63,22.9,60.0
465622,2026-05-15,19,05,24.8,63,22.9,60.0
465623,2026-05-15,19,06,24.8,63,22.9,60.0
465624,2026-05-15,19,07,24.8,63,22.9,60.0
465625,2026-05-15,19,08,24.8,63,22.9,60.0
465626,2026-05-15,19,09,24.8,63,22.9,60.0
465627,2026-05-15,19,10,24.8,63,22.9,60.0
465628,2026-05-15,19,11,24.8,63,22.9,60.0
465629,2026-05-15,19,12,24.8,63,22.9,60.0
465630,2026-05-15,19,13,24.8,63,22.8,60.0
465631,2026-05-15,19,14,24.8,63,22.9,60.0
465632,2026-05-15,19,15,24.8,63,22.8,60.0
465633,2026-05-15,19,16,24.8,63,22.8,60.0
465634,2026-05-15,19,17,24.8,63,22.8,60.0
465635,2026-05-15,19,18,24.8,63,22.8,61.0
465636,2026-05-15,19,19,24.8,63,22.8,61.0
465637,2026-05-15,19,20,24.8,63,22.8,61.0
465638,2026-05-15,19,21,24.8,63,22.8,61.0
465639,2026-05-15,19,22,24.8,63,22.8,61.0
465640,2026-05-15,19,23,24.8,63,22.8,61.0
465641,2026-05-15,19,24,24.8,63,22.8,61.0
465642,2026-05-15,19,25,24.8,63,22.8,61.0
465643,2026-05-15,19,26,24.8,63,22.8,61.0
465644,2026-05-15,19,27,24.8,63,22.8,61.0
465645,2026-05-15,19,28,24.8,63,22.8,61.0
465646,2026-05-15,19,29,24.8,63,22.7,61.0
465647,2026-05-15,19,30,24.8,63,22.7,61.0
465648,2026-05-15,19,31,24.8,63,22.7,61.0
465649,2026-05-15,19,32,24.8,63,22.7,61.0
465650,2026-05-15,19,33,24.8,63,22.7,61.0
465651,2026-05-15,19,34,24.8,63,22.7,61.0
465652,2026-05-15,19,35,24.8,63,22.7,61.0
465653,2026-05-15,19,36,24.8,63,22.6,61.0
465654,2026-05-15,19,37,24.8,63,22.6,62.0
465655,2026-05-15,19,38,24.8,63,22.6,62.0
465656,2026-05-15,19,39,24.8,63,22.6,62.0
465657,2026-05-15,19,40,24.8,63,22.6,62.0
465658,2026-05-15,19,41,24.8,63,22.6,62.0
465659,2026-05-15,19,42,24.8,63,22.6,62.0
465660,2026-05-15,19,43,24.8,63,22.6,62.0
465661,2026-05-15,19,44,24.8,63,22.6,62.0
465662,2026-05-15,19,45,24.8,64,22.6,62.0
465663,2026-05-15,19,46,24.8,64,22.6,62.0
465664,2026-05-15,19,47,24.8,64,22.6,62.0
465665,2026-05-15,19,48,24.8,64,22.6,62.0
465666,2026-05-15,19,49,24.6,64,22.6,62.0
465667,2026-05-15,19,50,24.5,64,22.6,62.0
465668,2026-05-15,19,51,24.5,64,22.5,62.0
465669,2026-05-15,19,52,24.5,64,22.5,62.0
465670,2026-05-15,19,53,24.5,64,22.5,62.0
465671,2026-05-15,19,54,24.5,64,22.5,62.0
465672,2026-05-15,19,55,24.5,64,22.5,62.0
465673,2026-05-15,19,56,24.5,64,22.5,62.0
465674,2026-05-15,19,57,24.5,64,22.5,62.0
465675,2026-05-15,19,58,24.5,64,22.5,62.0
465676,2026-05-15,19,59,24.5,64,22.5,62.0
465677,2026-05-15,20,00,24.5,64,22.5,62.0
465678,2026-05-15,20,01,24.5,64,22.4,62.0
465679,2026-05-15,20,02,24.5,64,22.4,62.0
465680,2026-05-15,20,03,24.5,64,22.4,62.0
465681,2026-05-15,20,04,24.5,64,22.4,62.0
465682,2026-05-15,20,05,24.5,64,22.4,62.0
465683,2026-05-15,20,06,24.5,64,22.4,62.0
465684,2026-05-15,20,07,24.5,64,22.4,62.0
465685,2026-05-15,20,08,24.5,64,22.4,62.0
465686,2026-05-15,20,09,24.5,64,22.4,62.0
465687,2026-05-15,20,10,24.5,64,22.4,62.0
465688,2026-05-15,20,11,24.5,64,22.4,62.0
465689,2026-05-15,20,12,24.5,64,22.4,62.0
465690,2026-05-15,20,13,24.5,64,22.4,63.0
465691,2026-05-15,20,14,24.5,64,22.4,63.0
465692,2026-05-15,20,15,24.5,64,22.4,63.0
465693,2026-05-15,20,16,24.5,64,22.4,63.0
465694,2026-05-15,20,17,24.5,64,22.3,63.0
465695,2026-05-15,20,18,24.5,64,22.3,63.0
465696,2026-05-15,20,19,24.5,64,22.3,63.0
465697,2026-05-15,20,20,24.5,64,22.3,63.0
465698,2026-05-15,20,21,24.5,64,22.3,63.0
465699,2026-05-15,20,22,24.5,64,22.3,63.0
465700,2026-05-15,20,23,24.5,64,22.3,63.0
465701,2026-05-15,20,24,24.5,64,22.3,63.0
465702,2026-05-15,20,25,24.5,64,22.3,63.0
465703,2026-05-15,20,26,24.5,64,22.3,63.0
465704,2026-05-15,20,27,24.5,64,22.3,63.0
465705,2026-05-15,20,28,24.5,64,22.3,63.0
465706,2026-05-15,20,29,24.5,64,22.3,63.0
465707,2026-05-15,20,30,24.5,64,22.3,63.0
465708,2026-05-15,20,31,24.5,64,22.3,63.0
465709,2026-05-15,20,32,24.5,64,22.3,63.0
465710,2026-05-15,20,33,24.5,64,22.2,63.0
465711,2026-05-15,20,34,24.5,64,22.2,63.0
465712,2026-05-15,20,35,24.5,64,22.2,63.0
465713,2026-05-15,20,36,24.5,64,22.2,63.0
465714,2026-05-15,20,37,24.5,64,22.2,63.0
465715,2026-05-15,20,38,24.5,64,22.2,63.0
465716,2026-05-15,20,39,24.5,64,22.2,63.0
465717,2026-05-15,20,40,24.5,64,22.2,63.0
465718,2026-05-15,20,41,24.5,64,22.2,63.0
465719,2026-05-15,20,42,24.5,64,22.2,63.0
465720,2026-05-15,20,43,24.5,64,22.2,63.0
465721,2026-05-15,20,44,24.5,64,22.2,63.0
465722,2026-05-15,20,45,24.5,64,22.2,63.0
465723,2026-05-15,20,46,24.5,64,22.2,63.0
465724,2026-05-15,20,47,24.5,64,22.1,63.0
465725,2026-05-15,20,48,24.5,64,22.2,63.0
465726,2026-05-15,20,49,24.5,64,22.1,63.0
465727,2026-05-15,20,50,24.5,64,22.2,63.0
465728,2026-05-15,20,51,24.5,64,22.2,63.0
465729,2026-05-15,20,52,24.5,64,22.2,63.0
465730,2026-05-15,20,53,24.5,64,22.2,63.0
465731,2026-05-15,20,54,24.5,64,22.2,63.0
465732,2026-05-15,20,55,24.5,64,22.1,63.0
465733,2026-05-15,20,56,24.5,64,22.2,63.0
465734,2026-05-15,20,57,24.5,64,22.1,63.0
465735,2026-05-15,20,58,24.5,64,22.1,63.0
465736,2026-05-15,20,59,24.5,64,22.1,63.0
465737,2026-05-15,21,00,24.5,64,22.1,63.0
465738,2026-05-15,21,01,24.5,64,22.1,63.0
465739,2026-05-15,21,02,24.5,64,22.1,63.0
465740,2026-05-15,21,03,24.5,64,22.1,63.0
465741,2026-05-15,21,04,24.5,64,22.1,63.0
465742,2026-05-15,21,05,24.5,64,22.1,63.0
465743,2026-05-15,21,06,24.5,64,22.1,63.0
465744,2026-05-15,21,07,24.5,64,22.1,63.0
465745,2026-05-15,21,08,24.5,64,22.1,63.0
465746,2026-05-15,21,09,24.5,64,22.1,63.0
465747,2026-05-15,21,10,24.5,64,22.1,63.0
465748,2026-05-15,21,11,24.4,64,22.1,63.0
465749,2026-05-15,21,12,24.2,64,22.0,63.0
465750,2026-05-15,21,13,24.2,64,22.0,63.0
465751,2026-05-15,21,14,24.2,64,22.0,63.0
465752,2026-05-15,21,15,24.2,64,22.0,63.0
465753,2026-05-15,21,16,24.1,64,22.0,63.0
465754,2026-05-15,21,17,24.1,64,22.0,63.0
465755,2026-05-15,21,18,24.1,64,22.0,63.0
465756,2026-05-15,21,19,24.1,64,22.0,63.0
465757,2026-05-15,21,20,24.1,64,22.0,63.0
465758,2026-05-15,21,21,24.1,64,22.0,63.0
465759,2026-05-15,21,22,24.1,64,22.0,63.0
465760,2026-05-15,21,23,24.1,64,22.0,63.0
465761,2026-05-15,21,24,24.1,64,22.0,63.0
465762,2026-05-15,21,25,24.1,64,22.0,63.0
465763,2026-05-15,21,26,24.1,64,22.0,63.0
465764,2026-05-15,21,27,24.1,64,22.0,63.0
465765,2026-05-15,21,28,24.1,64,22.0,63.0
465766,2026-05-15,21,29,24.1,64,22.0,63.0
465767,2026-05-15,21,30,24.1,64,22.0,63.0
465768,2026-05-15,21,31,24.1,64,22.0,63.0
465769,2026-05-15,21,32,24.1,64,22.0,63.0
465770,2026-05-15,21,33,24.1,64,22.0,63.0
465771,2026-05-15,21,34,24.1,64,22.0,63.0
465772,2026-05-15,21,35,24.1,64,22.0,63.0
465773,2026-05-15,21,36,24.1,64,22.0,63.0
465774,2026-05-15,21,37,24.1,64,22.0,63.0
465775,2026-05-15,21,38,24.1,64,22.0,63.0
465776,2026-05-15,21,39,24.1,64,22.0,63.0
465777,2026-05-15,21,40,24.1,64,22.0,63.0
465778,2026-05-15,21,41,24.1,64,22.0,63.0
465779,2026-05-15,21,42,24.1,64,22.0,63.0
465780,2026-05-15,21,43,24.1,64,22.0,63.0
465781,2026-05-15,21,44,24.1,64,22.0,63.0
465782,2026-05-15,21,45,24.1,64,22.0,63.0
465783,2026-05-15,21,46,24.1,64,22.0,63.0
465784,2026-05-15,21,47,24.1,64,22.0,63.0
465785,2026-05-15,21,48,24.1,64,22.0,63.0
465786,2026-05-15,21,49,24.1,64,22.0,63.0
465787,2026-05-15,21,50,24.1,65,22.0,63.0
465788,2026-05-15,21,51,24.1,64,22.0,63.0
465789,2026-05-15,21,52,24.1,65,22.0,63.0
465790,2026-05-15,21,53,24.1,65,22.0,63.0
465791,2026-05-15,21,54,24.1,65,22.0,63.0
465792,2026-05-15,21,55,24.1,65,22.0,63.0
465793,2026-05-15,21,56,24.1,65,22.0,63.0
465794,2026-05-15,21,57,24.1,65,22.0,63.0
465795,2026-05-15,21,58,24.1,65,22.0,63.0
465796,2026-05-15,21,59,24.1,65,21.9,63.0
465797,2026-05-15,22,00,24.1,65,21.9,63.0
465798,2026-05-15,22,01,24.1,65,21.9,63.0
465799,2026-05-15,22,02,24.1,65,21.9,63.0
465800,2026-05-15,22,03,24.1,65,21.9,63.0
465801,2026-05-15,22,04,24.1,65,21.9,63.0
465802,2026-05-15,22,05,24.1,65,21.9,63.0
465803,2026-05-15,22,06,24.1,65,21.9,63.0
465804,2026-05-15,22,07,24.1,65,21.9,63.0
465805,2026-05-15,22,08,24.1,65,21.9,63.0
465806,2026-05-15,22,09,24.1,65,21.9,63.0
465807,2026-05-15,22,10,24.1,65,21.9,63.0
465808,2026-05-15,22,11,24.1,65,21.9,63.0
465809,2026-05-15,22,12,24.1,65,21.9,63.0
465810,2026-05-15,22,13,24.1,65,21.9,63.0
465811,2026-05-15,22,14,24.1,65,21.9,63.0
465812,2026-05-15,22,15,24.1,65,21.8,63.0
465813,2026-05-15,22,16,24.1,65,21.8,63.0
465814,2026-05-15,22,17,24.1,65,21.8,63.0
465815,2026-05-15,22,18,24.1,65,21.8,63.0
465816,2026-05-15,22,19,24.1,65,21.8,63.0
465817,2026-05-15,22,20,24.1,65,21.8,63.0
465818,2026-05-15,22,21,24.1,65,21.8,63.0
465819,2026-05-15,22,22,24.1,65,21.8,63.0
465820,2026-05-15,22,23,24.1,65,21.8,63.0
465821,2026-05-15,22,24,24.1,65,21.8,63.0
465822,2026-05-15,22,25,24.1,65,21.8,63.0
465823,2026-05-15,22,26,24.1,65,21.8,63.0
465824,2026-05-15,22,27,24.1,65,21.8,63.0
465825,2026-05-15,22,28,24.1,65,21.7,63.0
465826,2026-05-15,22,29,24.1,65,21.7,63.0
465827,2026-05-15,22,30,24.1,65,21.7,63.0
465828,2026-05-15,22,31,24.1,65,21.7,63.0
465829,2026-05-15,22,32,24.1,65,21.7,64.0
465830,2026-05-15,22,33,24.1,65,21.7,64.0
465831,2026-05-15,22,34,24.1,65,21.7,63.0
465832,2026-05-15,22,35,24.1,65,21.7,63.0
465833,2026-05-15,22,36,24.1,65,21.7,63.0
465834,2026-05-15,22,37,24.0,65,21.7,64.0
465835,2026-05-15,22,38,23.8,65,21.7,64.0
465836,2026-05-15,22,39,23.8,65,21.7,64.0
465837,2026-05-15,22,40,23.8,65,21.7,64.0
465838,2026-05-15,22,41,23.8,65,21.6,64.0
465839,2026-05-15,22,42,23.8,65,21.7,64.0
465840,2026-05-15,22,43,23.8,65,21.6,64.0
465841,2026-05-15,22,44,23.8,65,21.6,64.0
465842,2026-05-15,22,45,23.8,65,21.6,64.0
465843,2026-05-15,22,46,23.8,65,21.6,64.0
465844,2026-05-15,22,47,23.8,65,21.6,64.0
465845,2026-05-15,22,48,23.8,65,21.6,64.0
465846,2026-05-15,22,49,23.8,65,21.6,64.0
465847,2026-05-15,22,50,23.8,65,21.6,64.0
465848,2026-05-15,22,51,23.8,65,21.5,64.0
465849,2026-05-15,22,52,23.8,65,21.5,64.0
465850,2026-05-15,22,53,23.8,65,21.5,64.0
465851,2026-05-15,22,54,23.8,65,21.5,64.0
465852,2026-05-15,22,55,23.8,65,21.5,64.0
465853,2026-05-15,22,56,23.8,65,21.5,64.0
465854,2026-05-15,22,57,23.8,65,21.5,64.0
465855,2026-05-15,22,58,23.8,65,21.5,64.0
465856,2026-05-15,22,59,23.8,65,21.4,64.0
465857,2026-05-15,23,00,23.8,65,21.4,64.0
465858,2026-05-15,23,01,23.8,65,21.4,64.0
465859,2026-05-15,23,02,23.8,65,21.4,64.0
465860,2026-05-15,23,03,23.8,65,21.4,64.0
465861,2026-05-15,23,04,23.8,65,21.4,64.0
465862,2026-05-15,23,05,23.8,65,21.4,64.0
465863,2026-05-15,23,06,23.8,65,21.4,65.0
465864,2026-05-15,23,07,23.8,65,21.4,65.0
465865,2026-05-15,23,08,23.8,65,21.3,65.0
465866,2026-05-15,23,09,23.8,65,21.3,65.0
465867,2026-05-15,23,10,23.8,65,21.3,65.0
465868,2026-05-15,23,11,23.8,65,21.3,65.0
465869,2026-05-15,23,12,23.8,65,21.3,64.0
465870,2026-05-15,23,13,23.8,65,21.3,65.0
465871,2026-05-15,23,14,23.8,65,21.3,65.0
465872,2026-05-15,23,15,23.8,65,21.3,65.0
465873,2026-05-15,23,16,23.8,65,21.3,65.0
465874,2026-05-15,23,17,23.8,65,21.2,65.0
465875,2026-05-15,23,18,23.8,65,21.2,65.0
465876,2026-05-15,23,19,23.8,65,21.2,65.0
465877,2026-05-15,23,20,23.8,65,21.2,65.0
465878,2026-05-15,23,21,23.8,65,21.2,65.0
465879,2026-05-15,23,22,23.8,65,21.2,64.0
465880,2026-05-15,23,23,23.8,65,21.2,65.0
465881,2026-05-15,23,24,23.8,65,21.2,65.0
465882,2026-05-15,23,25,23.8,65,21.2,65.0
465883,2026-05-15,23,26,23.8,65,21.2,65.0
465884,2026-05-15,23,27,23.8,65,21.1,65.0
465885,2026-05-15,23,28,23.8,65,21.1,65.0
465886,2026-05-15,23,29,23.8,65,21.1,65.0
465887,2026-05-15,23,30,23.8,65,21.1,65.0
465888,2026-05-15,23,31,23.8,65,21.1,65.0
465889,2026-05-15,23,32,23.8,65,21.0,65.0
465890,2026-05-15,23,33,23.8,66,21.0,65.0
465891,2026-05-15,23,34,23.8,66,21.0,65.0
465892,2026-05-15,23,35,23.8,66,21.0,65.0
465893,2026-05-15,23,36,23.8,66,21.0,65.0
465894,2026-05-15,23,37,23.8,66,21.0,65.0
465895,2026-05-15,23,38,23.8,66,21.0,65.0
465896,2026-05-15,23,39,23.8,66,21.0,65.0
465897,2026-05-15,23,40,23.8,66,21.0,65.0
465898,2026-05-15,23,41,23.8,66,21.0,65.0
465899,2026-05-15,23,42,23.6,66,21.0,65.0
465900,2026-05-15,23,43,23.4,66,21.0,65.0
465901,2026-05-15,23,44,23.4,66,21.0,65.0
465902,2026-05-15,23,45,23.4,66,21.0,65.0
465903,2026-05-15,23,46,23.4,66,21.0,65.0
465904,2026-05-15,23,47,23.4,66,21.0,65.0
465905,2026-05-15,23,48,23.4,66,21.0,65.0
465906,2026-05-15,23,49,23.4,67,21.0,65.0
465907,2026-05-15,23,50,23.4,67,21.0,65.0
465908,2026-05-15,23,51,23.4,67,21.0,65.0
465909,2026-05-15,23,52,23.4,67,21.0,65.0
465910,2026-05-15,23,53,23.4,67,21.0,65.0
465911,2026-05-15,23,54,23.4,67,21.0,65.0
465912,2026-05-15,23,55,23.4,67,21.0,65.0
465913,2026-05-15,23,56,23.4,67,21.0,65.0
465914,2026-05-15,23,57,23.4,67,21.0,65.0
465915,2026-05-15,23,58,23.4,67,21.0,65.0
465916,2026-05-15,23,59,23.4,67,21.0,65.0
465917,2026-05-16,00,00,23.4,67,21.0,65.0
465918,2026-05-16,00,01,23.4,67,21.0,65.0
465919,2026-05-16,00,02,23.4,67,21.0,65.0
465920,2026-05-16,00,03,23.4,67,21.0,65.0
465921,2026-05-16,00,04,23.4,67,21.0,65.0
465922,2026-05-16,00,05,23.4,67,21.0,65.0
465923,2026-05-16,00,06,23.4,67,21.0,65.0
465924,2026-05-16,00,07,23.4,67,21.0,65.0
465925,2026-05-16,00,08,23.4,68,21.0,65.0
465926,2026-05-16,00,09,23.4,68,21.0,65.0
465927,2026-05-16,00,10,23.4,68,21.0,65.0
465928,2026-05-16,00,11,23.4,68,21.0,65.0
465929,2026-05-16,00,12,23.4,68,21.0,65.0
465930,2026-05-16,00,13,23.4,68,21.0,65.0
465931,2026-05-16,00,14,23.4,68,21.0,65.0
465932,2026-05-16,00,15,23.4,68,21.0,65.0
465933,2026-05-16,00,16,23.4,68,21.0,65.0
465934,2026-05-16,00,17,23.4,68,21.0,65.0
465935,2026-05-16,00,18,23.4,68,21.0,65.0
465936,2026-05-16,00,19,23.4,68,21.0,65.0
465937,2026-05-16,00,20,23.4,68,21.0,65.0
465938,2026-05-16,00,21,23.4,68,21.0,66.0
465939,2026-05-16,00,22,23.4,68,21.0,66.0
465940,2026-05-16,00,23,23.4,68,21.0,66.0
465941,2026-05-16,00,24,23.4,68,21.0,66.0
465942,2026-05-16,00,25,23.4,68,21.0,66.0
465943,2026-05-16,00,26,23.4,68,21.0,65.0
465944,2026-05-16,00,27,23.4,68,21.0,66.0
465945,2026-05-16,00,28,23.4,68,21.0,66.0
465946,2026-05-16,00,29,23.4,68,21.0,66.0
465947,2026-05-16,00,30,23.4,68,21.0,66.0
465948,2026-05-16,00,31,23.4,68,21.0,65.0
465949,2026-05-16,00,32,23.4,68,21.0,65.0
465950,2026-05-16,00,33,23.4,68,21.0,66.0
465951,2026-05-16,00,34,23.4,69,21.0,66.0
465952,2026-05-16,00,35,23.4,69,21.0,66.0
465953,2026-05-16,00,36,23.4,69,21.0,66.0
465954,2026-05-16,00,37,23.4,69,21.0,66.0
465955,2026-05-16,00,38,23.4,69,21.0,66.0
465956,2026-05-16,00,39,23.4,69,21.0,66.0
465957,2026-05-16,00,40,23.4,69,21.0,66.0
465958,2026-05-16,00,41,23.4,69,21.0,66.0
465959,2026-05-16,00,42,23.4,69,21.0,66.0
465960,2026-05-16,00,43,23.4,69,21.0,66.0
465961,2026-05-16,00,44,23.4,69,21.0,66.0
465962,2026-05-16,00,45,23.4,69,21.0,66.0
465963,2026-05-16,00,46,23.4,69,21.0,66.0
465964,2026-05-16,00,47,23.4,69,21.0,66.0
465965,2026-05-16,00,48,23.4,69,21.0,66.0
465966,2026-05-16,00,49,23.4,69,21.0,66.0
465967,2026-05-16,00,50,23.4,69,21.0,66.0
465968,2026-05-16,00,51,23.4,69,21.0,66.0
465969,2026-05-16,00,52,23.4,69,21.0,66.0
465970,2026-05-16,00,53,23.4,69,21.0,66.0
465971,2026-05-16,00,54,23.4,69,21.0,66.0
465972,2026-05-16,00,55,23.4,69,20.9,66.0
465973,2026-05-16,00,56,23.4,69,20.9,66.0
465974,2026-05-16,00,57,23.4,69,21.0,66.0
465975,2026-05-16,00,58,23.4,69,21.0,66.0
465976,2026-05-16,00,59,23.4,69,21.0,66.0
465977,2026-05-16,01,00,23.4,69,21.0,66.0
465978,2026-05-16,01,01,23.4,69,20.9,66.0
465979,2026-05-16,01,02,23.4,69,20.9,66.0
465980,2026-05-16,01,03,23.4,69,20.9,66.0
465981,2026-05-16,01,04,23.4,69,20.9,66.0
465982,2026-05-16,01,05,23.4,69,20.9,66.0
465983,2026-05-16,01,06,23.4,69,20.9,66.0
465984,2026-05-16,01,07,23.4,69,20.9,66.0
465985,2026-05-16,01,08,23.4,69,20.9,66.0
465986,2026-05-16,01,09,23.4,69,20.9,66.0
465987,2026-05-16,01,10,23.4,69,20.9,66.0
465988,2026-05-16,01,11,23.4,69,20.9,66.0
465989,2026-05-16,01,12,23.4,69,20.9,66.0
465990,2026-05-16,01,13,23.4,69,20.9,66.0
465991,2026-05-16,01,14,23.1,69,20.9,66.0
465992,2026-05-16,01,15,23.1,69,20.9,66.0
465993,2026-05-16,01,16,23.0,69,20.9,66.0
465994,2026-05-16,01,17,23.1,69,20.9,66.0
465995,2026-05-16,01,18,23.0,69,20.9,66.0
465996,2026-05-16,01,19,23.0,69,20.9,66.0
465997,2026-05-16,01,20,23.0,69,20.9,66.0
465998,2026-05-16,01,21,23.0,69,20.9,66.0
465999,2026-05-16,01,22,23.0,69,20.9,66.0
466000,2026-05-16,01,23,23.0,69,20.9,66.0
466001,2026-05-16,01,24,23.0,69,20.9,66.0
466002,2026-05-16,01,25,23.0,69,20.9,66.0
466003,2026-05-16,01,26,23.0,69,20.9,66.0
466004,2026-05-16,01,27,23.0,69,20.9,66.0
466005,2026-05-16,01,28,23.0,69,20.9,66.0
466006,2026-05-16,01,29,23.0,69,20.9,66.0
466007,2026-05-16,01,30,23.0,69,20.9,66.0
466008,2026-05-16,01,31,23.0,69,20.9,66.0
466009,2026-05-16,01,32,23.0,69,20.9,66.0
466010,2026-05-16,01,33,23.0,69,20.9,66.0
466011,2026-05-16,01,34,23.0,69,20.9,66.0
466012,2026-05-16,01,35,23.0,69,20.9,66.0
466013,2026-05-16,01,36,23.0,69,20.9,66.0
466014,2026-05-16,01,37,23.0,69,20.8,66.0
466015,2026-05-16,01,38,23.0,69,20.8,66.0
466016,2026-05-16,01,39,23.0,69,20.9,66.0
466017,2026-05-16,01,40,23.0,69,20.8,66.0
466018,2026-05-16,01,41,23.0,69,20.8,66.0
466019,2026-05-16,01,42,23.0,69,20.8,66.0
466020,2026-05-16,01,43,23.0,69,20.8,66.0
466021,2026-05-16,01,44,23.0,69,20.8,66.0
466022,2026-05-16,01,45,23.0,69,20.8,66.0
466023,2026-05-16,01,46,23.0,69,20.8,66.0
466024,2026-05-16,01,47,23.0,69,20.8,66.0
466025,2026-05-16,01,48,23.0,69,20.8,66.0
466026,2026-05-16,01,49,23.0,69,20.8,66.0
466027,2026-05-16,01,50,23.0,69,20.8,66.0
466028,2026-05-16,01,51,23.0,69,20.8,66.0
466029,2026-05-16,01,52,23.0,69,20.8,66.0
466030,2026-05-16,01,53,23.0,69,20.8,66.0
466031,2026-05-16,01,54,23.0,69,20.7,66.0
466032,2026-05-16,01,55,23.0,69,20.7,66.0
466033,2026-05-16,01,56,23.0,69,20.7,66.0
466034,2026-05-16,01,57,23.0,69,20.7,66.0
466035,2026-05-16,01,58,23.0,69,20.7,66.0
466036,2026-05-16,01,59,23.0,69,20.7,66.0
466037,2026-05-16,02,00,23.0,69,20.7,66.0
466038,2026-05-16,02,01,23.0,69,20.7,66.0
466039,2026-05-16,02,02,23.0,69,20.7,66.0
466040,2026-05-16,02,03,23.0,69,20.7,66.0
466041,2026-05-16,02,04,23.0,69,20.7,66.0
466042,2026-05-16,02,05,23.0,69,20.6,66.0
466043,2026-05-16,02,06,23.0,69,20.6,66.0
466044,2026-05-16,02,07,23.0,69,20.6,66.0
466045,2026-05-16,02,08,23.0,69,20.6,66.0
466046,2026-05-16,02,09,23.0,69,20.6,66.0
466047,2026-05-16,02,10,23.0,69,20.6,66.0
466048,2026-05-16,02,11,23.0,69,20.6,66.0
466049,2026-05-16,02,12,23.0,69,20.6,66.0
466050,2026-05-16,02,13,23.0,69,20.6,66.0
466051,2026-05-16,02,14,23.0,69,20.6,66.0
466052,2026-05-16,02,15,23.0,69,20.6,66.0
466053,2026-05-16,02,16,23.0,69,20.5,66.0
466054,2026-05-16,02,17,23.0,69,20.5,66.0
466055,2026-05-16,02,18,23.0,69,20.5,66.0
466056,2026-05-16,02,19,23.0,69,20.5,66.0
466057,2026-05-16,02,20,23.0,69,20.5,66.0
466058,2026-05-16,02,21,23.0,69,20.5,66.0
466059,2026-05-16,02,22,23.0,69,20.5,66.0
466060,2026-05-16,02,23,23.0,69,20.5,66.0
466061,2026-05-16,02,24,23.0,69,20.5,66.0
466062,2026-05-16,02,25,23.0,69,20.5,66.0
466063,2026-05-16,02,26,23.0,69,20.4,66.0
466064,2026-05-16,02,27,23.0,69,20.4,66.0
466065,2026-05-16,02,28,23.0,69,20.4,66.0
466066,2026-05-16,02,29,23.0,69,20.4,66.0
466067,2026-05-16,02,30,23.0,69,20.4,66.0
466068,2026-05-16,02,31,23.0,69,20.4,66.0
466069,2026-05-16,02,32,23.0,69,20.4,66.0
466070,2026-05-16,02,33,23.0,69,20.3,66.0
466071,2026-05-16,02,34,23.0,69,20.4,66.0
466072,2026-05-16,02,35,23.0,69,20.3,66.0
466073,2026-05-16,02,36,23.0,69,20.3,66.0
466074,2026-05-16,02,37,23.0,69,20.3,66.0
466075,2026-05-16,02,38,22.8,69,20.3,66.0
466076,2026-05-16,02,39,22.7,69,20.3,66.0
466077,2026-05-16,02,40,22.7,69,20.3,66.0
466078,2026-05-16,02,41,22.6,69,20.3,66.0
466079,2026-05-16,02,42,22.6,69,20.3,67.0
466080,2026-05-16,02,43,22.6,69,20.3,67.0
466081,2026-05-16,02,44,22.6,69,20.3,67.0
466082,2026-05-16,02,45,22.6,69,20.2,67.0
466083,2026-05-16,02,46,22.6,69,20.2,67.0
466084,2026-05-16,02,47,22.6,69,20.2,67.0
466085,2026-05-16,02,48,22.6,69,20.2,67.0
466086,2026-05-16,02,49,22.6,69,20.2,67.0
466087,2026-05-16,02,50,22.6,69,20.2,67.0
466088,2026-05-16,02,51,22.6,69,20.2,67.0
466089,2026-05-16,02,52,22.6,69,20.2,67.0
466090,2026-05-16,02,53,22.6,69,20.2,67.0
466091,2026-05-16,02,54,22.6,69,20.2,67.0
466092,2026-05-16,02,55,22.6,69,20.2,67.0
466093,2026-05-16,02,56,22.6,69,20.2,67.0
466094,2026-05-16,02,57,22.6,69,20.1,67.0
466095,2026-05-16,02,58,22.6,69,20.1,67.0
466096,2026-05-16,02,59,22.6,69,20.1,67.0
466097,2026-05-16,03,00,22.6,69,20.2,67.0
466098,2026-05-16,03,01,22.6,69,20.1,67.0
466099,2026-05-16,03,02,22.6,69,20.1,67.0
466100,2026-05-16,03,03,22.6,69,20.1,67.0
466101,2026-05-16,03,04,22.6,69,20.1,67.0
466102,2026-05-16,03,05,22.6,69,20.1,67.0
466103,2026-05-16,03,06,22.6,69,20.1,67.0
466104,2026-05-16,03,07,22.6,69,20.1,67.0
466105,2026-05-16,03,08,22.6,69,20.1,67.0
466106,2026-05-16,03,09,22.6,69,20.0,67.0
466107,2026-05-16,03,10,22.6,69,20.0,67.0
466108,2026-05-16,03,11,22.6,69,20.0,67.0
466109,2026-05-16,03,12,22.6,69,20.0,67.0
466110,2026-05-16,03,13,22.6,69,20.0,67.0
466111,2026-05-16,03,14,22.6,69,20.0,67.0
466112,2026-05-16,03,15,22.6,69,20.0,67.0
466113,2026-05-16,03,16,22.6,69,20.0,67.0
466114,2026-05-16,03,17,22.6,69,19.9,67.0
466115,2026-05-16,03,18,22.6,69,20.0,67.0
466116,2026-05-16,03,19,22.6,69,19.9,67.0
466117,2026-05-16,03,20,22.6,69,20.0,67.0
466118,2026-05-16,03,21,22.6,69,19.9,67.0
466119,2026-05-16,03,22,22.6,69,19.9,67.0
466120,2026-05-16,03,24,22.6,69,19.9,67.0
466121,2026-05-16,03,25,22.6,69,19.9,67.0
466122,2026-05-16,03,25,22.6,69,19.9,67.0
466123,2026-05-16,03,26,22.6,69,19.9,67.0
466124,2026-05-16,03,27,22.6,69,19.9,67.0
466125,2026-05-16,03,28,22.6,69,19.9,67.0
466126,2026-05-16,03,29,22.6,69,19.9,67.0
466127,2026-05-16,03,30,22.6,69,19.9,67.0
466128,2026-05-16,03,31,22.6,69,19.9,67.0
466129,2026-05-16,03,32,22.6,69,19.9,67.0
466130,2026-05-16,03,33,22.6,69,19.9,67.0
466131,2026-05-16,03,34,22.6,69,19.9,67.0
466132,2026-05-16,03,35,22.6,69,19.9,67.0
466133,2026-05-16,03,36,22.6,69,19.9,67.0
466134,2026-05-16,03,37,22.6,69,19.9,67.0
466135,2026-05-16,03,38,22.6,69,19.8,67.0
466136,2026-05-16,03,39,22.6,69,19.8,67.0
466137,2026-05-16,03,40,22.6,69,19.8,67.0
466138,2026-05-16,03,41,22.6,69,19.8,67.0
466139,2026-05-16,03,42,22.6,69,19.8,67.0
466140,2026-05-16,03,43,22.6,69,19.8,67.0
466141,2026-05-16,03,44,22.6,69,19.8,67.0
466142,2026-05-16,03,45,22.6,69,19.8,67.0
466143,2026-05-16,03,46,22.6,69,19.8,67.0
466144,2026-05-16,03,47,22.6,69,19.8,67.0
466145,2026-05-16,03,48,22.6,69,19.8,67.0
466146,2026-05-16,03,49,22.6,69,19.8,67.0
466147,2026-05-16,03,50,22.6,69,19.8,67.0
466148,2026-05-16,03,51,22.6,69,19.8,67.0
466149,2026-05-16,03,52,22.6,69,19.8,67.0
466150,2026-05-16,03,53,22.6,69,19.8,67.0
466151,2026-05-16,03,54,22.6,69,19.8,67.0
466152,2026-05-16,03,55,22.6,69,19.8,67.0
466153,2026-05-16,03,56,22.6,69,19.8,67.0
466154,2026-05-16,03,57,22.6,69,19.7,67.0
466155,2026-05-16,03,58,22.3,69,19.8,67.0
466156,2026-05-16,03,59,22.3,69,19.7,67.0
466157,2026-05-16,04,00,22.3,69,19.7,67.0
466158,2026-05-16,04,01,22.2,69,19.7,67.0
466159,2026-05-16,04,02,22.2,69,19.7,67.0
466160,2026-05-16,04,03,22.2,69,19.7,67.0
466161,2026-05-16,04,04,22.2,69,19.7,67.0
466162,2026-05-16,04,05,22.2,69,19.7,67.0
466163,2026-05-16,04,06,22.2,69,19.7,67.0
466164,2026-05-16,04,07,22.2,69,19.7,67.0
466165,2026-05-16,04,08,22.2,69,19.7,67.0
466166,2026-05-16,04,09,22.2,69,19.7,67.0
466167,2026-05-16,04,10,22.2,69,19.7,67.0
466168,2026-05-16,04,11,22.2,69,19.7,67.0
466169,2026-05-16,04,12,22.2,69,19.7,67.0
466170,2026-05-16,04,13,22.2,69,19.7,67.0
466171,2026-05-16,04,14,22.2,69,19.7,67.0
466172,2026-05-16,04,15,22.2,69,19.7,67.0
466173,2026-05-16,04,16,22.2,69,19.7,67.0
466174,2026-05-16,04,17,22.2,69,19.7,67.0
466175,2026-05-16,04,18,22.2,69,19.7,67.0
466176,2026-05-16,04,19,22.2,69,19.6,67.0
466177,2026-05-16,04,20,22.2,69,19.6,67.0
466178,2026-05-16,04,21,22.2,69,19.6,67.0
466179,2026-05-16,04,22,22.2,69,19.6,67.0
466180,2026-05-16,04,23,22.2,69,19.6,67.0
466181,2026-05-16,04,24,22.2,69,19.6,67.0
466182,2026-05-16,04,25,22.2,69,19.6,67.0
466183,2026-05-16,04,26,22.2,69,19.6,67.0
466184,2026-05-16,04,27,22.2,69,19.6,67.0
466185,2026-05-16,04,28,22.2,69,19.6,67.0
466186,2026-05-16,04,29,22.2,69,19.6,67.0
466187,2026-05-16,04,30,22.2,69,19.6,67.0
466188,2026-05-16,04,31,22.2,69,19.6,67.0
466189,2026-05-16,04,32,22.2,69,19.6,67.0
466190,2026-05-16,04,33,22.2,69,19.6,67.0
466191,2026-05-16,04,34,22.2,69,19.6,67.0
466192,2026-05-16,04,35,22.2,69,19.6,67.0
466193,2026-05-16,04,36,22.2,69,19.6,68.0
466194,2026-05-16,04,37,22.2,69,19.6,68.0
466195,2026-05-16,04,38,22.2,69,19.6,68.0
466196,2026-05-16,04,39,22.2,69,19.6,68.0
466197,2026-05-16,04,40,22.2,69,19.6,68.0
466198,2026-05-16,04,41,22.2,69,19.6,68.0
466199,2026-05-16,04,42,22.2,69,19.6,68.0
466200,2026-05-16,04,43,22.2,69,19.6,68.0
466201,2026-05-16,04,44,22.2,69,19.6,68.0
466202,2026-05-16,04,45,22.2,69,19.6,68.0
466203,2026-05-16,04,46,22.2,69,19.6,68.0
466204,2026-05-16,04,47,22.2,69,19.6,68.0
466205,2026-05-16,04,48,22.2,69,19.6,68.0
466206,2026-05-16,04,49,22.2,69,19.6,68.0
466207,2026-05-16,04,50,22.2,69,19.5,68.0
466208,2026-05-16,04,51,22.2,69,19.5,68.0
466209,2026-05-16,04,52,22.2,69,19.5,68.0
466210,2026-05-16,04,53,22.2,69,19.5,68.0
466211,2026-05-16,04,54,22.2,69,19.5,68.0
466212,2026-05-16,04,55,22.2,69,19.5,68.0
466213,2026-05-16,04,56,22.2,69,19.5,68.0
466214,2026-05-16,04,57,22.2,69,19.5,68.0
466215,2026-05-16,04,58,22.2,69,19.5,68.0
466216,2026-05-16,04,59,22.2,69,19.5,68.0
466217,2026-05-16,05,00,22.2,69,19.5,68.0
466218,2026-05-16,05,01,22.2,69,19.5,68.0
466219,2026-05-16,05,02,22.2,69,19.5,68.0
466220,2026-05-16,05,03,22.2,69,19.5,68.0
466221,2026-05-16,05,04,22.2,69,19.5,68.0
466222,2026-05-16,05,05,22.2,69,19.5,68.0
466223,2026-05-16,05,06,22.2,69,19.5,68.0
466224,2026-05-16,05,07,22.2,69,19.5,68.0
466225,2026-05-16,05,08,22.2,69,19.5,68.0
466226,2026-05-16,05,09,22.2,69,19.5,68.0
466227,2026-05-16,05,10,22.2,69,19.5,68.0
466228,2026-05-16,05,11,22.2,69,19.5,68.0
466229,2026-05-16,05,12,22.2,69,19.5,68.0
466230,2026-05-16,05,13,22.2,69,19.5,68.0
466231,2026-05-16,05,14,22.2,69,19.4,68.0
466232,2026-05-16,05,15,22.2,69,19.4,68.0
466233,2026-05-16,05,16,22.2,69,19.4,68.0
466234,2026-05-16,05,17,22.2,69,19.4,68.0
466235,2026-05-16,05,18,22.2,69,19.4,68.0
466236,2026-05-16,05,19,22.2,69,19.4,68.0
466237,2026-05-16,05,20,22.2,69,19.4,68.0
466238,2026-05-16,05,21,22.2,69,19.4,68.0
466239,2026-05-16,05,22,22.2,69,19.4,68.0
466240,2026-05-16,05,23,22.2,69,19.4,68.0
466241,2026-05-16,05,24,22.2,69,19.4,68.0
466242,2026-05-16,05,25,21.9,69,19.4,68.0
466243,2026-05-16,05,26,21.9,69,19.4,68.0
466244,2026-05-16,05,27,21.8,69,19.4,68.0
466245,2026-05-16,05,28,21.8,69,19.4,68.0
466246,2026-05-16,05,29,21.8,69,19.4,68.0
466247,2026-05-16,05,30,21.8,69,19.3,68.0
466248,2026-05-16,05,31,21.8,69,19.3,68.0
466249,2026-05-16,05,32,21.8,69,19.3,68.0
466250,2026-05-16,05,33,21.8,69,19.3,68.0
466251,2026-05-16,05,34,21.8,69,19.3,68.0
466252,2026-05-16,05,35,21.8,69,19.3,68.0
466253,2026-05-16,05,36,21.8,69,19.3,68.0
466254,2026-05-16,05,37,21.8,69,19.3,68.0
466255,2026-05-16,05,38,21.8,69,19.3,68.0
466256,2026-05-16,05,39,21.8,69,19.3,68.0
466257,2026-05-16,05,40,21.8,69,19.3,68.0
466258,2026-05-16,05,41,21.8,69,19.3,68.0
466259,2026-05-16,05,42,21.8,69,19.3,68.0
466260,2026-05-16,05,43,21.8,69,19.3,68.0
466261,2026-05-16,05,44,21.8,69,19.3,68.0
466262,2026-05-16,05,45,21.8,69,19.3,68.0
466263,2026-05-16,05,46,21.8,69,19.3,68.0
466264,2026-05-16,05,47,21.8,69,19.3,68.0
466265,2026-05-16,05,48,21.8,69,19.2,68.0
466266,2026-05-16,05,49,21.8,69,19.3,68.0
466267,2026-05-16,05,50,21.8,69,19.3,68.0
466268,2026-05-16,05,51,21.8,69,19.3,68.0
466269,2026-05-16,05,52,21.8,69,19.3,68.0
466270,2026-05-16,05,53,21.8,69,19.3,68.0
466271,2026-05-16,05,54,21.8,69,19.2,68.0
466272,2026-05-16,05,55,21.8,69,19.3,68.0
466273,2026-05-16,05,56,21.8,69,19.2,68.0
466274,2026-05-16,05,57,21.8,69,19.2,68.0
466275,2026-05-16,05,58,21.8,69,19.2,68.0
466276,2026-05-16,05,59,21.8,69,19.2,68.0
466277,2026-05-16,06,00,21.8,69,19.3,68.0
466278,2026-05-16,06,01,21.8,69,19.3,68.0
466279,2026-05-16,06,02,21.8,69,19.3,68.0
466280,2026-05-16,06,03,21.8,69,19.3,68.0
466281,2026-05-16,06,04,21.8,69,19.3,68.0
466282,2026-05-16,06,05,21.8,69,19.3,68.0
466283,2026-05-16,06,06,21.8,69,19.3,68.0
466284,2026-05-16,06,07,21.8,69,19.3,68.0
466285,2026-05-16,06,08,21.8,69,19.3,68.0
466286,2026-05-16,06,09,21.8,69,19.3,68.0
466287,2026-05-16,06,10,21.8,69,19.3,67.0
466288,2026-05-16,06,11,21.8,69,19.4,67.0
466289,2026-05-16,06,12,21.8,69,19.4,67.0
466290,2026-05-16,06,13,21.8,69,19.4,67.0
466291,2026-05-16,06,14,21.8,69,19.4,67.0
466292,2026-05-16,06,15,21.8,69,19.4,67.0
466293,2026-05-16,06,16,21.8,69,19.4,67.0
466294,2026-05-16,06,17,21.8,69,19.4,67.0
466295,2026-05-16,06,18,21.8,69,19.4,67.0
466296,2026-05-16,06,19,21.8,69,19.4,67.0
466297,2026-05-16,06,20,21.8,69,19.4,67.0
466298,2026-05-16,06,21,21.8,69,19.4,67.0
466299,2026-05-16,06,22,21.8,69,19.5,67.0
466300,2026-05-16,06,23,21.8,69,19.5,67.0
466301,2026-05-16,06,24,21.8,69,19.5,67.0
466302,2026-05-16,06,25,21.8,69,19.5,67.0
466303,2026-05-16,06,26,21.8,69,19.5,67.0
466304,2026-05-16,06,27,21.8,69,19.5,67.0
466305,2026-05-16,06,28,21.8,69,19.5,67.0
466306,2026-05-16,06,29,21.8,69,19.5,67.0
466307,2026-05-16,06,30,21.8,69,19.6,67.0
466308,2026-05-16,06,31,21.8,69,19.6,67.0
466309,2026-05-16,06,32,21.8,69,19.6,67.0
466310,2026-05-16,06,33,21.8,69,19.6,67.0
466311,2026-05-16,06,34,21.8,69,19.6,67.0
466312,2026-05-16,06,35,21.8,69,19.6,67.0
466313,2026-05-16,06,36,21.8,69,19.6,67.0
466314,2026-05-16,06,37,21.8,69,19.6,67.0
466315,2026-05-16,06,38,21.8,69,19.6,67.0
466316,2026-05-16,06,39,21.8,69,19.6,67.0
466317,2026-05-16,06,40,21.8,69,19.6,67.0
466318,2026-05-16,06,41,21.8,69,19.6,67.0
466319,2026-05-16,06,42,21.8,69,19.6,67.0
466320,2026-05-16,06,43,21.8,69,19.6,67.0
466321,2026-05-16,06,44,21.8,69,19.6,67.0
466322,2026-05-16,06,45,21.8,69,19.6,66.0
466323,2026-05-16,06,46,21.8,69,19.6,66.0
466324,2026-05-16,06,47,21.8,69,19.6,66.0
466325,2026-05-16,06,48,21.8,69,19.6,66.0
466326,2026-05-16,06,49,21.8,69,19.6,66.0
466327,2026-05-16,06,50,21.8,69,19.6,66.0
466328,2026-05-16,06,51,21.8,69,19.6,66.0
466329,2026-05-16,06,52,21.8,69,19.6,66.0
466330,2026-05-16,06,53,21.8,69,19.7,66.0
466331,2026-05-16,06,54,21.8,69,19.7,66.0
466332,2026-05-16,06,55,21.8,69,19.7,66.0
466333,2026-05-16,06,56,21.8,69,19.7,66.0
466334,2026-05-16,06,57,21.8,69,19.7,66.0
466335,2026-05-16,06,58,21.8,69,19.7,66.0
466336,2026-05-16,06,59,21.8,69,19.7,66.0
466337,2026-05-16,07,00,21.8,69,19.8,66.0
466338,2026-05-16,07,01,21.8,69,19.8,66.0
466339,2026-05-16,07,02,21.8,69,19.8,66.0
466340,2026-05-16,07,03,21.8,69,19.8,66.0
466341,2026-05-16,07,04,21.8,69,19.8,66.0
466342,2026-05-16,07,05,21.8,69,19.8,66.0
466343,2026-05-16,07,06,21.8,69,19.8,66.0
466344,2026-05-16,07,07,21.8,69,19.8,66.0
466345,2026-05-16,07,08,21.8,69,19.8,66.0
466346,2026-05-16,07,09,21.8,69,19.9,66.0
466347,2026-05-16,07,10,21.8,69,19.9,66.0
466348,2026-05-16,07,11,21.8,69,19.9,65.0
466349,2026-05-16,07,12,21.8,69,19.9,65.0
466350,2026-05-16,07,13,21.8,69,19.9,65.0
466351,2026-05-16,07,14,21.8,69,19.9,65.0
466352,2026-05-16,07,15,21.8,69,19.9,65.0
466353,2026-05-16,07,16,21.8,69,20.0,65.0
466354,2026-05-16,07,17,21.8,69,20.0,65.0
466355,2026-05-16,07,18,21.8,69,20.0,65.0
466356,2026-05-16,07,19,21.8,69,20.0,65.0
466357,2026-05-16,07,20,21.8,69,20.1,65.0
466358,2026-05-16,07,21,21.8,69,20.1,65.0
466359,2026-05-16,07,22,21.8,69,20.1,65.0
466360,2026-05-16,07,23,21.8,69,20.2,65.0
466361,2026-05-16,07,24,21.8,69,20.2,65.0
466362,2026-05-16,07,25,21.8,69,20.2,65.0
466363,2026-05-16,07,26,21.8,69,20.2,64.0
466364,2026-05-16,07,27,21.8,69,20.3,64.0
466365,2026-05-16,07,28,21.8,69,20.3,64.0
466366,2026-05-16,07,29,21.8,69,20.3,64.0
466367,2026-05-16,07,30,21.8,69,20.4,64.0
466368,2026-05-16,07,31,21.8,69,20.4,64.0
466369,2026-05-16,07,32,21.8,69,20.4,64.0
466370,2026-05-16,07,33,21.8,69,20.5,64.0
466371,2026-05-16,07,34,21.8,69,20.5,64.0
466372,2026-05-16,07,35,21.8,69,20.6,64.0
466373,2026-05-16,07,36,21.8,69,20.6,64.0
466374,2026-05-16,07,37,21.8,69,20.6,64.0
466375,2026-05-16,07,38,21.8,69,20.7,64.0
466376,2026-05-16,07,39,21.8,69,20.7,63.0
466377,2026-05-16,07,40,21.8,69,20.8,63.0
466378,2026-05-16,07,41,21.8,69,20.8,63.0
466379,2026-05-16,07,42,21.8,69,20.9,63.0
466380,2026-05-16,07,43,21.8,69,21.0,63.0
466381,2026-05-16,07,44,21.8,69,21.0,63.0
466382,2026-05-16,07,45,21.8,69,21.1,63.0
466383,2026-05-16,07,46,21.8,69,21.1,63.0
466384,2026-05-16,07,47,21.8,69,21.2,63.0
466385,2026-05-16,07,48,21.8,69,21.2,63.0
466386,2026-05-16,07,49,21.9,69,21.3,63.0
466387,2026-05-16,07,50,21.9,69,21.3,63.0
466388,2026-05-16,07,51,22.2,69,21.4,63.0
466389,2026-05-16,07,52,22.2,69,21.4,63.0
466390,2026-05-16,07,53,22.2,70,21.5,63.0
466391,2026-05-16,07,54,22.1,70,21.6,63.0
466392,2026-05-16,07,55,22.2,70,21.6,63.0
466393,2026-05-16,07,56,22.2,70,21.6,63.0
466394,2026-05-16,07,57,22.2,70,21.7,63.0
466395,2026-05-16,07,58,22.2,70,21.7,63.0
466396,2026-05-16,07,59,22.2,70,21.8,63.0
466397,2026-05-16,08,00,22.2,70,21.8,63.0
466398,2026-05-16,08,01,22.2,70,21.8,62.0
466399,2026-05-16,08,02,22.2,70,21.9,62.0
466400,2026-05-16,08,03,22.2,70,22.0,62.0
466401,2026-05-16,08,04,22.2,70,22.0,62.0
466402,2026-05-16,08,05,22.2,70,22.0,62.0
466403,2026-05-16,08,06,22.2,70,22.1,62.0
466404,2026-05-16,08,07,22.2,70,22.1,62.0
466405,2026-05-16,08,08,22.2,70,22.2,62.0
466406,2026-05-16,08,09,22.2,71,22.2,61.0
466407,2026-05-16,08,10,22.2,71,22.3,61.0
466408,2026-05-16,08,11,22.2,71,22.3,61.0
466409,2026-05-16,08,12,22.2,71,22.4,61.0
466410,2026-05-16,08,13,22.2,71,22.4,61.0
466411,2026-05-16,08,14,22.2,71,22.5,61.0
466412,2026-05-16,08,15,22.2,71,22.5,60.0
466413,2026-05-16,08,16,22.2,71,22.6,60.0
466414,2026-05-16,08,17,22.2,71,22.6,60.0
466415,2026-05-16,08,18,22.2,71,22.6,60.0
466416,2026-05-16,08,19,22.2,71,22.6,60.0
466417,2026-05-16,08,20,22.2,71,22.6,60.0
466418,2026-05-16,08,21,22.2,71,22.7,60.0
466419,2026-05-16,08,22,22.2,71,22.8,60.0
466420,2026-05-16,08,23,22.2,71,22.9,60.0
466421,2026-05-16,08,24,22.2,71,23.0,59.0
466422,2026-05-16,08,25,22.2,71,23.1,59.0
466423,2026-05-16,08,26,22.2,71,23.2,59.0
466424,2026-05-16,08,27,22.2,71,23.2,59.0
466425,2026-05-16,08,28,22.2,71,23.3,59.0
466426,2026-05-16,08,29,22.2,71,23.4,58.0
466427,2026-05-16,08,30,22.2,71,23.5,58.0
466428,2026-05-16,08,31,22.2,71,23.5,58.0
466429,2026-05-16,08,32,22.2,71,23.5,58.0
466430,2026-05-16,08,33,22.2,71,23.5,58.0
466431,2026-05-16,08,34,22.2,71,23.5,58.0
466432,2026-05-16,08,35,22.2,71,23.5,58.0
466433,2026-05-16,08,36,22.2,71,23.5,58.0
466434,2026-05-16,08,37,22.2,71,23.5,58.0
466435,2026-05-16,08,38,22.2,71,23.5,58.0
466436,2026-05-16,08,39,22.2,71,23.5,58.0
466437,2026-05-16,08,40,22.2,71,23.5,58.0
466438,2026-05-16,08,41,22.2,71,23.5,58.0
466439,2026-05-16,08,42,22.2,70,23.5,58.0
466440,2026-05-16,08,43,22.2,70,23.5,58.0
466441,2026-05-16,08,44,22.2,70,23.6,57.0
466442,2026-05-16,08,45,22.2,70,23.6,57.0
466443,2026-05-16,08,46,22.2,70,23.6,57.0
466444,2026-05-16,08,47,22.2,70,23.6,57.0
466445,2026-05-16,08,48,22.2,70,23.6,57.0
466446,2026-05-16,08,49,22.2,70,23.7,57.0
466447,2026-05-16,08,50,22.2,70,23.7,57.0
466448,2026-05-16,08,51,22.2,70,23.7,57.0
466449,2026-05-16,08,52,22.2,70,23.8,57.0
466450,2026-05-16,08,53,22.2,70,23.8,57.0
466451,2026-05-16,08,54,22.2,70,23.9,57.0
466452,2026-05-16,08,55,22.2,70,23.9,56.0
466453,2026-05-16,08,56,22.2,70,23.9,56.0
466454,2026-05-16,08,57,22.2,70,23.9,56.0
466455,2026-05-16,08,58,22.2,70,23.9,56.0
466456,2026-05-16,08,59,22.2,70,24.0,56.0
466457,2026-05-16,09,00,22.2,70,24.0,56.0
466458,2026-05-16,09,01,22.2,70,24.0,56.0
466459,2026-05-16,09,02,22.2,70,24.0,56.0
466460,2026-05-16,09,03,22.2,70,24.0,56.0
466461,2026-05-16,09,04,22.2,70,24.1,56.0
466462,2026-05-16,09,05,22.2,70,24.1,56.0
466463,2026-05-16,09,06,22.2,70,24.2,56.0
466464,2026-05-16,09,07,22.2,70,24.2,55.0
466465,2026-05-16,09,08,22.2,70,24.2,55.0
466466,2026-05-16,09,09,22.2,69,24.3,55.0
466467,2026-05-16,09,10,22.2,69,24.4,55.0
466468,2026-05-16,09,11,22.2,69,24.5,55.0
466469,2026-05-16,09,12,22.2,69,24.6,55.0
466470,2026-05-16,09,13,22.2,69,24.7,54.0
466471,2026-05-16,09,14,22.2,69,24.7,54.0
466472,2026-05-16,09,15,22.2,69,24.8,54.0
466473,2026-05-16,09,16,22.2,69,24.9,53.0
466474,2026-05-16,09,17,22.2,69,25.0,53.0
466475,2026-05-16,09,18,22.2,69,25.1,53.0
466476,2026-05-16,09,19,22.2,69,25.2,53.0
466477,2026-05-16,09,20,22.2,69,25.2,53.0
466478,2026-05-16,09,21,22.2,69,25.2,53.0
466479,2026-05-16,09,22,22.3,69,25.2,53.0
466480,2026-05-16,09,23,22.3,69,25.2,53.0
466481,2026-05-16,09,24,22.6,69,25.2,53.0
466482,2026-05-16,09,25,22.6,69,25.3,53.0
466483,2026-05-16,09,26,22.6,69,25.3,53.0
466484,2026-05-16,09,27,22.6,69,25.4,53.0
466485,2026-05-16,09,28,22.6,69,25.4,52.0
466486,2026-05-16,09,29,22.6,69,25.5,52.0
466487,2026-05-16,09,30,22.6,69,25.5,52.0
466488,2026-05-16,09,31,22.6,69,25.6,52.0
466489,2026-05-16,09,32,22.6,69,25.6,52.0
466490,2026-05-16,09,33,22.6,69,25.6,52.0
466491,2026-05-16,09,35,22.6,69,25.7,52.0
466492,2026-05-16,09,35,22.6,69,25.7,52.0
466493,2026-05-16,09,37,22.6,69,25.7,52.0
466494,2026-05-16,09,37,22.6,69,25.8,52.0
466495,2026-05-16,09,39,22.6,69,25.8,52.0
466496,2026-05-16,09,39,22.6,69,25.9,52.0
466497,2026-05-16,09,41,22.6,69,26.0,52.0
466498,2026-05-16,09,41,22.6,69,26.1,51.0
466499,2026-05-16,09,43,22.6,69,26.1,51.0
466500,2026-05-16,09,43,22.6,69,26.1,51.0
466501,2026-05-16,09,45,22.6,69,26.2,51.0
466502,2026-05-16,09,46,22.6,69,26.2,51.0
466503,2026-05-16,09,46,22.6,69,26.3,51.0
466504,2026-05-16,09,48,22.6,69,26.4,51.0
466505,2026-05-16,09,48,22.6,69,26.4,51.0
466506,2026-05-16,09,50,22.6,69,26.5,51.0
466507,2026-05-16,09,50,22.6,70,26.6,51.0
466508,2026-05-16,09,52,22.6,70,26.6,51.0
466509,2026-05-16,09,52,22.6,70,26.7,51.0
466510,2026-05-16,09,54,22.6,70,26.8,51.0
466511,2026-05-16,09,55,22.7,70,26.8,51.0
466512,2026-05-16,09,55,23.0,70,26.9,51.0
466513,2026-05-16,09,57,23.0,70,26.9,50.0
466514,2026-05-16,09,58,23.0,70,26.9,50.0
466515,2026-05-16,09,59,23.0,70,27.0,50.0
466516,2026-05-16,10,00,23.0,70,27.0,50.0
466517,2026-05-16,10,01,23.0,70,27.0,50.0
466518,2026-05-16,10,02,23.0,70,27.1,50.0
466519,2026-05-16,10,03,23.0,70,27.1,50.0
466520,2026-05-16,10,04,23.0,70,27.1,50.0
466521,2026-05-16,10,05,23.0,70,27.1,50.0
466522,2026-05-16,10,06,23.0,71,27.1,50.0
466523,2026-05-16,10,07,23.0,71,27.1,50.0
466524,2026-05-16,10,08,23.0,71,27.1,50.0
466525,2026-05-16,10,09,23.0,71,27.1,50.0
466526,2026-05-16,10,10,23.0,71,27.1,50.0
466527,2026-05-16,10,11,23.0,71,27.1,50.0
466528,2026-05-16,10,12,23.0,71,27.1,50.0
466529,2026-05-16,10,13,23.0,71,27.1,50.0
466530,2026-05-16,10,14,23.0,71,27.1,50.0
466531,2026-05-16,10,15,23.0,71,27.0,51.0
466532,2026-05-16,10,16,23.0,71,27.0,51.0
466533,2026-05-16,10,17,23.0,71,27.0,51.0
466534,2026-05-16,10,18,23.0,71,27.0,51.0
466535,2026-05-16,10,19,23.0,71,27.1,51.0
466536,2026-05-16,10,20,23.0,71,27.0,51.0
466537,2026-05-16,10,21,23.0,71,27.1,51.0
466538,2026-05-16,10,22,23.0,71,27.1,51.0
466539,2026-05-16,10,23,23.0,71,27.1,51.0
466540,2026-05-16,10,24,23.0,71,27.2,51.0
466541,2026-05-16,10,25,23.0,71,27.2,51.0
466542,2026-05-16,10,26,23.0,71,27.3,50.0
466543,2026-05-16,10,27,23.0,71,27.3,50.0
466544,2026-05-16,10,28,23.0,71,27.3,50.0
466545,2026-05-16,10,29,23.0,71,27.4,50.0
466546,2026-05-16,10,30,23.0,71,27.4,50.0
466547,2026-05-16,10,31,23.4,71,27.4,50.0
466548,2026-05-16,10,32,23.4,71,27.5,50.0
466549,2026-05-16,10,33,23.4,71,27.5,50.0
466550,2026-05-16,10,34,23.4,71,27.5,50.0
466551,2026-05-16,10,35,23.4,71,27.5,50.0
466552,2026-05-16,10,36,23.4,71,27.5,50.0
466553,2026-05-16,10,37,23.0,71,27.5,50.0
466554,2026-05-16,10,38,23.0,71,27.5,50.0
466555,2026-05-16,10,39,23.0,71,27.5,50.0
466556,2026-05-16,10,40,23.4,71,27.5,50.0
466557,2026-05-16,10,41,23.4,71,27.5,50.0
466558,2026-05-16,10,42,23.4,71,27.5,50.0
466559,2026-05-16,10,43,23.4,71,27.6,50.0
466560,2026-05-16,10,44,23.4,71,27.6,50.0
466561,2026-05-16,10,45,23.4,71,27.6,50.0
466562,2026-05-16,10,46,23.4,71,27.6,50.0
466563,2026-05-16,10,47,23.4,71,27.6,50.0
466564,2026-05-16,10,48,23.4,71,27.5,50.0
466565,2026-05-16,10,49,23.4,71,27.5,50.0
466566,2026-05-16,10,50,23.4,70,27.5,50.0
466567,2026-05-16,10,51,23.4,70,27.5,50.0
466568,2026-05-16,10,52,23.4,71,27.6,50.0
466569,2026-05-16,10,53,23.4,70,27.6,50.0
466570,2026-05-16,10,54,23.4,70,27.6,50.0
466571,2026-05-16,10,55,23.4,70,27.6,50.0
466572,2026-05-16,10,56,23.4,70,27.6,50.0
466573,2026-05-16,10,57,23.4,70,27.7,50.0
466574,2026-05-16,10,58,23.4,70,27.7,50.0
466575,2026-05-16,10,59,23.4,70,27.7,50.0
466576,2026-05-16,11,00,23.4,70,27.8,50.0
466577,2026-05-16,11,01,23.4,70,27.8,50.0
466578,2026-05-16,11,02,23.4,70,27.8,49.0
466579,2026-05-16,11,03,23.4,70,27.9,49.0
466580,2026-05-16,11,04,23.4,70,27.9,49.0
466581,2026-05-16,11,05,23.4,70,27.9,49.0
466582,2026-05-16,11,06,23.4,70,27.9,49.0
466583,2026-05-16,11,07,23.4,70,27.9,49.0
466584,2026-05-16,11,08,23.4,70,27.9,49.0
466585,2026-05-16,11,09,23.4,70,28.0,49.0
466586,2026-05-16,11,10,23.4,70,28.0,49.0
466587,2026-05-16,11,11,23.4,70,28.0,49.0
466588,2026-05-16,11,12,23.4,70,28.0,49.0
466589,2026-05-16,11,13,23.4,70,28.0,49.0
466590,2026-05-16,11,14,23.4,70,28.0,49.0
466591,2026-05-16,11,15,23.4,70,28.0,49.0
466592,2026-05-16,11,16,23.4,70,28.0,49.0
466593,2026-05-16,11,17,23.4,70,28.0,49.0
466594,2026-05-16,11,18,23.4,70,27.9,49.0
466595,2026-05-16,11,19,23.4,70,27.8,49.0
466596,2026-05-16,11,20,23.4,70,27.8,49.0
466597,2026-05-16,11,21,23.4,70,27.8,49.0
466598,2026-05-16,11,22,23.4,70,27.8,49.0
466599,2026-05-16,11,23,23.4,70,27.7,49.0
466600,2026-05-16,11,25,23.6,70,27.7,49.0
466601,2026-05-16,11,26,23.8,70,27.8,49.0
466602,2026-05-16,11,27,23.8,70,27.8,49.0
466603,2026-05-16,11,28,23.8,70,27.9,49.0
466604,2026-05-16,11,29,23.8,70,27.9,49.0
466605,2026-05-16,11,30,23.8,69,27.9,49.0
466606,2026-05-16,11,31,23.8,69,28.0,49.0
466607,2026-05-16,11,32,23.8,69,28.0,49.0
466608,2026-05-16,11,33,23.8,69,28.0,49.0
466609,2026-05-16,11,34,23.8,69,28.0,49.0
466610,2026-05-16,11,35,23.8,69,28.0,49.0
466611,2026-05-16,11,36,23.8,69,27.9,49.0
466612,2026-05-16,11,37,23.8,69,27.9,49.0
466613,2026-05-16,11,38,23.8,69,27.9,49.0
466614,2026-05-16,11,39,23.8,69,27.9,49.0
466615,2026-05-16,11,40,23.8,69,27.9,49.0
466616,2026-05-16,11,41,23.8,69,27.9,49.0
466617,2026-05-16,11,42,23.8,69,27.9,49.0
466618,2026-05-16,11,43,23.8,69,27.9,49.0
466619,2026-05-16,11,44,23.8,69,27.9,49.0
466620,2026-05-16,11,45,23.8,69,27.9,49.0
466621,2026-05-16,11,46,23.8,69,27.8,49.0
466622,2026-05-16,11,47,23.8,69,27.8,49.0
466623,2026-05-16,11,48,23.8,69,27.8,49.0
466624,2026-05-16,11,49,23.8,69,27.8,49.0
466625,2026-05-16,11,50,23.8,69,27.8,49.0
466626,2026-05-16,11,51,23.8,69,27.9,49.0
466627,2026-05-16,11,52,23.9,69,27.9,49.0
466628,2026-05-16,11,53,24.1,69,27.9,49.0
466629,2026-05-16,11,54,24.1,69,27.8,49.0
466630,2026-05-16,11,55,24.1,69,27.9,49.0
466631,2026-05-16,11,56,24.1,69,27.9,49.0
466632,2026-05-16,11,57,24.1,70,28.0,50.0
466633,2026-05-16,11,58,24.1,70,28.0,49.0
466634,2026-05-16,11,59,24.1,70,28.1,49.0
466635,2026-05-16,12,00,24.1,70,28.1,50.0
466636,2026-05-16,12,01,24.1,71,28.0,49.0
466637,2026-05-16,12,02,24.1,71,28.1,49.0
466638,2026-05-16,12,03,24.1,71,28.1,49.0
466639,2026-05-16,12,04,24.1,71,28.1,49.0
466640,2026-05-16,12,05,24.1,71,28.2,49.0
466641,2026-05-16,12,06,24.1,72,28.2,49.0
466642,2026-05-16,12,07,24.1,72,28.3,50.0
466643,2026-05-16,12,08,24.1,72,28.3,50.0
466644,2026-05-16,12,09,24.1,72,28.4,48.0
466645,2026-05-16,12,10,24.1,72,28.4,49.0
466646,2026-05-16,12,11,24.1,72,28.4,49.0
466647,2026-05-16,12,12,24.1,72,28.4,49.0
466648,2026-05-16,12,13,24.1,72,28.5,49.0
466649,2026-05-16,12,14,24.1,72,28.5,49.0
466650,2026-05-16,12,15,24.1,73,28.5,49.0
466651,2026-05-16,12,16,24.1,73,28.5,50.0
466652,2026-05-16,12,17,24.1,73,28.5,50.0
466653,2026-05-16,12,18,24.2,73,28.5,50.0
466654,2026-05-16,12,19,24.2,73,28.5,50.0
466655,2026-05-16,12,20,24.3,73,28.5,50.0
466656,2026-05-16,12,21,24.5,73,28.5,50.0
466657,2026-05-16,12,22,24.5,73,28.5,49.0
466658,2026-05-16,12,23,24.5,73,28.5,50.0
466659,2026-05-16,12,24,24.5,73,28.5,49.0
466660,2026-05-16,12,25,24.5,73,28.5,50.0
466661,2026-05-16,12,26,24.5,73,28.5,50.0
466662,2026-05-16,12,27,24.5,73,28.4,49.0
466663,2026-05-16,12,28,24.5,73,28.4,50.0
466664,2026-05-16,12,29,24.5,73,28.3,48.0
466665,2026-05-16,12,30,24.5,73,28.2,48.0
466666,2026-05-16,12,31,24.5,73,28.1,48.0
466667,2026-05-16,12,32,24.5,73,28.1,50.0
466668,2026-05-16,12,33,24.5,73,28.1,51.0
466669,2026-05-16,12,35,24.5,73,28.0,51.0
466670,2026-05-16,12,36,24.5,73,28.0,51.0
466671,2026-05-16,12,37,24.5,73,27.9,50.0
466672,2026-05-16,12,38,24.5,73,27.9,51.0
466673,2026-05-16,12,39,24.5,73,27.9,51.0
466674,2026-05-16,12,40,24.5,73,28.0,50.0
466675,2026-05-16,12,41,24.5,73,28.0,51.0
466676,2026-05-16,12,42,24.5,73,28.1,49.0
466677,2026-05-16,12,43,24.5,73,28.1,50.0
466678,2026-05-16,12,44,24.5,73,28.1,50.0
466679,2026-05-16,12,45,24.5,73,28.1,50.0
466680,2026-05-16,12,46,24.5,73,28.1,51.0
466681,2026-05-16,12,47,24.5,73,28.0,50.0
466682,2026-05-16,12,48,24.5,73,28.0,51.0
466683,2026-05-16,12,49,24.5,73,28.0,51.0
466684,2026-05-16,12,50,24.5,73,28.0,51.0
466685,2026-05-16,12,51,24.5,73,28.0,51.0
466686,2026-05-16,12,52,24.5,73,28.0,51.0
466687,2026-05-16,12,53,24.5,73,28.1,51.0
466688,2026-05-16,12,54,24.5,73,28.1,51.0
466689,2026-05-16,12,55,24.5,73,28.1,52.0
466690,2026-05-16,12,56,24.5,73,28.2,51.0
466691,2026-05-16,12,57,24.5,73,28.2,51.0
466692,2026-05-16,12,58,24.5,73,28.3,52.0
466693,2026-05-16,12,59,24.5,73,28.3,52.0
466694,2026-05-16,13,00,24.5,73,28.3,51.0
466695,2026-05-16,13,01,24.5,73,28.3,51.0
466696,2026-05-16,13,02,24.5,73,28.2,49.0
466697,2026-05-16,13,03,24.5,73,28.1,50.0
466698,2026-05-16,13,04,24.5,73,28.1,51.0
466699,2026-05-16,13,05,24.5,73,28.1,51.0
466700,2026-05-16,13,06,24.5,73,28.1,51.0
466701,2026-05-16,13,07,24.5,73,28.0,51.0
466702,2026-05-16,13,08,24.5,73,28.0,52.0
466703,2026-05-16,13,09,24.5,73,28.0,52.0
466704,2026-05-16,13,10,24.5,73,28.0,52.0
466705,2026-05-16,13,11,24.5,73,28.0,52.0
466706,2026-05-16,13,12,24.5,73,28.0,52.0
466707,2026-05-16,13,13,24.5,73,27.9,52.0
466708,2026-05-16,13,14,24.5,73,27.9,52.0
466709,2026-05-16,13,15,24.5,72,27.9,52.0
466710,2026-05-16,13,16,24.5,72,27.8,52.0
466711,2026-05-16,13,17,24.5,72,27.8,52.0
466712,2026-05-16,13,18,24.5,72,27.8,52.0
466713,2026-05-16,13,19,24.5,72,27.8,52.0
466714,2026-05-16,13,20,24.5,72,27.8,51.0
466715,2026-05-16,13,21,24.5,72,27.8,51.0
466716,2026-05-16,13,22,24.5,72,27.8,52.0
466717,2026-05-16,13,23,24.5,72,27.9,51.0
466718,2026-05-16,13,24,24.5,72,27.9,49.0
466719,2026-05-16,13,25,24.5,72,27.9,48.0
466720,2026-05-16,13,26,24.5,72,27.8,48.0
466721,2026-05-16,13,27,24.5,71,27.9,49.0
466722,2026-05-16,13,28,24.5,71,27.8,49.0
466723,2026-05-16,13,29,24.5,71,27.8,49.0
466724,2026-05-16,13,30,24.5,71,27.8,49.0
466725,2026-05-16,13,31,24.5,71,27.7,50.0
466726,2026-05-16,13,32,24.5,71,27.7,50.0
466727,2026-05-16,13,33,24.5,71,27.6,51.0
466728,2026-05-16,13,34,24.5,70,27.5,51.0
466729,2026-05-16,13,35,24.5,70,27.4,51.0
466730,2026-05-16,13,36,24.5,70,27.3,51.0
466731,2026-05-16,13,37,24.5,70,27.2,51.0
466732,2026-05-16,13,38,24.5,70,27.0,51.0
466733,2026-05-16,13,39,24.5,70,26.9,51.0
466734,2026-05-16,13,40,24.5,70,26.8,51.0
466735,2026-05-16,13,41,24.5,70,26.7,52.0
466736,2026-05-16,13,42,24.5,70,26.7,52.0
466737,2026-05-16,13,43,24.5,70,26.6,52.0
466738,2026-05-16,13,44,24.5,69,26.6,52.0
466739,2026-05-16,13,45,24.5,70,26.5,52.0
466740,2026-05-16,13,46,24.5,69,26.4,52.0
466741,2026-05-16,13,47,24.5,69,26.3,52.0
466742,2026-05-16,13,48,24.5,69,26.2,52.0
466743,2026-05-16,13,49,24.5,69,26.2,52.0
466744,2026-05-16,13,50,24.5,69,26.1,53.0
466745,2026-05-16,13,51,24.5,69,26.0,53.0
466746,2026-05-16,13,52,24.5,69,26.0,54.0
466747,2026-05-16,13,53,24.5,69,25.9,53.0
466748,2026-05-16,13,54,24.5,69,25.9,53.0
466749,2026-05-16,13,55,24.5,69,25.9,53.0
466750,2026-05-16,13,56,24.5,69,25.9,53.0
466751,2026-05-16,13,57,24.5,69,25.9,53.0
466752,2026-05-16,13,58,24.5,69,26.0,53.0
466753,2026-05-16,13,59,24.5,69,26.0,53.0
466754,2026-05-16,14,00,24.5,69,26.1,53.0
466755,2026-05-16,14,01,24.5,69,26.2,53.0
466756,2026-05-16,14,02,24.5,69,26.2,53.0
466757,2026-05-16,14,03,24.5,69,26.3,52.0
466758,2026-05-16,14,04,24.5,69,26.3,52.0
466759,2026-05-16,14,05,24.5,69,26.3,52.0
466760,2026-05-16,14,06,24.5,69,26.3,52.0
466761,2026-05-16,14,07,24.5,69,26.4,52.0
466762,2026-05-16,14,08,24.5,69,26.5,52.0
466763,2026-05-16,14,09,24.5,69,26.6,52.0
466764,2026-05-16,14,10,24.5,69,26.6,52.0
466765,2026-05-16,14,11,24.5,69,26.7,52.0
466766,2026-05-16,14,12,24.5,68,26.7,52.0
466767,2026-05-16,14,13,24.5,68,26.8,52.0
466768,2026-05-16,14,14,24.5,68,26.8,52.0
466769,2026-05-16,14,15,24.5,68,26.8,51.0
466770,2026-05-16,14,16,24.5,68,26.8,51.0
466771,2026-05-16,14,17,24.5,68,26.8,51.0
466772,2026-05-16,14,18,24.5,68,26.7,51.0
466773,2026-05-16,14,19,24.5,68,26.7,51.0
466774,2026-05-16,14,20,24.5,68,26.6,52.0
466775,2026-05-16,14,21,24.5,68,26.6,52.0
466776,2026-05-16,14,22,24.5,68,26.5,52.0
466777,2026-05-16,14,23,24.5,68,26.4,52.0
466778,2026-05-16,14,24,24.5,68,26.3,53.0
466779,2026-05-16,14,25,24.5,68,26.2,53.0
466780,2026-05-16,14,26,24.5,68,26.2,53.0
466781,2026-05-16,14,27,24.5,68,26.1,53.0
466782,2026-05-16,14,28,24.5,68,26.0,53.0
466783,2026-05-16,14,29,24.5,68,26.0,53.0
466784,2026-05-16,14,30,24.5,68,25.9,53.0
466785,2026-05-16,14,31,24.5,68,25.9,53.0
466786,2026-05-16,14,32,24.5,68,26.0,53.0
466787,2026-05-16,14,33,24.5,68,26.1,53.0
466788,2026-05-16,14,34,24.5,68,26.2,53.0
466789,2026-05-16,14,35,24.5,68,26.3,53.0
466790,2026-05-16,14,36,24.5,68,26.3,53.0
466791,2026-05-16,14,37,24.5,68,26.4,53.0
466792,2026-05-16,14,38,24.5,68,26.4,53.0
466793,2026-05-16,14,39,24.5,68,26.5,53.0
466794,2026-05-16,14,40,24.5,68,26.4,53.0
466795,2026-05-16,14,41,24.5,68,26.5,53.0
466796,2026-05-16,14,42,24.5,68,26.4,53.0
466797,2026-05-16,14,43,24.5,68,26.5,53.0
466798,2026-05-16,14,44,24.5,68,26.5,53.0
466799,2026-05-16,14,45,24.5,68,26.5,53.0
466800,2026-05-16,14,46,24.5,68,26.5,53.0
466801,2026-05-16,14,47,24.5,68,26.5,53.0
466802,2026-05-16,14,48,24.5,68,26.5,53.0
466803,2026-05-16,14,49,24.5,68,26.4,53.0
466804,2026-05-16,14,50,24.5,68,26.4,53.0
466805,2026-05-16,14,51,24.5,68,26.4,53.0
466806,2026-05-16,14,52,24.5,68,26.4,53.0
466807,2026-05-16,14,53,24.5,68,26.3,53.0
466808,2026-05-16,14,54,24.5,68,26.3,53.0
466809,2026-05-16,14,55,24.5,68,26.3,53.0
466810,2026-05-16,14,56,24.5,68,26.3,53.0
466811,2026-05-16,14,57,24.5,68,26.3,53.0
466812,2026-05-16,14,58,24.5,68,26.3,53.0
466813,2026-05-16,14,59,24.5,69,26.2,54.0
466814,2026-05-16,15,00,24.5,69,26.2,54.0
466815,2026-05-16,15,01,24.5,69,26.2,54.0
466816,2026-05-16,15,02,24.5,69,26.1,54.0
466817,2026-05-16,15,03,24.5,69,26.1,54.0
466818,2026-05-16,15,04,24.5,69,26.0,54.0
466819,2026-05-16,15,05,24.5,69,26.0,54.0
466820,2026-05-16,15,06,24.5,68,25.9,54.0
466821,2026-05-16,15,07,24.5,69,25.9,54.0
466822,2026-05-16,15,08,24.5,69,25.9,54.0
466823,2026-05-16,15,09,24.5,69,25.9,54.0
466824,2026-05-16,15,10,24.5,69,25.8,54.0
466825,2026-05-16,15,11,24.5,69,25.9,54.0
466826,2026-05-16,15,12,24.5,69,25.9,55.0
466827,2026-05-16,15,13,24.5,69,25.8,55.0
466828,2026-05-16,15,23,24.5,69,25.7,54.0
466829,2026-05-16,15,24,24.5,69,25.7,55.0
466830,2026-05-16,15,25,24.5,69,25.6,54.0
466831,2026-05-16,15,26,24.5,69,25.6,54.0
466832,2026-05-16,15,27,24.5,69,25.6,55.0
466833,2026-05-16,15,28,24.5,69,25.6,54.0
466834,2026-05-16,15,29,24.5,69,25.6,55.0
466835,2026-05-16,15,30,24.5,69,25.6,54.0
466836,2026-05-16,15,31,24.5,69,25.6,55.0
466837,2026-05-16,15,32,24.5,69,25.6,55.0
466838,2026-05-16,15,33,24.5,69,25.5,55.0
466839,2026-05-16,15,34,24.5,69,25.5,55.0
466840,2026-05-16,15,35,24.5,69,25.5,55.0
466841,2026-05-16,15,36,24.5,69,25.5,55.0
466842,2026-05-16,15,37,24.5,69,25.5,55.0
466843,2026-05-16,15,38,24.5,69,25.4,55.0
466844,2026-05-16,15,39,24.5,68,25.4,55.0
466845,2026-05-16,15,40,24.5,68,25.4,55.0
466846,2026-05-16,15,41,24.5,68,25.4,55.0
466847,2026-05-16,15,42,24.5,68,25.4,55.0
466848,2026-05-16,15,43,24.5,68,25.4,55.0
466849,2026-05-16,15,44,24.5,68,25.4,55.0
466850,2026-05-16,15,45,24.5,68,25.4,55.0
466851,2026-05-16,15,46,24.5,68,25.3,55.0
466852,2026-05-16,15,47,24.5,68,25.4,55.0
466853,2026-05-16,15,48,24.5,68,25.3,55.0
466854,2026-05-16,15,49,24.5,68,25.3,55.0
466855,2026-05-16,15,50,24.5,68,25.3,55.0
466856,2026-05-16,15,51,24.5,68,25.2,55.0
466857,2026-05-16,15,52,24.5,68,25.2,55.0
466858,2026-05-16,15,53,24.5,68,25.2,55.0
466859,2026-05-16,15,54,24.5,69,25.1,55.0
466860,2026-05-16,15,55,24.5,69,25.1,55.0
466861,2026-05-16,15,56,24.5,69,25.0,55.0
466862,2026-05-16,15,57,24.5,69,25.0,56.0
466863,2026-05-16,15,58,24.5,69,25.0,56.0
466864,2026-05-16,15,59,24.5,68,24.9,56.0
466865,2026-05-16,16,00,24.5,68,24.9,56.0
466866,2026-05-16,16,01,24.5,68,24.8,56.0
466867,2026-05-16,16,02,24.5,68,24.8,56.0
466868,2026-05-16,16,03,24.5,68,24.8,57.0
466869,2026-05-16,16,04,24.5,68,24.7,57.0
466870,2026-05-16,16,05,24.5,68,24.7,57.0
466871,2026-05-16,16,06,24.5,68,24.7,57.0
466872,2026-05-16,16,07,24.5,68,24.7,57.0
466873,2026-05-16,16,08,24.5,68,24.7,57.0
466874,2026-05-16,16,09,24.5,68,24.7,57.0
466875,2026-05-16,16,10,24.5,68,24.7,57.0
466876,2026-05-16,16,11,24.5,68,24.7,57.0
466877,2026-05-16,16,12,24.5,68,24.7,57.0
466878,2026-05-16,16,13,24.5,68,24.6,57.0
466879,2026-05-16,16,14,24.5,68,24.6,57.0
466880,2026-05-16,16,15,24.5,68,24.6,57.0
466881,2026-05-16,16,16,24.5,68,24.6,57.0
466882,2026-05-16,16,17,24.5,68,24.6,57.0
466883,2026-05-16,16,18,24.5,68,24.6,57.0
466884,2026-05-16,16,19,24.5,68,24.5,57.0
466885,2026-05-16,16,20,24.5,68,24.5,57.0
466886,2026-05-16,16,21,24.5,68,24.5,57.0
466887,2026-05-16,16,22,24.5,68,24.5,57.0
466888,2026-05-16,16,23,24.5,68,24.4,57.0
466889,2026-05-16,16,24,24.5,68,24.4,57.0
466890,2026-05-16,16,25,24.5,68,24.4,57.0
466891,2026-05-16,16,26,24.5,68,24.4,57.0
466892,2026-05-16,16,27,24.5,68,24.4,57.0
466893,2026-05-16,16,28,24.5,68,24.3,57.0
466894,2026-05-16,16,29,24.5,68,24.3,57.0
466895,2026-05-16,16,30,24.5,68,24.3,57.0
466896,2026-05-16,16,31,24.5,68,24.2,57.0
466897,2026-05-16,16,32,24.5,68,24.2,58.0
466898,2026-05-16,16,33,24.5,68,24.2,58.0
466899,2026-05-16,16,34,24.5,68,24.2,58.0
466900,2026-05-16,16,35,24.5,68,24.1,58.0
466901,2026-05-16,16,36,24.5,68,24.1,58.0
466902,2026-05-16,16,37,24.5,68,24.1,58.0
466903,2026-05-16,16,38,24.5,68,24.1,58.0
466904,2026-05-16,16,39,24.5,68,24.2,58.0
466905,2026-05-16,16,40,24.5,68,24.2,58.0
466906,2026-05-16,16,41,24.5,68,24.2,57.0
466907,2026-05-16,16,42,24.5,68,24.2,57.0
466908,2026-05-16,16,43,24.5,68,24.2,57.0
466909,2026-05-16,16,44,24.5,68,24.2,58.0
466910,2026-05-16,16,45,24.5,68,24.2,58.0
466911,2026-05-16,16,46,24.5,68,24.1,58.0
466912,2026-05-16,16,47,24.5,68,24.1,58.0
466913,2026-05-16,16,48,24.5,68,24.1,58.0
466914,2026-05-16,16,49,24.5,68,24.1,58.0
466915,2026-05-16,16,50,24.5,68,24.1,58.0
466916,2026-05-16,16,51,24.5,68,24.1,58.0
466917,2026-05-16,16,52,24.5,68,24.1,58.0
466918,2026-05-16,16,53,24.5,68,24.1,58.0
466919,2026-05-16,16,54,24.5,68,24.1,58.0
466920,2026-05-16,16,55,24.5,68,24.0,58.0
466921,2026-05-16,16,56,24.5,68,24.0,58.0
466922,2026-05-16,16,57,24.5,68,24.0,58.0
466923,2026-05-16,16,58,24.5,68,24.0,58.0
466924,2026-05-16,16,59,24.5,68,24.0,58.0
466925,2026-05-16,17,00,24.5,68,24.0,58.0
466926,2026-05-16,17,01,24.5,68,24.0,58.0
466927,2026-05-16,17,02,24.5,68,23.9,58.0
466928,2026-05-16,17,03,24.5,68,23.9,58.0
466929,2026-05-16,17,04,24.5,68,23.9,58.0
466930,2026-05-16,17,05,24.5,68,23.9,58.0
466931,2026-05-16,17,06,24.5,68,23.9,58.0
466932,2026-05-16,17,07,24.5,68,23.9,58.0
466933,2026-05-16,17,08,24.5,68,23.8,58.0
466934,2026-05-16,17,09,24.5,68,23.8,58.0
466935,2026-05-16,17,10,24.5,68,23.8,58.0
466936,2026-05-16,17,11,24.5,68,23.8,59.0
466937,2026-05-16,17,12,24.5,68,23.8,59.0
466938,2026-05-16,17,13,24.5,68,23.7,59.0
466939,2026-05-16,17,14,24.5,68,23.7,59.0
466940,2026-05-16,17,15,24.5,68,23.7,59.0
466941,2026-05-16,17,16,24.5,68,23.6,59.0
466942,2026-05-16,17,17,24.5,68,23.6,59.0
466943,2026-05-16,17,18,24.5,68,23.6,59.0
466944,2026-05-16,17,19,24.5,68,23.6,59.0
466945,2026-05-16,17,20,24.5,68,23.5,59.0
466946,2026-05-16,17,21,24.5,68,23.5,59.0
466947,2026-05-16,17,22,24.5,68,23.5,59.0
466948,2026-05-16,17,23,24.5,68,23.5,59.0
466949,2026-05-16,17,24,24.5,68,23.5,59.0
466950,2026-05-16,17,25,24.5,68,23.5,59.0
466951,2026-05-16,17,26,24.5,68,23.4,59.0
466952,2026-05-16,17,27,24.5,68,23.4,59.0
466953,2026-05-16,17,28,24.5,68,23.4,59.0
466954,2026-05-16,17,29,24.5,68,23.4,59.0
466955,2026-05-16,17,30,24.5,68,23.4,59.0
466956,2026-05-16,17,31,24.5,68,23.4,59.0
466957,2026-05-16,17,32,24.5,68,23.3,59.0
466958,2026-05-16,17,33,24.5,68,23.3,60.0
466959,2026-05-16,17,34,24.5,68,23.3,60.0
466960,2026-05-16,17,35,24.5,68,23.3,60.0
466961,2026-05-16,17,36,24.5,69,23.3,60.0
466962,2026-05-16,17,37,24.5,69,23.3,60.0
466963,2026-05-16,17,38,24.5,69,23.3,60.0
466964,2026-05-16,17,39,24.5,69,23.2,60.0
466965,2026-05-16,17,40,24.5,69,23.2,60.0
466966,2026-05-16,17,41,24.5,69,23.2,60.0
466967,2026-05-16,17,42,24.5,69,23.1,60.0
466968,2026-05-16,17,43,24.5,69,23.1,60.0
466969,2026-05-16,17,44,24.5,69,23.1,60.0
466970,2026-05-16,17,45,24.5,69,23.0,60.0
466971,2026-05-16,17,46,24.5,69,23.0,60.0
466972,2026-05-16,17,47,24.5,69,23.0,60.0
466973,2026-05-16,17,48,24.5,69,22.9,60.0
466974,2026-05-16,17,49,24.5,69,22.9,61.0
466975,2026-05-16,17,50,24.5,69,22.9,61.0
466976,2026-05-16,17,51,24.5,69,22.9,61.0
466977,2026-05-16,17,52,24.5,69,22.9,61.0
466978,2026-05-16,17,53,24.4,69,22.8,61.0
466979,2026-05-16,17,54,24.3,69,22.8,61.0
466980,2026-05-16,17,55,24.2,69,22.8,61.0
466981,2026-05-16,17,56,24.2,69,22.7,61.0
466982,2026-05-16,17,57,24.2,69,22.7,61.0
466983,2026-05-16,17,58,24.2,69,22.6,61.0
466984,2026-05-16,17,59,24.2,69,22.6,61.0
466985,2026-05-16,18,00,24.1,69,22.6,61.0
466986,2026-05-16,18,01,24.1,69,22.6,61.0
466987,2026-05-16,18,02,24.1,69,22.6,61.0
466988,2026-05-16,18,03,24.1,69,22.6,61.0
466989,2026-05-16,18,04,24.1,69,22.6,61.0
466990,2026-05-16,18,05,24.1,69,22.5,61.0
466991,2026-05-16,18,06,24.1,69,22.5,62.0
466992,2026-05-16,18,07,24.1,69,22.5,62.0
466993,2026-05-16,18,08,24.1,69,22.5,62.0
466994,2026-05-16,18,09,24.1,70,22.5,62.0
466995,2026-05-16,18,10,24.1,70,22.4,62.0
466996,2026-05-16,18,11,24.1,70,22.4,62.0
466997,2026-05-16,18,12,24.1,70,22.4,62.0
466998,2026-05-16,18,13,24.1,70,22.4,62.0
466999,2026-05-16,18,14,24.1,70,22.3,62.0
467000,2026-05-16,18,15,24.1,70,22.3,62.0
467001,2026-05-16,18,16,24.1,70,22.3,62.0
467002,2026-05-16,18,17,24.1,70,22.3,62.0
467003,2026-05-16,18,18,24.1,70,22.2,62.0
467004,2026-05-16,18,19,24.1,70,22.2,62.0
467005,2026-05-16,18,20,24.1,70,22.2,62.0
467006,2026-05-16,18,21,24.1,70,22.2,62.0
467007,2026-05-16,18,22,24.1,70,22.1,62.0
467008,2026-05-16,18,23,24.1,70,22.1,63.0
467009,2026-05-16,18,24,24.1,70,22.1,63.0
467010,2026-05-16,18,25,24.1,70,22.1,63.0
467011,2026-05-16,18,26,24.1,70,22.1,63.0
467012,2026-05-16,18,27,24.1,70,22.1,63.0
467013,2026-05-16,18,28,24.1,70,22.1,63.0
467014,2026-05-16,18,29,24.1,70,22.0,63.0
467015,2026-05-16,18,30,24.1,71,22.0,63.0
467016,2026-05-16,18,31,24.1,71,22.0,63.0
467017,2026-05-16,18,32,24.1,71,22.0,63.0
467018,2026-05-16,18,33,24.1,71,22.0,63.0
467019,2026-05-16,18,34,24.1,71,22.0,63.0
467020,2026-05-16,18,35,24.1,71,22.0,63.0
467021,2026-05-16,18,36,24.1,71,22.0,63.0
467022,2026-05-16,18,37,24.1,71,21.9,63.0
467023,2026-05-16,18,38,24.1,71,21.9,63.0
467024,2026-05-16,18,39,24.1,71,21.9,63.0
467025,2026-05-16,18,40,24.1,71,21.9,63.0
467026,2026-05-16,18,41,24.1,71,21.9,63.0
467027,2026-05-16,18,42,24.1,71,21.9,63.0
467028,2026-05-16,18,43,24.1,71,21.9,63.0
467029,2026-05-16,18,44,24.1,71,21.9,63.0
467030,2026-05-16,18,45,24.1,71,21.9,63.0
467031,2026-05-16,18,46,24.1,71,21.9,63.0
467032,2026-05-16,18,47,24.1,71,21.8,63.0
467033,2026-05-16,18,48,24.1,71,21.8,64.0
467034,2026-05-16,18,49,24.1,71,21.8,64.0
467035,2026-05-16,18,50,24.1,71,21.8,64.0
467036,2026-05-16,18,51,24.1,71,21.8,64.0
467037,2026-05-16,18,52,24.1,71,21.8,64.0
467038,2026-05-16,18,53,24.1,70,21.8,64.0
467039,2026-05-16,18,54,24.1,70,21.8,65.0
467040,2026-05-16,18,55,24.1,70,21.8,65.0
467041,2026-05-16,18,56,24.1,70,21.8,65.0
467042,2026-05-16,18,57,24.1,69,21.8,65.0
467043,2026-05-16,18,58,24.1,69,21.8,65.0
467044,2026-05-16,18,59,24.1,69,21.8,65.0
467045,2026-05-16,19,00,24.1,69,21.8,65.0
467046,2026-05-16,19,01,24.1,69,21.8,65.0
467047,2026-05-16,19,02,24.1,69,21.8,65.0
467048,2026-05-16,19,03,24.1,69,21.8,65.0
467049,2026-05-16,19,04,24.1,69,21.7,65.0
467050,2026-05-16,19,05,24.1,69,21.7,65.0
467051,2026-05-16,19,06,24.1,69,21.7,65.0
467052,2026-05-16,19,07,24.1,69,21.7,65.0
467053,2026-05-16,19,08,24.1,69,21.7,65.0
467054,2026-05-16,19,09,24.1,69,21.7,65.0
467055,2026-05-16,19,10,24.1,69,21.7,65.0
467056,2026-05-16,19,11,24.1,69,21.7,65.0
467057,2026-05-16,19,12,24.1,69,21.7,65.0
467058,2026-05-16,19,13,24.1,69,21.7,65.0
467059,2026-05-16,19,14,24.1,69,21.7,66.0
467060,2026-05-16,19,15,24.0,69,21.7,66.0
467061,2026-05-16,19,16,23.8,69,21.7,66.0
467062,2026-05-16,19,17,23.8,69,21.7,66.0
467063,2026-05-16,19,18,23.8,69,21.7,66.0
467064,2026-05-16,19,19,23.8,69,21.6,66.0
467065,2026-05-16,19,20,23.8,69,21.6,66.0
467066,2026-05-16,19,21,23.8,69,21.7,66.0
467067,2026-05-16,19,22,23.8,69,21.6,66.0
467068,2026-05-16,19,23,23.8,69,21.6,66.0
467069,2026-05-16,19,24,23.8,69,21.6,66.0
467070,2026-05-16,19,25,23.8,69,21.6,66.0
467071,2026-05-16,19,26,23.8,69,21.6,66.0
467072,2026-05-16,19,27,23.8,69,21.6,66.0
467073,2026-05-16,19,28,23.8,69,21.6,66.0
467074,2026-05-16,19,29,23.8,69,21.6,66.0
467075,2026-05-16,19,30,23.8,69,21.6,66.0
467076,2026-05-16,19,31,23.8,69,21.6,66.0
467077,2026-05-16,19,32,23.8,69,21.6,66.0
467078,2026-05-16,19,33,23.8,69,21.6,66.0
467079,2026-05-16,19,34,23.8,69,21.6,66.0
467080,2026-05-16,19,35,23.8,69,21.5,66.0
467081,2026-05-16,19,36,23.8,69,21.6,66.0
467082,2026-05-16,19,37,23.8,69,21.6,66.0
467083,2026-05-16,19,38,23.8,69,21.5,66.0
467084,2026-05-16,19,39,23.8,69,21.5,66.0
467085,2026-05-16,19,40,23.8,69,21.5,66.0
467086,2026-05-16,19,41,23.8,69,21.5,66.0
467087,2026-05-16,19,42,23.8,69,21.5,66.0
467088,2026-05-16,19,43,23.8,69,21.5,66.0
467089,2026-05-16,19,44,23.8,69,21.5,66.0
467090,2026-05-16,19,45,23.8,69,21.5,66.0
467091,2026-05-16,19,46,23.8,69,21.5,66.0
467092,2026-05-16,19,45,23.8,69,21.5,67.0
467093,2026-05-16,19,46,23.8,69,21.5,67.0
467094,2026-05-16,19,45,23.8,69,21.5,67.0
467095,2026-05-16,19,46,23.8,69,21.4,67.0
467096,2026-05-16,19,45,23.8,69,21.4,67.0
467097,2026-05-16,19,46,23.8,69,21.4,67.0
467098,2026-05-16,19,45,23.8,69,21.4,67.0
467099,2026-05-16,19,46,23.8,69,21.4,67.0
467100,2026-05-16,19,47,23.8,69,21.4,67.0
467101,2026-05-16,19,51,23.8,69,21.3,67.0
467102,2026-05-16,19,52,23.8,69,21.3,67.0
467103,2026-05-16,19,53,23.8,69,21.3,67.0
467104,2026-05-16,19,54,23.8,69,21.3,67.0
467105,2026-05-16,19,55,23.8,69,21.3,67.0
467106,2026-05-16,19,56,23.8,69,21.3,67.0
467107,2026-05-16,19,56,23.8,69,21.3,67.0
467108,2026-05-16,19,57,23.8,69,21.3,67.0
467109,2026-05-16,19,58,23.8,69,21.3,67.0
467110,2026-05-16,19,59,23.8,69,21.3,67.0
467111,2026-05-16,20,00,23.8,69,21.3,67.0
467112,2026-05-16,20,01,23.8,69,21.2,67.0
467113,2026-05-16,20,02,23.8,69,21.2,67.0
467114,2026-05-16,20,03,23.8,69,21.2,67.0
467115,2026-05-16,20,04,23.8,69,21.2,67.0
467116,2026-05-16,20,05,23.8,69,21.2,67.0
467117,2026-05-16,20,06,23.8,69,21.2,67.0
467118,2026-05-16,20,07,23.8,69,21.2,67.0
467119,2026-05-16,20,08,23.8,69,21.2,67.0
467120,2026-05-16,20,09,23.8,69,21.2,67.0
467121,2026-05-16,20,10,23.8,69,21.2,67.0
467122,2026-05-16,20,11,23.8,69,21.2,67.0
467123,2026-05-16,20,12,23.8,69,21.1,67.0
467124,2026-05-16,20,14,23.8,69,21.1,67.0
467125,2026-05-16,20,15,23.8,69,21.1,67.0
467126,2026-05-16,20,16,23.8,69,21.1,67.0
467127,2026-05-16,20,17,23.8,69,21.1,67.0
467128,2026-05-16,20,18,23.8,69,21.1,67.0
467129,2026-05-16,20,19,23.8,69,21.1,67.0
467130,2026-05-16,20,21,23.8,69,21.1,67.0
467131,2026-05-16,20,23,23.8,69,21.1,67.0
467132,2026-05-16,20,24,23.8,69,21.1,67.0
467133,2026-05-16,20,25,23.8,69,21.1,67.0
467134,2026-05-16,20,25,23.8,69,21.0,67.0
467135,2026-05-16,20,26,23.8,69,21.0,67.0
467136,2026-05-16,20,26,23.7,69,21.0,67.0
467137,2026-05-16,20,27,23.5,69,21.0,67.0
467138,2026-05-16,20,28,23.4,69,21.0,67.0
467139,2026-05-16,20,29,23.4,69,21.0,67.0
467140,2026-05-16,20,30,23.4,69,21.0,67.0
467141,2026-05-16,20,31,23.4,69,21.0,67.0
467142,2026-05-16,20,32,23.4,69,21.0,67.0
467143,2026-05-16,20,32,23.4,69,20.9,67.0
467144,2026-05-16,20,33,23.4,69,20.9,67.0
467145,2026-05-16,20,34,23.4,69,20.9,67.0
467146,2026-05-16,20,35,23.4,69,20.9,67.0
467147,2026-05-16,20,36,23.4,69,20.9,67.0
467148,2026-05-16,20,37,23.4,69,20.9,67.0
467149,2026-05-16,20,38,23.4,69,20.9,67.0
467150,2026-05-16,20,39,23.4,69,20.9,67.0
467151,2026-05-16,20,40,23.4,69,20.8,67.0
467152,2026-05-16,20,41,23.4,69,20.8,67.0
467153,2026-05-16,20,42,23.4,69,20.8,67.0
467154,2026-05-16,20,44,23.4,69,20.8,67.0
467155,2026-05-16,20,45,23.4,69,20.8,67.0
467156,2026-05-16,20,46,23.4,69,20.8,67.0
467157,2026-05-16,20,47,23.4,69,20.8,67.0
467158,2026-05-16,20,48,23.4,69,20.8,67.0
467159,2026-05-16,20,49,23.4,69,20.8,67.0
467160,2026-05-16,20,50,23.4,69,20.8,67.0
467161,2026-05-16,20,51,23.4,69,20.8,67.0
467162,2026-05-16,20,52,23.4,69,20.7,67.0
467163,2026-05-16,20,53,23.4,69,20.7,67.0
467164,2026-05-16,20,54,23.4,69,20.7,67.0
467165,2026-05-16,20,54,23.4,69,20.7,67.0
467166,2026-05-16,20,55,23.4,69,20.7,67.0
467167,2026-05-16,20,56,23.4,69,20.7,67.0
467168,2026-05-16,20,57,23.4,69,20.7,68.0
467169,2026-05-16,20,58,23.4,69,20.7,68.0
467170,2026-05-16,20,59,23.4,69,20.7,68.0
467171,2026-05-16,21,00,23.4,69,20.7,68.0
467172,2026-05-16,21,02,23.4,69,20.6,68.0
467173,2026-05-16,21,03,23.4,69,20.6,68.0
467174,2026-05-16,21,04,23.4,69,20.6,68.0
467175,2026-05-16,21,05,23.4,69,20.6,68.0
467176,2026-05-16,21,06,23.4,69,20.6,68.0
467177,2026-05-16,21,07,23.4,69,20.6,68.0
467178,2026-05-16,21,07,23.4,69,20.6,68.0
467179,2026-05-16,21,08,23.4,69,20.6,68.0
467180,2026-05-16,21,09,23.4,69,20.6,68.0
467181,2026-05-16,21,11,23.4,69,20.5,68.0
467182,2026-05-16,21,13,23.4,69,20.5,68.0
467183,2026-05-16,21,14,23.4,69,20.5,68.0
467184,2026-05-16,21,15,23.4,69,20.5,68.0
467185,2026-05-16,21,16,23.4,69,20.5,68.0
467186,2026-05-16,21,17,23.4,69,20.5,68.0
467187,2026-05-16,21,17,23.4,69,20.5,68.0
467188,2026-05-16,21,18,23.4,69,20.5,68.0
467189,2026-05-16,21,19,23.4,69,20.5,68.0
467190,2026-05-16,21,20,23.4,69,20.5,69.0
467191,2026-05-16,21,22,23.4,69,20.5,69.0
467192,2026-05-16,21,23,23.4,69,20.5,69.0
467193,2026-05-16,21,24,23.4,69,20.5,69.0
467194,2026-05-16,21,25,23.4,69,20.5,69.0
467195,2026-05-16,21,25,23.4,69,20.4,69.0
467196,2026-05-16,21,26,23.4,69,20.4,69.0
467197,2026-05-16,21,27,23.4,69,20.4,69.0
467198,2026-05-16,21,28,23.4,69,20.4,69.0
467199,2026-05-16,21,29,23.4,69,20.4,69.0
467200,2026-05-16,21,30,23.3,69,20.4,69.0
467201,2026-05-16,21,31,23.1,69,20.4,69.0
467202,2026-05-16,21,33,23.0,69,20.4,69.0
467203,2026-05-16,21,34,23.0,69,20.4,69.0
467204,2026-05-16,21,35,23.0,69,20.4,69.0
467205,2026-05-16,21,36,23.0,69,20.3,69.0
467206,2026-05-16,21,37,23.0,69,20.3,69.0
467207,2026-05-16,21,38,23.0,69,20.3,69.0
467208,2026-05-16,21,39,23.0,69,20.3,69.0
467209,2026-05-16,21,40,23.0,69,20.3,69.0
467210,2026-05-16,21,40,23.0,69,20.3,69.0
467211,2026-05-16,21,41,23.0,69,20.3,69.0
467212,2026-05-16,21,42,23.0,69,20.3,69.0
467213,2026-05-16,21,43,23.0,69,20.3,69.0
467214,2026-05-16,21,44,23.0,69,20.3,69.0
467215,2026-05-16,21,45,23.0,69,20.3,69.0
467216,2026-05-16,21,46,23.0,69,20.2,69.0
467217,2026-05-16,21,46,23.0,69,20.2,69.0
467218,2026-05-16,21,47,23.0,69,20.2,69.0
467219,2026-05-16,21,48,23.0,69,20.2,69.0
467220,2026-05-16,21,49,23.0,69,20.2,69.0
467221,2026-05-16,21,50,23.0,69,20.2,69.0
467222,2026-05-16,21,52,23.0,69,20.2,69.0
467223,2026-05-16,21,53,23.0,69,20.2,69.0
467224,2026-05-16,21,54,23.0,69,20.2,69.0
467225,2026-05-16,21,55,23.0,69,20.2,69.0
467226,2026-05-16,21,56,23.0,69,20.2,69.0
467227,2026-05-16,21,57,23.0,69,20.2,69.0
467228,2026-05-16,21,57,23.0,69,20.2,69.0
467229,2026-05-16,21,58,23.0,69,20.2,69.0
467230,2026-05-16,21,59,23.0,69,20.2,69.0
467231,2026-05-16,22,01,23.0,69,20.1,69.0
467232,2026-05-16,22,02,23.0,69,20.1,69.0
467233,2026-05-16,22,03,23.0,69,20.1,69.0
467234,2026-05-16,22,04,23.0,69,20.1,69.0
467235,2026-05-16,22,05,23.0,69,20.1,69.0
467236,2026-05-16,22,06,23.0,69,20.1,69.0
467237,2026-05-16,22,06,23.0,69,20.1,69.0
467238,2026-05-16,22,07,23.0,69,20.1,69.0
467239,2026-05-16,22,08,23.0,69,20.1,69.0
467240,2026-05-16,22,09,23.0,69,20.1,69.0
467241,2026-05-16,22,10,23.0,69,20.1,69.0
467242,2026-05-16,22,11,23.0,69,20.1,69.0
467243,2026-05-16,22,12,23.0,69,20.1,69.0
467244,2026-05-16,22,14,23.0,69,20.0,69.0
467245,2026-05-16,22,15,23.0,69,20.1,69.0
467246,2026-05-16,22,16,23.0,69,20.1,69.0
467247,2026-05-16,22,17,23.0,69,20.0,69.0
467248,2026-05-16,22,18,23.0,69,20.0,69.0
467249,2026-05-16,22,19,23.0,69,20.0,69.0
467250,2026-05-16,22,19,23.0,69,20.0,69.0
467251,2026-05-16,22,21,23.0,69,20.0,68.0
467252,2026-05-16,22,23,23.0,69,20.0,69.0
467253,2026-05-16,22,24,23.0,69,20.0,69.0
467254,2026-05-16,22,25,23.0,69,20.0,68.0
467255,2026-05-16,22,26,23.0,69,20.0,69.0
467256,2026-05-16,22,26,23.0,69,20.0,69.0
467257,2026-05-16,22,27,23.0,69,19.9,69.0
467258,2026-05-16,22,28,22.9,69,19.9,69.0
467259,2026-05-16,22,29,22.8,69,19.9,69.0
467260,2026-05-16,22,30,22.7,69,19.9,69.0
467261,2026-05-16,22,31,22.7,69,19.9,69.0
467262,2026-05-16,22,32,22.7,69,19.9,69.0
467263,2026-05-16,22,32,22.6,69,19.9,69.0
467264,2026-05-16,22,33,22.6,69,19.9,69.0
467265,2026-05-16,22,34,22.6,69,19.9,69.0
467266,2026-05-16,22,35,22.6,69,19.9,69.0
467267,2026-05-16,22,36,22.6,69,19.9,69.0
467268,2026-05-16,22,37,22.6,69,19.9,69.0
467269,2026-05-16,22,38,22.6,69,19.9,69.0
467270,2026-05-16,22,39,22.6,69,19.9,69.0
467271,2026-05-16,22,40,22.6,69,19.9,69.0
467272,2026-05-16,22,41,22.6,69,19.9,69.0
467273,2026-05-16,22,42,22.6,69,19.9,69.0
467274,2026-05-16,22,43,22.6,69,19.9,69.0
467275,2026-05-16,22,44,22.6,69,19.9,69.0
467276,2026-05-16,22,45,22.6,69,19.9,69.0
467277,2026-05-16,22,46,22.6,69,19.8,69.0
467278,2026-05-16,22,47,22.6,69,19.9,69.0
467279,2026-05-16,22,48,22.6,69,19.8,69.0
467280,2026-05-16,22,49,22.6,69,19.8,69.0
467281,2026-05-16,22,50,22.6,69,19.8,69.0
467282,2026-05-16,22,51,22.6,69,19.8,69.0
467283,2026-05-16,22,52,22.6,69,19.8,69.0
467284,2026-05-16,22,53,22.6,69,19.8,69.0
467285,2026-05-16,22,54,22.6,69,19.8,69.0
467286,2026-05-16,22,55,22.6,69,19.8,69.0
467287,2026-05-16,22,56,22.6,69,19.8,69.0
467288,2026-05-16,22,57,22.6,69,19.8,69.0
467289,2026-05-16,22,58,22.6,69,19.8,69.0
467290,2026-05-16,22,59,22.6,69,19.8,69.0
467291,2026-05-16,23,00,22.6,69,19.8,69.0
467292,2026-05-16,23,01,22.6,69,19.8,69.0
467293,2026-05-16,23,02,22.6,69,19.8,69.0
467294,2026-05-16,23,04,22.6,69,19.8,69.0
467295,2026-05-16,23,05,22.6,69,19.8,69.0
467296,2026-05-16,23,06,22.6,69,19.7,69.0
467297,2026-05-16,23,07,22.6,69,19.7,69.0
467298,2026-05-16,23,08,22.6,69,19.7,69.0
467299,2026-05-16,23,09,22.6,69,19.8,69.0
467300,2026-05-16,23,09,22.6,69,19.7,69.0
467301,2026-05-16,23,11,22.6,69,19.7,69.0
467302,2026-05-16,23,13,22.6,69,19.7,69.0
467303,2026-05-16,23,14,22.6,69,19.7,69.0
467304,2026-05-16,23,15,22.6,69,19.7,69.0
467305,2026-05-16,23,16,22.6,69,19.7,69.0
467306,2026-05-16,23,17,22.6,69,19.7,69.0
467307,2026-05-16,23,17,22.6,69,19.7,69.0
467308,2026-05-16,23,18,22.6,69,19.7,69.0
467309,2026-05-16,23,19,22.6,69,19.7,69.0
467310,2026-05-16,23,20,22.6,69,19.7,69.0
467311,2026-05-16,23,20,22.6,69,19.7,69.0
467312,2026-05-16,23,21,22.6,69,19.7,69.0
467313,2026-05-16,23,22,22.6,69,19.7,69.0
467314,2026-05-16,23,23,22.6,69,19.7,69.0
467315,2026-05-16,23,24,22.6,69,19.7,69.0
467316,2026-05-16,23,25,22.6,69,19.6,69.0
467317,2026-05-16,23,26,22.6,69,19.7,69.0
467318,2026-05-16,23,27,22.6,69,19.6,69.0
467319,2026-05-16,23,28,22.6,69,19.7,69.0
467320,2026-05-16,23,29,22.6,69,19.7,69.0
467321,2026-05-16,23,30,22.6,69,19.6,69.0
467322,2026-05-16,23,31,22.6,69,19.7,69.0
467323,2026-05-16,23,32,22.6,69,19.7,69.0
467324,2026-05-16,23,34,22.6,69,19.7,68.0
467325,2026-05-16,23,35,22.4,69,19.7,68.0
467326,2026-05-16,23,36,22.4,69,19.7,69.0
467327,2026-05-16,23,37,22.3,69,19.7,69.0
467328,2026-05-16,23,38,22.3,69,19.7,69.0
467329,2026-05-16,23,39,22.3,69,19.7,69.0
467330,2026-05-16,23,39,22.2,69,19.6,68.0
467331,2026-05-16,23,41,22.2,69,19.7,69.0
467332,2026-05-16,23,42,22.2,69,19.6,69.0
467333,2026-05-16,23,43,22.2,69,19.6,69.0
467334,2026-05-16,23,44,22.2,69,19.6,69.0
467335,2026-05-16,23,45,22.2,69,19.6,69.0
467336,2026-05-16,23,46,22.2,69,19.6,69.0
467337,2026-05-16,23,46,22.2,69,19.6,69.0
467338,2026-05-16,23,47,22.2,69,19.6,69.0
467339,2026-05-16,23,48,22.2,69,19.6,69.0
467340,2026-05-16,23,49,22.2,69,19.6,69.0
467341,2026-05-16,23,50,22.2,69,19.6,69.0
467342,2026-05-16,23,52,22.2,69,19.6,69.0
467343,2026-05-16,23,53,22.2,69,19.6,69.0
467344,2026-05-16,23,54,22.2,69,19.6,69.0
467345,2026-05-16,23,55,22.2,69,19.6,69.0
467346,2026-05-16,23,56,22.2,69,19.6,69.0
467347,2026-05-16,23,57,22.2,69,19.6,69.0
467348,2026-05-16,23,57,22.2,69,19.6,69.0
467349,2026-05-16,23,58,22.2,69,19.6,69.0
467350,2026-05-16,23,59,22.2,69,19.6,69.0
467351,2026-05-17,00,01,22.2,69,19.6,69.0
467352,2026-05-17,00,02,22.2,69,19.6,69.0
467353,2026-05-17,00,03,22.2,69,19.6,69.0
467354,2026-05-17,00,04,22.2,69,19.6,69.0
467355,2026-05-17,00,05,22.2,69,19.6,69.0
467356,2026-05-17,00,06,22.2,69,19.6,69.0
467357,2026-05-17,00,06,22.2,69,19.6,69.0
467358,2026-05-17,00,07,22.2,69,19.6,69.0
467359,2026-05-17,00,08,22.2,69,19.6,69.0
467360,2026-05-17,00,09,22.2,69,19.6,69.0
467361,2026-05-17,00,10,22.2,69,19.6,69.0
467362,2026-05-17,00,11,22.2,69,19.6,69.0
467363,2026-05-17,00,12,22.2,69,19.6,69.0
467364,2026-05-17,00,13,22.2,69,19.6,69.0
467365,2026-05-17,00,14,22.2,69,19.6,69.0
467366,2026-05-17,00,16,22.2,69,19.6,69.0
467367,2026-05-17,00,17,22.2,70,19.6,69.0
467368,2026-05-17,00,18,22.2,70,19.6,69.0
467369,2026-05-17,00,19,22.2,70,19.6,69.0
467370,2026-05-17,00,20,22.2,70,19.6,69.0
467371,2026-05-17,00,21,22.2,70,19.6,69.0
467372,2026-05-17,00,23,22.2,70,19.6,69.0
467373,2026-05-17,00,24,22.2,70,19.6,69.0
467374,2026-05-17,00,25,22.2,70,19.6,69.0
467375,2026-05-17,00,26,22.2,70,19.6,69.0
467376,2026-05-17,00,26,22.2,70,19.5,69.0
467377,2026-05-17,00,27,22.2,70,19.5,69.0
467378,2026-05-17,00,27,22.2,70,19.5,69.0
467379,2026-05-17,00,29,22.2,70,19.5,69.0
467380,2026-05-17,00,31,22.2,70,19.5,69.0
467381,2026-05-17,00,33,22.2,70,19.5,69.0
467382,2026-05-17,00,34,22.2,70,19.5,69.0
467383,2026-05-17,00,34,22.2,70,19.5,69.0
467384,2026-05-17,00,35,22.2,70,19.5,69.0
467385,2026-05-17,00,35,22.2,70,19.5,69.0
467386,2026-05-17,00,36,22.2,70,19.5,69.0
467387,2026-05-17,00,36,22.2,70,19.5,69.0
467388,2026-05-17,00,37,22.2,70,19.5,69.0
467389,2026-05-17,00,38,22.2,70,19.5,69.0
467390,2026-05-17,00,39,22.2,70,19.5,69.0
467391,2026-05-17,00,40,22.2,70,19.5,69.0
467392,2026-05-17,00,41,22.2,70,19.5,69.0
467393,2026-05-17,00,42,22.2,70,19.5,69.0
467394,2026-05-17,00,43,22.2,70,19.5,69.0
467395,2026-05-17,00,44,22.2,70,19.5,69.0
467396,2026-05-17,00,45,22.2,70,19.5,69.0
467397,2026-05-17,00,46,22.2,70,19.5,69.0
467398,2026-05-17,00,47,22.2,70,19.5,69.0
467399,2026-05-17,00,48,22.2,70,19.5,69.0
467400,2026-05-17,00,49,22.2,70,19.5,69.0
467401,2026-05-17,00,50,22.2,70,19.5,69.0
467402,2026-05-17,00,51,22.2,71,19.5,69.0
467403,2026-05-17,00,52,22.2,71,19.5,69.0
467404,2026-05-17,00,53,22.2,71,19.5,69.0
467405,2026-05-17,00,54,22.2,71,19.5,69.0
467406,2026-05-17,00,55,22.2,71,19.5,69.0
467407,2026-05-17,00,56,22.2,71,19.5,69.0
467408,2026-05-17,00,57,21.9,71,19.5,69.0
467409,2026-05-17,00,58,21.9,71,19.5,69.0
467410,2026-05-17,00,59,21.9,71,19.5,69.0
467411,2026-05-17,01,00,21.9,71,19.5,69.0
467412,2026-05-17,01,01,21.8,71,19.5,69.0
467413,2026-05-17,01,02,21.8,71,19.4,69.0
467414,2026-05-17,01,03,21.8,71,19.4,69.0
467415,2026-05-17,01,04,21.8,71,19.4,69.0
467416,2026-05-17,01,05,21.8,71,19.4,69.0
467417,2026-05-17,01,06,21.8,71,19.4,69.0
467418,2026-05-17,01,07,21.8,71,19.4,69.0
467419,2026-05-17,01,08,21.8,71,19.4,69.0
467420,2026-05-17,01,09,21.8,71,19.4,69.0
467421,2026-05-17,01,10,21.8,71,19.4,69.0
467422,2026-05-17,01,11,21.8,71,19.4,69.0
467423,2026-05-17,01,12,21.8,71,19.4,69.0
467424,2026-05-17,01,13,21.8,71,19.4,69.0
467425,2026-05-17,01,14,21.8,71,19.4,69.0
467426,2026-05-17,01,15,21.8,71,19.4,69.0
467427,2026-05-17,01,16,21.8,71,19.4,69.0
467428,2026-05-17,01,17,21.8,71,19.4,69.0
467429,2026-05-17,01,18,21.8,71,19.4,69.0
467430,2026-05-17,01,20,21.8,71,19.4,69.0
467431,2026-05-17,01,22,21.8,71,19.4,69.0
467432,2026-05-17,01,23,21.8,71,19.4,69.0
467433,2026-05-17,01,24,21.8,71,19.4,69.0
467434,2026-05-17,01,25,21.8,71,19.3,69.0
467435,2026-05-17,01,25,21.8,71,19.3,69.0
467436,2026-05-17,01,26,21.8,71,19.3,69.0
467437,2026-05-17,01,26,21.8,71,19.3,69.0
467438,2026-05-17,01,27,21.8,71,19.3,69.0
467439,2026-05-17,01,28,21.8,71,19.3,69.0
467440,2026-05-17,01,29,21.8,71,19.3,69.0
467441,2026-05-17,01,30,21.8,71,19.3,69.0
467442,2026-05-17,01,31,21.8,71,19.3,69.0
467443,2026-05-17,01,32,21.8,71,19.3,69.0
467444,2026-05-17,01,33,21.8,71,19.3,69.0
467445,2026-05-17,01,34,21.8,71,19.3,69.0
467446,2026-05-17,01,35,21.8,71,19.3,69.0
467447,2026-05-17,01,36,21.8,71,19.3,69.0
467448,2026-05-17,01,37,21.8,71,19.3,69.0
467449,2026-05-17,01,38,21.8,71,19.3,69.0
467450,2026-05-17,01,40,21.8,71,19.3,69.0
467451,2026-05-17,01,42,21.8,71,19.3,69.0
467452,2026-05-17,01,43,21.8,71,19.3,69.0
467453,2026-05-17,01,44,21.8,71,19.3,69.0
467454,2026-05-17,01,45,21.8,71,19.3,69.0
467455,2026-05-17,01,45,21.8,71,19.3,69.0
467456,2026-05-17,01,46,21.8,71,19.3,69.0
467457,2026-05-17,01,46,21.8,71,19.3,69.0
467458,2026-05-17,01,47,21.8,71,19.3,69.0
467459,2026-05-17,01,48,21.8,71,19.3,69.0
467460,2026-05-17,01,50,21.8,71,19.3,69.0
467461,2026-05-17,01,52,21.8,71,19.2,69.0
467462,2026-05-17,01,54,21.8,71,19.2,69.0
467463,2026-05-17,01,55,21.8,71,19.2,69.0
467464,2026-05-17,01,56,21.8,71,19.2,69.0
467465,2026-05-17,01,56,21.8,71,19.2,69.0
467466,2026-05-17,01,57,21.8,71,19.2,69.0
467467,2026-05-17,01,57,21.8,71,19.2,69.0
467468,2026-05-17,01,58,21.8,71,19.2,69.0
467469,2026-05-17,01,59,21.8,71,19.2,69.0
467470,2026-05-17,02,01,21.8,71,19.2,69.0
467471,2026-05-17,02,02,21.8,71,19.2,69.0
467472,2026-05-17,02,03,21.8,71,19.2,69.0
467473,2026-05-17,02,04,21.8,71,19.2,69.0
467474,2026-05-17,02,05,21.8,71,19.2,69.0
467475,2026-05-17,02,06,21.8,71,19.2,69.0
467476,2026-05-17,02,06,21.8,71,19.2,69.0
467477,2026-05-17,02,07,21.8,71,19.2,69.0
467478,2026-05-17,02,08,21.8,71,19.2,69.0
467479,2026-05-17,02,09,21.8,71,19.2,69.0
467480,2026-05-17,02,12,21.8,71,19.2,69.0
467481,2026-05-17,02,13,21.8,72,19.2,70.0
467482,2026-05-17,02,14,21.8,72,19.2,70.0
467483,2026-05-17,02,15,21.8,72,19.1,70.0
467484,2026-05-17,02,16,21.8,72,19.1,70.0
467485,2026-05-17,02,20,21.8,72,19.1,70.0
467486,2026-05-17,02,21,21.8,72,19.1,70.0
467487,2026-05-17,02,21,21.8,72,19.1,70.0
467488,2026-05-17,02,22,21.8,72,19.1,70.0
467489,2026-05-17,02,25,21.8,72,19.1,70.0
467490,2026-05-17,02,26,21.5,72,19.1,70.0
467491,2026-05-17,02,27,21.5,72,19.1,70.0
467492,2026-05-17,02,28,21.5,72,19.1,70.0
467493,2026-05-17,02,29,21.5,72,19.1,70.0
467494,2026-05-17,02,30,21.4,72,19.0,70.0
467495,2026-05-17,02,31,21.4,72,19.0,70.0
467496,2026-05-17,02,32,21.4,72,19.0,70.0
467497,2026-05-17,02,34,21.4,72,19.0,70.0
467498,2026-05-17,02,35,21.4,72,19.0,70.0
467499,2026-05-17,02,36,21.4,72,19.0,70.0
467500,2026-05-17,02,37,21.4,72,19.0,70.0
467501,2026-05-17,02,38,21.4,72,19.0,70.0
467502,2026-05-17,02,39,21.4,72,19.0,70.0
467503,2026-05-17,02,40,21.4,72,19.0,70.0
467504,2026-05-17,02,41,21.4,72,19.0,70.0
467505,2026-05-17,02,42,21.4,72,18.9,70.0
467506,2026-05-17,02,43,21.4,72,18.9,70.0
467507,2026-05-17,02,44,21.4,72,18.9,70.0
467508,2026-05-17,02,45,21.4,72,18.9,70.0
467509,2026-05-17,02,46,21.4,72,18.9,70.0
467510,2026-05-17,02,47,21.4,72,18.9,70.0
467511,2026-05-17,02,48,21.4,72,18.9,70.0
467512,2026-05-17,02,49,21.4,72,18.9,70.0
467513,2026-05-17,02,50,21.4,72,18.9,70.0
467514,2026-05-17,02,51,21.4,72,18.9,70.0
467515,2026-05-17,02,52,21.4,72,18.9,70.0
467516,2026-05-17,02,53,21.4,72,18.9,70.0
467517,2026-05-17,02,54,21.4,72,18.9,70.0
467518,2026-05-17,02,55,21.4,72,18.9,70.0
467519,2026-05-17,02,56,21.4,72,18.9,70.0
467520,2026-05-17,02,57,21.4,72,18.9,70.0
467521,2026-05-17,02,58,21.4,72,18.9,70.0
467522,2026-05-17,02,59,21.4,72,18.9,70.0
467523,2026-05-17,03,00,21.4,72,18.9,70.0
467524,2026-05-17,03,01,21.4,72,18.9,70.0
467525,2026-05-17,03,02,21.4,72,18.9,70.0
467526,2026-05-17,03,03,21.4,72,18.9,70.0
467527,2026-05-17,03,04,21.4,72,18.9,70.0
467528,2026-05-17,03,05,21.4,72,18.9,70.0
467529,2026-05-17,03,06,21.4,72,18.9,70.0
467530,2026-05-17,03,07,21.4,72,18.9,70.0
467531,2026-05-17,03,08,21.4,72,18.9,70.0
467532,2026-05-17,03,09,21.4,72,18.9,70.0
467533,2026-05-17,03,10,21.4,72,18.9,70.0
467534,2026-05-17,03,11,21.4,72,18.9,70.0
467535,2026-05-17,03,12,21.4,72,18.9,70.0
467536,2026-05-17,03,13,21.4,72,18.9,70.0
467537,2026-05-17,03,14,21.4,72,18.9,70.0
467538,2026-05-17,03,15,21.4,72,18.9,70.0
467539,2026-05-17,03,16,21.4,72,18.9,70.0
467540,2026-05-17,03,17,21.4,72,19.0,70.0
467541,2026-05-17,03,18,21.4,72,19.0,70.0
467542,2026-05-17,03,19,21.4,72,19.0,70.0
467543,2026-05-17,03,20,21.4,72,19.0,70.0
467544,2026-05-17,03,19,21.4,72,19.0,70.0
467545,2026-05-17,03,20,21.4,72,19.0,70.0
467546,2026-05-17,03,21,21.4,72,19.0,70.0
467547,2026-05-17,03,22,21.4,72,19.0,69.0
467548,2026-05-17,03,23,21.4,72,19.0,69.0
467549,2026-05-17,03,24,21.4,72,19.1,69.0
467550,2026-05-17,03,28,21.4,72,19.1,69.0
467551,2026-05-17,03,28,21.4,72,19.1,69.0
467552,2026-05-17,03,29,21.4,72,19.1,69.0
467553,2026-05-17,03,30,21.4,72,19.1,69.0
467554,2026-05-17,03,31,21.4,72,19.1,69.0
467555,2026-05-17,03,32,21.4,72,19.1,69.0
467556,2026-05-17,03,33,21.4,72,19.2,69.0
467557,2026-05-17,03,34,21.4,72,19.1,69.0
467558,2026-05-17,03,35,21.4,72,19.1,69.0
467559,2026-05-17,03,36,21.4,72,19.2,69.0
467560,2026-05-17,03,37,21.4,72,19.2,69.0
467561,2026-05-17,03,38,21.4,72,19.2,69.0
467562,2026-05-17,03,39,21.4,71,19.2,69.0
467563,2026-05-17,03,40,21.4,71,19.2,69.0
467564,2026-05-17,03,41,21.4,71,19.2,69.0
467565,2026-05-17,03,42,21.4,71,19.2,69.0
467566,2026-05-17,03,43,21.4,71,19.2,69.0
467567,2026-05-17,03,44,21.4,72,19.2,69.0
467568,2026-05-17,03,45,21.4,72,19.2,69.0
467569,2026-05-17,03,46,21.4,71,19.2,69.0
467570,2026-05-17,03,47,21.4,71,19.2,69.0
467571,2026-05-17,03,48,21.4,71,19.2,69.0
467572,2026-05-17,03,49,21.4,71,19.2,69.0
467573,2026-05-17,03,50,21.4,72,19.2,69.0
467574,2026-05-17,03,51,21.4,72,19.2,69.0
467575,2026-05-17,03,52,21.4,72,19.2,69.0
467576,2026-05-17,03,53,21.4,72,19.2,69.0
467577,2026-05-17,03,54,21.4,72,19.2,69.0
467578,2026-05-17,03,55,21.4,72,19.1,69.0
467579,2026-05-17,03,56,21.4,72,19.2,69.0
467580,2026-05-17,03,57,21.4,72,19.2,69.0
467581,2026-05-17,03,58,21.4,71,19.2,69.0
467582,2026-05-17,03,59,21.4,71,19.1,69.0
467583,2026-05-17,04,00,21.4,71,19.2,69.0
467584,2026-05-17,04,01,21.4,71,19.2,69.0
467585,2026-05-17,04,02,21.4,72,19.1,69.0
467586,2026-05-17,04,03,21.4,72,19.1,69.0
467587,2026-05-17,04,04,21.4,71,19.1,69.0
467588,2026-05-17,04,06,21.4,71,19.1,69.0
467589,2026-05-17,04,06,21.4,72,19.1,69.0
467590,2026-05-17,04,07,21.4,72,19.1,69.0
467591,2026-05-17,04,09,21.4,72,19.1,69.0
467592,2026-05-17,04,09,21.4,72,19.1,69.0
467593,2026-05-17,04,10,21.4,71,19.1,69.0
467594,2026-05-17,04,11,21.4,71,19.1,69.0
467595,2026-05-17,04,12,21.4,71,19.1,69.0
467596,2026-05-17,04,13,21.4,71,19.1,69.0
467597,2026-05-17,04,14,21.4,71,19.1,69.0
467598,2026-05-17,04,15,21.4,71,19.1,69.0
467599,2026-05-17,04,16,21.4,71,19.1,69.0
467600,2026-05-17,04,17,21.4,72,19.1,69.0
467601,2026-05-17,04,18,21.4,72,19.1,69.0
467602,2026-05-17,04,19,21.4,72,19.1,69.0
467603,2026-05-17,04,21,21.4,72,19.1,69.0
467604,2026-05-17,04,21,21.4,72,19.1,69.0
467605,2026-05-17,04,23,21.4,72,19.1,69.0
467606,2026-05-17,04,23,21.4,72,19.1,69.0
467607,2026-05-17,04,24,21.4,72,19.1,69.0
467608,2026-05-17,04,25,21.4,72,19.1,69.0
467609,2026-05-17,04,26,21.4,72,19.0,69.0
467610,2026-05-17,04,27,21.4,72,19.0,69.0
467611,2026-05-17,04,28,21.1,72,19.0,69.0
467612,2026-05-17,04,29,21.1,72,19.0,69.0
467613,2026-05-17,04,30,21.1,72,19.0,69.0
467614,2026-05-17,04,31,21.0,72,19.0,69.0
467615,2026-05-17,04,33,21.0,72,19.0,69.0
467616,2026-05-17,04,33,21.0,72,19.0,69.0
467617,2026-05-17,04,35,21.0,72,19.0,69.0
467618,2026-05-17,04,35,21.0,72,19.0,69.0
467619,2026-05-17,04,37,21.0,72,19.0,69.0
467620,2026-05-17,04,38,21.0,72,19.0,69.0
467621,2026-05-17,04,39,21.0,72,19.0,69.0
467622,2026-05-17,04,39,21.0,72,19.0,69.0
467623,2026-05-17,04,41,21.0,72,19.0,69.0
467624,2026-05-17,04,42,21.0,72,19.0,69.0
467625,2026-05-17,04,42,21.0,72,19.0,69.0
467626,2026-05-17,04,44,21.0,72,19.0,69.0
467627,2026-05-17,04,45,21.0,72,19.0,69.0
467628,2026-05-17,04,46,21.0,72,19.0,69.0
467629,2026-05-17,04,47,21.0,72,18.9,69.0
467630,2026-05-17,04,48,21.0,72,18.9,69.0
467631,2026-05-17,04,48,21.0,72,18.9,69.0
467632,2026-05-17,04,50,21.0,72,18.9,69.0
467633,2026-05-17,04,50,21.0,72,18.9,69.0
467634,2026-05-17,04,52,21.0,72,18.9,69.0
467635,2026-05-17,04,52,21.0,71,18.9,69.0
467636,2026-05-17,04,54,21.0,71,18.9,69.0
467637,2026-05-17,04,55,21.0,71,18.9,69.0
467638,2026-05-17,04,55,21.0,71,18.9,69.0
467639,2026-05-17,04,57,21.0,71,18.8,69.0
467640,2026-05-17,04,58,21.0,71,18.8,69.0
467641,2026-05-17,04,59,21.0,71,18.8,69.0
467642,2026-05-17,05,00,21.0,71,18.8,69.0
467643,2026-05-17,05,01,21.0,71,18.8,69.0
467644,2026-05-17,05,02,21.0,71,18.8,69.0
467645,2026-05-17,05,03,21.0,71,18.8,69.0
467646,2026-05-17,05,04,21.0,71,18.8,69.0
467647,2026-05-17,05,05,21.0,71,18.8,69.0
467648,2026-05-17,05,06,21.0,71,18.8,69.0
467649,2026-05-17,05,07,21.0,71,18.8,69.0
467650,2026-05-17,05,08,21.0,71,18.7,69.0
467651,2026-05-17,05,09,21.0,71,18.8,69.0
467652,2026-05-17,05,10,21.0,71,18.7,70.0
467653,2026-05-17,05,11,21.0,71,18.7,70.0
467654,2026-05-17,05,12,21.0,71,18.7,70.0
467655,2026-05-17,05,13,21.0,71,18.7,70.0
467656,2026-05-17,05,14,21.0,71,18.7,70.0
467657,2026-05-17,05,15,21.0,71,18.7,70.0
467658,2026-05-17,05,16,21.0,71,18.7,70.0
467659,2026-05-17,05,17,21.0,71,18.7,70.0
467660,2026-05-17,05,18,21.0,71,18.7,70.0
467661,2026-05-17,05,19,21.0,71,18.7,70.0
467662,2026-05-17,05,20,21.0,71,18.6,70.0
467663,2026-05-17,05,21,21.0,71,18.6,70.0
467664,2026-05-17,05,22,21.0,71,18.6,70.0
467665,2026-05-17,05,23,21.0,71,18.6,70.0
467666,2026-05-17,05,24,21.0,71,18.6,70.0
467667,2026-05-17,05,25,21.0,71,18.6,70.0
467668,2026-05-17,05,26,21.0,71,18.6,70.0
467669,2026-05-17,05,27,21.0,71,18.6,70.0
467670,2026-05-17,05,28,21.0,71,18.6,70.0
467671,2026-05-17,05,29,21.0,71,18.6,70.0
467672,2026-05-17,05,30,21.0,71,18.6,70.0
467673,2026-05-17,05,31,21.0,71,18.5,70.0
467674,2026-05-17,05,32,21.0,71,18.5,70.0
467675,2026-05-17,05,33,21.0,71,18.5,70.0
467676,2026-05-17,05,34,21.0,71,18.5,70.0
467677,2026-05-17,05,35,21.0,71,18.5,70.0
467678,2026-05-17,05,36,21.0,71,18.5,70.0
467679,2026-05-17,05,37,21.0,71,18.5,70.0
467680,2026-05-17,05,38,21.0,71,18.5,70.0
467681,2026-05-17,05,39,21.0,71,18.5,70.0
467682,2026-05-17,05,40,21.0,71,18.5,70.0
467683,2026-05-17,05,41,21.0,71,18.5,70.0
467684,2026-05-17,05,42,21.0,71,18.5,70.0
467685,2026-05-17,05,43,21.0,71,18.5,70.0
467686,2026-05-17,05,44,21.0,71,18.5,70.0
467687,2026-05-17,05,45,21.0,71,18.5,70.0
467688,2026-05-17,05,46,21.0,71,18.5,70.0
467689,2026-05-17,05,47,21.0,71,18.5,70.0
467690,2026-05-17,05,48,21.0,71,18.5,70.0
467691,2026-05-17,05,49,21.0,71,18.5,70.0
467692,2026-05-17,05,50,21.0,71,18.5,70.0
467693,2026-05-17,05,51,21.0,71,18.5,70.0
467694,2026-05-17,05,52,21.0,71,18.5,70.0
467695,2026-05-17,05,53,21.0,71,18.5,70.0
467696,2026-05-17,05,54,21.0,71,18.5,70.0
467697,2026-05-17,05,55,21.0,71,18.5,70.0
467698,2026-05-17,05,56,21.0,71,18.5,70.0
467699,2026-05-17,05,57,21.0,71,18.5,70.0
467700,2026-05-17,05,58,21.0,71,18.5,70.0
467701,2026-05-17,05,59,21.0,71,18.5,70.0
467702,2026-05-17,06,00,21.0,71,18.5,70.0
467703,2026-05-17,06,01,21.0,71,18.5,70.0
467704,2026-05-17,06,02,21.0,71,18.5,70.0
467705,2026-05-17,06,03,21.0,71,18.5,70.0
467706,2026-05-17,06,04,21.0,71,18.5,70.0
467707,2026-05-17,06,05,21.0,71,18.5,70.0
467708,2026-05-17,06,06,21.0,71,18.5,70.0
467709,2026-05-17,06,07,21.0,71,18.5,70.0
467710,2026-05-17,06,08,21.0,71,18.5,70.0
467711,2026-05-17,06,09,21.0,71,18.5,70.0
467712,2026-05-17,06,10,20.9,72,18.5,70.0
467713,2026-05-17,06,11,20.7,72,18.5,70.0
467714,2026-05-17,06,12,20.7,72,18.5,70.0
467715,2026-05-17,06,13,20.6,72,18.5,69.0
467716,2026-05-17,06,14,20.6,72,18.5,69.0
467717,2026-05-17,06,15,20.7,72,18.6,69.0
467718,2026-05-17,06,16,20.6,72,18.6,69.0
467719,2026-05-17,06,17,20.6,72,18.6,69.0
467720,2026-05-17,06,18,20.6,72,18.6,69.0
467721,2026-05-17,06,19,20.6,72,18.6,69.0
467722,2026-05-17,06,20,20.6,72,18.6,69.0
467723,2026-05-17,06,21,20.7,72,18.6,69.0
467724,2026-05-17,06,22,20.6,72,18.6,69.0
467725,2026-05-17,06,23,20.6,72,18.6,69.0
467726,2026-05-17,06,24,20.6,72,18.7,69.0
467727,2026-05-17,06,25,20.6,72,18.7,69.0
467728,2026-05-17,06,26,20.6,72,18.7,69.0
467729,2026-05-17,06,27,20.6,72,18.7,69.0
467730,2026-05-17,06,28,20.6,72,18.7,69.0
467731,2026-05-17,06,29,20.6,72,18.7,69.0
467732,2026-05-17,06,30,20.6,72,18.7,69.0
467733,2026-05-17,06,31,20.6,72,18.8,69.0
467734,2026-05-17,06,32,20.6,72,18.8,69.0
467735,2026-05-17,06,33,20.6,72,18.8,69.0
467736,2026-05-17,06,34,20.6,72,18.8,69.0
467737,2026-05-17,06,35,20.6,72,18.9,69.0
467738,2026-05-17,06,36,20.6,72,18.9,68.0
467739,2026-05-17,06,37,20.6,72,18.9,68.0
467740,2026-05-17,06,38,20.6,72,19.0,68.0
467741,2026-05-17,06,39,20.6,72,19.0,68.0
467742,2026-05-17,06,40,20.6,72,19.0,68.0
467743,2026-05-17,06,41,20.6,72,19.0,68.0
467744,2026-05-17,06,42,20.6,72,19.1,68.0
467745,2026-05-17,06,43,20.6,72,19.1,68.0
467746,2026-05-17,06,44,20.7,72,19.2,68.0
467747,2026-05-17,06,45,20.7,72,19.2,68.0
467748,2026-05-17,06,46,20.9,72,19.3,67.0
467749,2026-05-17,06,47,20.9,72,19.4,67.0
467750,2026-05-17,06,48,20.7,72,19.4,67.0
467751,2026-05-17,06,49,20.7,72,19.5,67.0
467752,2026-05-17,06,50,20.7,72,19.6,67.0
467753,2026-05-17,06,51,21.0,71,19.6,66.0
467754,2026-05-17,06,52,21.0,71,19.6,66.0
467755,2026-05-17,06,53,21.0,71,19.6,66.0
467756,2026-05-17,06,54,21.0,71,19.7,66.0
467757,2026-05-17,06,55,21.0,71,19.7,66.0
467758,2026-05-17,06,56,21.0,71,19.7,66.0
467759,2026-05-17,06,57,21.0,71,19.7,66.0
467760,2026-05-17,06,58,21.0,71,19.7,66.0
467761,2026-05-17,06,59,21.0,71,19.6,66.0
467762,2026-05-17,07,00,21.0,71,19.6,66.0
467763,2026-05-17,07,01,21.0,71,19.6,66.0
467764,2026-05-17,07,02,21.0,71,19.6,66.0
467765,2026-05-17,07,03,21.0,71,19.6,66.0
467766,2026-05-17,07,04,21.0,71,19.6,66.0
467767,2026-05-17,07,05,21.0,71,19.6,66.0
467768,2026-05-17,07,06,21.0,71,19.6,66.0
467769,2026-05-17,07,07,21.0,71,19.6,66.0
467770,2026-05-17,07,08,20.9,72,19.6,66.0
467771,2026-05-17,07,09,20.7,72,19.6,66.0
467772,2026-05-17,07,10,20.6,72,19.6,66.0
467773,2026-05-17,07,11,20.8,72,19.6,66.0
467774,2026-05-17,07,12,20.9,72,19.6,66.0
467775,2026-05-17,07,13,21.0,71,19.6,66.0
467776,2026-05-17,07,14,21.0,71,19.6,66.0
467777,2026-05-17,07,15,20.8,72,19.6,66.0
467778,2026-05-17,07,16,20.8,72,19.6,66.0
467779,2026-05-17,07,17,21.0,71,19.6,66.0
467780,2026-05-17,07,18,20.8,72,19.6,66.0
467781,2026-05-17,07,19,20.7,73,19.6,66.0
467782,2026-05-17,07,20,21.0,72,19.6,66.0
467783,2026-05-17,07,21,21.0,72,19.7,66.0
467784,2026-05-17,07,22,21.0,72,19.7,66.0
467785,2026-05-17,07,23,21.0,72,19.7,66.0
467786,2026-05-17,07,24,21.0,72,19.7,66.0
467787,2026-05-17,07,25,21.0,72,19.7,66.0
467788,2026-05-17,07,26,21.0,72,19.8,66.0
467789,2026-05-17,07,27,21.0,72,19.7,66.0
467790,2026-05-17,07,28,21.0,72,19.8,66.0
467791,2026-05-17,07,29,21.0,72,19.8,66.0
467792,2026-05-17,07,30,21.0,72,19.8,66.0
467793,2026-05-17,07,31,21.0,72,19.8,66.0
467794,2026-05-17,07,32,21.0,72,19.8,66.0
467795,2026-05-17,07,33,21.0,72,19.8,66.0
467796,2026-05-17,07,34,21.0,72,19.8,66.0
467797,2026-05-17,07,35,21.0,72,19.8,66.0
467798,2026-05-17,07,36,21.0,72,19.8,66.0
467799,2026-05-17,07,37,21.0,72,19.9,66.0
467800,2026-05-17,07,38,21.0,72,19.9,66.0
467801,2026-05-17,07,39,21.0,72,19.9,66.0
467802,2026-05-17,07,41,21.0,72,20.0,65.0
467803,2026-05-17,07,42,21.0,72,20.0,65.0
467804,2026-05-17,07,43,21.0,72,20.0,65.0
467805,2026-05-17,07,44,21.0,72,20.0,65.0
467806,2026-05-17,07,45,21.0,72,20.1,65.0
467807,2026-05-17,07,46,21.0,72,20.1,65.0
467808,2026-05-17,07,47,21.0,72,20.1,65.0
467809,2026-05-17,07,48,21.0,72,20.1,65.0
467810,2026-05-17,07,49,21.0,72,20.2,65.0
467811,2026-05-17,07,50,21.0,72,20.2,65.0
467812,2026-05-17,07,51,21.0,72,20.2,65.0
467813,2026-05-17,07,52,21.0,72,20.2,65.0
467814,2026-05-17,07,53,21.0,72,20.3,65.0
467815,2026-05-17,07,54,21.0,72,20.3,65.0
467816,2026-05-17,07,55,21.0,72,20.3,65.0
467817,2026-05-17,07,56,21.0,72,20.4,64.0
467818,2026-05-17,07,58,21.0,72,20.4,64.0
467819,2026-05-17,07,59,21.0,72,20.4,64.0
467820,2026-05-17,08,00,21.0,72,20.5,64.0
467821,2026-05-17,08,01,21.0,72,20.5,64.0
467822,2026-05-17,08,02,21.0,72,20.6,64.0
467823,2026-05-17,08,03,21.0,72,20.6,64.0
467824,2026-05-17,08,14,21.0,72,20.9,63.0
467825,2026-05-17,08,15,21.0,72,21.0,63.0
467826,2026-05-17,08,16,21.0,72,21.0,63.0
467827,2026-05-17,08,17,21.0,72,21.0,63.0
467828,2026-05-17,08,18,21.0,72,21.1,63.0
467829,2026-05-17,08,19,21.0,72,21.1,63.0
467830,2026-05-17,08,20,21.1,72,21.1,64.0
467831,2026-05-17,08,21,21.3,72,21.2,64.0
467832,2026-05-17,08,22,21.4,72,21.2,64.0
467833,2026-05-17,08,23,21.4,73,21.2,64.0
467834,2026-05-17,08,24,21.4,73,21.3,64.0
467835,2026-05-17,08,25,21.4,73,21.3,64.0
467836,2026-05-17,08,26,21.4,73,21.3,64.0
467837,2026-05-17,08,27,21.4,73,21.4,64.0
467838,2026-05-17,08,28,21.4,73,21.4,64.0
467839,2026-05-17,08,29,21.4,73,21.4,64.0
467840,2026-05-17,08,30,21.4,73,21.4,64.0
467841,2026-05-17,08,31,21.4,73,21.5,64.0
467842,2026-05-17,08,32,21.4,73,21.5,64.0
467843,2026-05-17,08,33,21.4,73,21.5,64.0
467844,2026-05-17,08,34,21.4,73,21.6,64.0
467845,2026-05-17,08,35,21.4,73,21.6,64.0
467846,2026-05-17,08,36,21.4,74,21.6,64.0
467847,2026-05-17,08,37,21.4,74,21.7,64.0
467848,2026-05-17,08,38,21.4,74,21.7,64.0
467849,2026-05-17,08,39,21.4,74,21.7,64.0
467850,2026-05-17,08,40,21.4,74,21.7,64.0
467851,2026-05-17,08,41,21.4,75,21.7,64.0
467852,2026-05-17,08,42,21.4,75,21.7,64.0
467853,2026-05-17,08,43,21.4,75,21.7,64.0
467854,2026-05-17,08,44,21.4,75,21.7,64.0
467855,2026-05-17,08,45,21.4,75,21.7,64.0
467856,2026-05-17,08,46,21.4,75,21.8,64.0
467857,2026-05-17,08,47,21.4,75,21.9,64.0
467858,2026-05-17,08,48,21.4,75,21.9,64.0
467859,2026-05-17,08,49,21.4,75,22.0,64.0
467860,2026-05-17,08,50,21.4,75,22.0,63.0
467861,2026-05-17,08,51,21.4,75,22.1,63.0
467862,2026-05-17,08,52,21.4,75,22.1,63.0
467863,2026-05-17,08,53,21.4,74,22.1,63.0
467864,2026-05-17,08,54,21.4,74,22.2,63.0
467865,2026-05-17,08,55,21.4,74,22.2,63.0
467866,2026-05-17,08,56,21.4,74,22.3,63.0
467867,2026-05-17,08,57,21.4,74,22.4,62.0
467868,2026-05-17,08,58,21.4,74,22.4,62.0
467869,2026-05-17,08,59,21.4,74,22.5,62.0
467870,2026-05-17,09,00,21.4,74,22.6,62.0
467871,2026-05-17,09,01,21.4,74,22.6,62.0
467872,2026-05-17,09,02,21.4,74,22.6,62.0
467873,2026-05-17,09,03,21.4,74,22.6,61.0
467874,2026-05-17,09,04,21.4,74,22.6,61.0
467875,2026-05-17,09,05,21.4,74,22.7,61.0
467876,2026-05-17,09,06,21.4,74,22.7,61.0
467877,2026-05-17,09,07,21.4,74,22.8,61.0
467878,2026-05-17,09,08,21.4,74,22.8,61.0
467879,2026-05-17,09,09,21.4,74,22.8,61.0
467880,2026-05-17,09,10,21.4,74,22.9,61.0
467881,2026-05-17,09,11,21.4,74,22.9,60.0
467882,2026-05-17,09,12,21.4,73,22.9,60.0
467883,2026-05-17,09,13,21.4,73,22.9,60.0
467884,2026-05-17,09,14,21.4,73,22.9,60.0
467885,2026-05-17,09,15,21.4,73,23.0,60.0
467886,2026-05-17,09,16,21.4,73,23.0,60.0
467887,2026-05-17,09,17,21.4,73,23.0,60.0
467888,2026-05-17,09,18,21.4,73,23.0,60.0
467889,2026-05-17,09,19,21.4,73,23.0,60.0
467890,2026-05-17,09,20,21.4,73,23.1,60.0
467891,2026-05-17,09,21,21.4,73,23.1,60.0
467892,2026-05-17,09,22,21.4,73,23.1,60.0
467893,2026-05-17,09,23,21.4,73,23.1,60.0
467894,2026-05-17,09,24,21.4,73,23.1,59.0
467895,2026-05-17,09,25,21.4,73,23.1,60.0
467896,2026-05-17,09,26,21.4,73,23.1,60.0
467897,2026-05-17,09,27,21.4,73,23.0,60.0
467898,2026-05-17,09,28,21.4,73,23.0,60.0
467899,2026-05-17,09,29,21.4,73,23.0,60.0
467900,2026-05-17,09,30,21.4,73,23.0,60.0
467901,2026-05-17,09,31,21.4,73,23.0,60.0
467902,2026-05-17,09,32,21.4,73,23.1,59.0
467903,2026-05-17,09,33,21.4,73,23.1,59.0
467904,2026-05-17,09,34,21.4,73,23.1,59.0
467905,2026-05-17,09,35,21.4,73,23.2,59.0
467906,2026-05-17,09,36,21.4,73,23.2,59.0
467907,2026-05-17,09,37,21.4,73,23.3,59.0
467908,2026-05-17,09,38,21.4,73,23.3,59.0
467909,2026-05-17,09,39,21.4,73,23.3,59.0
467910,2026-05-17,09,40,21.4,73,23.4,59.0
467911,2026-05-17,09,41,21.4,73,23.4,59.0
467912,2026-05-17,09,42,21.5,73,23.4,59.0
467913,2026-05-17,09,43,21.5,73,23.5,58.0
467914,2026-05-17,09,44,21.5,73,23.6,58.0
467915,2026-05-17,09,45,21.5,73,23.7,58.0
467916,2026-05-17,09,46,21.5,73,23.8,58.0
467917,2026-05-17,09,47,21.5,73,23.9,57.0
467918,2026-05-17,09,48,21.7,73,23.9,57.0
467919,2026-05-17,09,49,21.8,73,24.0,57.0
467920,2026-05-17,09,50,21.8,73,24.1,57.0
467921,2026-05-17,09,51,21.8,73,24.1,57.0
467922,2026-05-17,09,52,21.8,73,24.2,57.0
467923,2026-05-17,09,53,21.8,73,24.3,56.0
467924,2026-05-17,09,54,21.8,73,24.3,56.0
467925,2026-05-17,09,55,21.8,73,24.3,56.0
467926,2026-05-17,09,56,21.8,73,24.3,56.0
467927,2026-05-17,09,57,21.8,73,24.3,56.0
467928,2026-05-17,09,58,21.8,73,24.4,56.0
467929,2026-05-17,09,59,21.8,73,24.5,56.0
467930,2026-05-17,10,00,21.8,73,24.5,56.0
467931,2026-05-17,10,01,21.8,73,24.6,55.0
467932,2026-05-17,10,02,21.8,73,24.6,55.0
467933,2026-05-17,10,03,21.8,73,24.7,55.0
467934,2026-05-17,10,04,21.8,73,24.8,55.0
467935,2026-05-17,10,05,21.8,73,24.8,55.0
467936,2026-05-17,10,06,21.8,73,24.8,55.0
467937,2026-05-17,10,07,21.8,73,24.8,55.0
467938,2026-05-17,10,08,21.8,73,24.9,55.0
467939,2026-05-17,10,09,21.8,73,24.9,55.0
467940,2026-05-17,10,10,21.8,73,25.0,55.0
467941,2026-05-17,10,11,21.8,73,25.0,55.0
467942,2026-05-17,10,12,21.8,73,25.0,54.0
467943,2026-05-17,10,13,21.8,73,25.1,54.0
467944,2026-05-17,10,14,21.8,73,25.1,54.0
467945,2026-05-17,10,15,21.8,73,25.2,54.0
467946,2026-05-17,10,16,21.8,73,25.2,54.0
467947,2026-05-17,10,17,21.8,73,25.2,54.0
467948,2026-05-17,10,18,21.8,73,25.3,54.0
467949,2026-05-17,10,19,21.8,73,25.3,54.0
467950,2026-05-17,10,20,21.8,73,25.3,54.0
467951,2026-05-17,10,21,21.8,73,25.3,54.0
467952,2026-05-17,10,22,21.8,72,25.3,54.0
467953,2026-05-17,10,23,21.8,72,25.4,54.0
467954,2026-05-17,10,24,21.8,72,25.4,53.0
467955,2026-05-17,10,25,21.8,72,25.5,53.0
467956,2026-05-17,10,26,21.8,72,25.6,53.0
467957,2026-05-17,10,27,21.8,72,25.6,53.0
467958,2026-05-17,10,28,21.8,72,25.6,53.0
467959,2026-05-17,10,29,21.8,72,25.6,53.0
467960,2026-05-17,10,30,21.9,72,25.6,53.0
467961,2026-05-17,10,31,21.9,72,25.6,53.0
467962,2026-05-17,10,32,22.2,72,25.6,53.0
467963,2026-05-17,10,33,22.2,72,25.7,53.0
467964,2026-05-17,10,34,22.2,72,25.7,53.0
467965,2026-05-17,10,35,22.2,72,25.7,53.0
467966,2026-05-17,10,36,22.2,72,25.8,53.0
467967,2026-05-17,10,37,22.2,72,25.8,52.0
467968,2026-05-17,10,38,22.2,72,25.9,52.0
467969,2026-05-17,10,39,22.2,72,25.9,52.0
467970,2026-05-17,10,40,22.2,72,26.0,52.0
467971,2026-05-17,10,41,22.2,72,26.0,52.0
467972,2026-05-17,10,42,22.2,72,26.1,52.0
467973,2026-05-17,10,43,22.2,72,26.1,52.0
467974,2026-05-17,10,44,22.2,72,26.1,52.0
467975,2026-05-17,10,45,22.2,72,26.2,52.0
467976,2026-05-17,10,46,22.2,72,26.2,52.0
467977,2026-05-17,10,47,22.2,72,26.2,52.0
467978,2026-05-17,10,48,22.2,72,26.3,52.0
467979,2026-05-17,10,49,22.2,72,26.3,52.0
467980,2026-05-17,10,50,22.2,72,26.4,52.0
467981,2026-05-17,10,51,22.2,72,26.4,51.0
467982,2026-05-17,10,52,22.2,72,26.4,52.0
467983,2026-05-17,10,53,22.2,72,26.5,52.0
467984,2026-05-17,10,54,22.2,72,26.5,52.0
467985,2026-05-17,10,55,22.2,73,26.4,52.0
467986,2026-05-17,10,56,22.2,73,26.4,52.0
467987,2026-05-17,10,57,22.2,73,26.4,52.0
467988,2026-05-17,10,58,22.2,73,26.3,52.0
467989,2026-05-17,10,59,22.2,73,26.3,52.0
467990,2026-05-17,11,00,22.3,73,26.3,52.0
467991,2026-05-17,11,01,22.3,73,26.3,52.0
467992,2026-05-17,11,02,22.4,73,26.3,52.0
467993,2026-05-17,11,03,22.6,73,26.2,52.0
467994,2026-05-17,11,04,22.6,73,26.2,53.0
467995,2026-05-17,11,05,22.6,73,26.2,53.0
467996,2026-05-17,11,06,22.6,73,26.1,53.0
467997,2026-05-17,11,07,22.6,73,26.1,53.0
467998,2026-05-17,11,08,22.6,73,26.0,53.0
467999,2026-05-17,11,09,22.6,73,26.0,53.0
468000,2026-05-17,11,10,22.6,73,26.0,53.0
468001,2026-05-17,11,11,22.6,73,25.9,53.0
468002,2026-05-17,11,12,22.6,72,25.9,53.0
468003,2026-05-17,11,13,22.6,72,25.9,53.0
468004,2026-05-17,11,14,22.6,72,25.8,53.0
468005,2026-05-17,11,15,22.6,72,25.9,53.0
468006,2026-05-17,11,16,22.6,72,25.9,53.0
468007,2026-05-17,11,17,22.6,72,25.9,53.0
468008,2026-05-17,11,18,22.6,72,25.9,53.0
468009,2026-05-17,11,19,22.6,72,25.9,53.0
468010,2026-05-17,11,20,22.6,72,25.9,53.0
468011,2026-05-17,11,21,22.6,72,26.0,53.0
468012,2026-05-17,11,22,22.6,72,26.0,53.0
468013,2026-05-17,11,23,22.6,72,26.0,53.0
468014,2026-05-17,11,24,22.6,72,26.1,53.0
468015,2026-05-17,11,25,22.6,72,26.1,53.0
468016,2026-05-17,11,26,22.6,72,26.1,53.0
468017,2026-05-17,11,27,22.6,72,26.2,53.0
468018,2026-05-17,11,28,22.6,72,26.2,53.0
468019,2026-05-17,11,29,22.6,72,26.2,53.0
468020,2026-05-17,11,30,22.6,72,26.2,53.0
468021,2026-05-17,11,31,22.6,72,26.3,53.0
468022,2026-05-17,11,32,22.6,72,26.3,53.0
468023,2026-05-17,11,33,22.6,72,26.3,53.0
468024,2026-05-17,11,34,22.6,72,26.3,52.0
468025,2026-05-17,11,35,22.6,72,26.3,52.0
468026,2026-05-17,11,36,22.6,72,26.4,52.0
468027,2026-05-17,11,37,22.6,72,26.4,52.0
468028,2026-05-17,11,38,22.6,72,26.4,52.0
468029,2026-05-17,11,39,22.6,72,26.4,52.0
468030,2026-05-17,11,40,22.6,72,26.5,52.0
468031,2026-05-17,11,41,22.6,72,26.5,52.0
468032,2026-05-17,11,42,22.6,72,26.5,52.0
468033,2026-05-17,11,43,22.6,72,26.5,52.0
468034,2026-05-17,11,44,22.6,72,26.6,52.0
468035,2026-05-17,11,45,22.6,72,26.6,52.0
468036,2026-05-17,11,46,22.6,72,26.6,52.0
468037,2026-05-17,11,47,22.6,72,26.6,52.0
468038,2026-05-17,11,48,22.6,72,26.6,52.0
468039,2026-05-17,11,49,22.6,72,26.6,52.0
468040,2026-05-17,11,50,22.6,72,26.5,52.0
468041,2026-05-17,11,51,22.6,72,26.6,52.0
468042,2026-05-17,11,52,22.6,72,26.6,52.0
468043,2026-05-17,11,53,22.6,72,26.6,52.0
468044,2026-05-17,11,54,22.7,72,26.6,52.0
468045,2026-05-17,11,55,22.7,72,26.6,52.0
468046,2026-05-17,11,56,22.7,72,26.7,52.0
468047,2026-05-17,11,57,22.8,72,26.7,52.0
468048,2026-05-17,11,58,23.0,72,26.8,51.0
468049,2026-05-17,11,59,23.0,72,26.8,51.0
468050,2026-05-17,12,00,23.0,72,26.8,51.0
468051,2026-05-17,12,01,23.0,72,26.8,51.0
468052,2026-05-17,12,02,23.0,72,26.8,51.0
468053,2026-05-17,12,03,23.0,72,26.7,51.0
468054,2026-05-17,12,04,23.0,72,26.7,52.0
468055,2026-05-17,12,05,23.0,72,26.7,52.0
468056,2026-05-17,12,06,23.0,72,26.7,52.0
468057,2026-05-17,12,07,23.0,72,26.6,52.0
468058,2026-05-17,12,08,23.0,72,26.7,52.0
468059,2026-05-17,12,09,23.0,72,26.6,52.0
468060,2026-05-17,12,10,23.0,72,26.6,52.0
468061,2026-05-17,12,11,23.0,72,26.6,52.0
468062,2026-05-17,12,12,23.0,71,26.6,52.0
468063,2026-05-17,12,13,23.0,71,26.5,52.0
468064,2026-05-17,12,14,23.0,72,26.5,52.0
468065,2026-05-17,12,15,23.0,72,26.5,52.0
468066,2026-05-17,12,16,23.0,72,26.5,52.0
468067,2026-05-17,12,17,23.0,71,26.5,52.0
468068,2026-05-17,12,18,23.0,71,26.6,52.0
468069,2026-05-17,12,19,23.0,71,26.6,52.0
468070,2026-05-17,12,20,23.0,71,26.6,52.0
468071,2026-05-17,12,21,23.0,71,26.7,52.0
468072,2026-05-17,12,22,23.0,71,26.7,52.0
468073,2026-05-17,12,23,23.0,71,26.7,52.0
468074,2026-05-17,12,24,23.0,71,26.7,52.0
468075,2026-05-17,12,25,23.0,71,26.7,52.0
468076,2026-05-17,12,26,23.0,71,26.7,52.0
468077,2026-05-17,12,27,23.0,71,26.7,52.0
468078,2026-05-17,12,28,23.0,71,26.6,52.0
468079,2026-05-17,12,29,23.0,71,26.6,52.0
468080,2026-05-17,12,30,23.0,71,26.6,52.0
468081,2026-05-17,12,31,23.0,71,26.6,52.0
468082,2026-05-17,12,32,23.0,71,26.6,52.0
468083,2026-05-17,12,33,23.0,71,26.6,52.0
468084,2026-05-17,12,35,23.0,71,26.7,52.0
468085,2026-05-17,12,36,23.0,71,26.7,52.0
468086,2026-05-17,12,37,23.0,71,26.7,52.0
468087,2026-05-17,12,38,23.0,71,26.8,52.0
468088,2026-05-17,12,39,23.0,71,26.9,51.0
468089,2026-05-17,12,40,23.0,71,26.9,51.0
468090,2026-05-17,12,41,23.0,71,26.9,51.0
468091,2026-05-17,12,42,23.0,71,26.9,51.0
468092,2026-05-17,12,43,23.0,71,26.9,51.0
468093,2026-05-17,12,44,23.0,71,26.9,51.0
468094,2026-05-17,12,45,23.0,71,27.0,51.0
468095,2026-05-17,12,46,23.0,71,26.9,51.0
468096,2026-05-17,12,47,23.0,71,27.0,51.0
468097,2026-05-17,12,48,23.0,71,26.9,51.0
468098,2026-05-17,12,49,23.0,71,27.0,51.0
468099,2026-05-17,12,50,23.0,71,27.0,51.0
468100,2026-05-17,12,51,23.1,71,27.0,51.0
468101,2026-05-17,12,52,23.1,71,27.0,51.0
468102,2026-05-17,12,53,23.4,71,27.0,51.0
468103,2026-05-17,12,54,23.4,71,27.1,51.0
468104,2026-05-17,12,55,23.4,71,27.1,51.0
468105,2026-05-17,12,56,23.4,71,27.1,51.0
468106,2026-05-17,12,57,23.4,71,27.1,51.0
468107,2026-05-17,12,58,23.4,71,27.2,51.0
468108,2026-05-17,12,59,23.4,71,27.2,51.0
468109,2026-05-17,13,00,23.4,71,27.1,51.0
468110,2026-05-17,13,01,23.4,71,27.1,51.0
468111,2026-05-17,13,02,23.4,71,27.1,51.0
468112,2026-05-17,13,03,23.4,71,27.2,51.0
468113,2026-05-17,13,04,23.4,71,27.2,51.0
468114,2026-05-17,13,05,23.4,71,27.2,51.0
468115,2026-05-17,13,06,23.4,71,27.2,51.0
468116,2026-05-17,13,07,23.4,71,27.2,51.0
468117,2026-05-17,13,08,23.4,71,27.2,51.0
468118,2026-05-17,13,09,23.4,71,27.1,51.0
468119,2026-05-17,13,10,23.4,71,27.1,51.0
468120,2026-05-17,13,11,23.4,71,27.1,51.0
468121,2026-05-17,13,12,23.4,71,27.0,51.0
468122,2026-05-17,13,13,23.4,71,27.0,51.0
468123,2026-05-17,13,14,23.4,71,27.0,51.0
468124,2026-05-17,13,15,23.4,71,26.9,51.0
468125,2026-05-17,13,16,23.4,71,26.9,51.0
468126,2026-05-17,13,17,23.4,71,26.8,52.0
468127,2026-05-17,13,18,23.4,71,26.7,52.0
468128,2026-05-17,13,19,23.4,71,26.7,52.0
468129,2026-05-17,13,20,23.4,71,26.6,52.0
468130,2026-05-17,13,21,23.4,71,26.5,52.0
468131,2026-05-17,13,22,23.4,71,26.5,52.0
468132,2026-05-17,13,23,23.4,71,26.5,52.0
468133,2026-05-17,13,24,23.4,71,26.5,52.0
468134,2026-05-17,13,25,23.4,71,26.4,52.0
468135,2026-05-17,13,26,23.4,71,26.4,52.0
468136,2026-05-17,13,27,23.4,71,26.4,52.0
468137,2026-05-17,13,28,23.4,71,26.4,53.0
468138,2026-05-17,13,29,23.4,71,26.3,53.0
468139,2026-05-17,13,30,23.4,71,26.3,53.0
468140,2026-05-17,13,31,23.4,71,26.3,53.0
468141,2026-05-17,13,32,23.4,71,26.2,53.0
468142,2026-05-17,13,33,23.4,72,26.2,54.0
468143,2026-05-17,13,34,23.4,72,26.1,54.0
468144,2026-05-17,13,35,23.4,72,26.0,54.0
468145,2026-05-17,13,36,23.8,72,26.0,54.0
468146,2026-05-17,13,37,23.8,72,25.9,54.0
468147,2026-05-17,13,38,23.8,72,25.9,55.0
468148,2026-05-17,13,39,23.8,72,25.9,55.0
468149,2026-05-17,13,40,23.8,73,25.8,55.0
468150,2026-05-17,13,41,23.8,73,25.8,56.0
468151,2026-05-17,13,42,23.8,73,25.7,56.0
468152,2026-05-17,13,43,23.8,73,25.7,56.0
468153,2026-05-17,13,45,23.8,73,25.6,57.0
468154,2026-05-17,13,46,23.8,74,25.6,57.0
468155,2026-05-17,13,47,23.8,74,25.6,58.0
468156,2026-05-17,13,48,23.8,74,25.6,58.0
468157,2026-05-17,13,49,23.8,75,25.6,58.0
468158,2026-05-17,13,50,23.8,75,25.6,58.0
468159,2026-05-17,13,51,23.8,75,25.6,59.0
468160,2026-05-17,13,52,23.8,76,25.6,59.0
468161,2026-05-17,13,53,23.8,76,25.6,59.0
468162,2026-05-17,13,54,23.8,76,25.5,60.0
468163,2026-05-17,13,55,23.8,77,25.5,60.0
468164,2026-05-17,13,56,23.8,77,25.4,60.0
468165,2026-05-17,13,57,23.8,77,25.4,60.0
468166,2026-05-17,13,58,23.8,77,25.4,61.0
468167,2026-05-17,13,59,23.8,77,25.3,61.0
468168,2026-05-17,14,00,23.8,77,25.3,61.0
468169,2026-05-17,14,01,23.8,77,25.3,61.0
468170,2026-05-17,14,02,23.8,77,25.2,61.0
468171,2026-05-17,14,03,23.8,77,25.2,62.0
468172,2026-05-17,14,04,23.8,78,25.2,62.0
468173,2026-05-17,14,05,23.8,78,25.1,62.0
468174,2026-05-17,14,06,23.8,78,25.1,62.0
468175,2026-05-17,14,07,23.8,78,25.1,62.0
468176,2026-05-17,14,08,23.8,78,25.0,63.0
468177,2026-05-17,14,09,23.8,78,25.0,63.0
468178,2026-05-17,14,10,23.8,78,25.0,63.0
468179,2026-05-17,14,11,23.8,78,25.0,63.0
468180,2026-05-17,14,12,23.8,78,24.9,63.0
468181,2026-05-17,14,13,23.8,78,24.9,63.0
468182,2026-05-17,14,14,23.8,78,24.9,63.0
468183,2026-05-17,14,15,23.8,78,24.9,63.0
468184,2026-05-17,14,16,23.8,78,24.9,64.0
468185,2026-05-17,14,17,23.8,79,24.9,64.0
468186,2026-05-17,14,18,23.8,79,24.9,64.0
468187,2026-05-17,14,19,23.8,79,24.9,64.0
468188,2026-05-17,14,20,23.8,79,24.9,64.0
468189,2026-05-17,14,21,23.8,79,24.9,64.0
468190,2026-05-17,14,22,23.8,80,24.9,64.0
468191,2026-05-17,14,23,23.8,80,24.9,64.0
468192,2026-05-17,14,24,23.8,80,24.9,65.0
468193,2026-05-17,14,25,24.1,80,24.9,65.0
468194,2026-05-17,14,26,24.1,80,24.9,65.0
468195,2026-05-17,14,27,24.1,80,24.9,65.0
468196,2026-05-17,14,28,24.1,80,25.0,65.0
468197,2026-05-17,14,29,24.1,81,25.0,65.0
468198,2026-05-17,14,30,24.1,81,25.0,65.0
468199,2026-05-17,14,31,24.1,81,25.0,65.0
468200,2026-05-17,14,32,24.1,81,25.0,65.0
468201,2026-05-17,14,33,24.1,81,25.0,65.0
468202,2026-05-17,14,34,24.1,81,25.0,65.0
468203,2026-05-17,14,35,24.1,81,25.0,65.0
468204,2026-05-17,14,36,24.1,81,25.1,66.0
468205,2026-05-17,14,37,24.1,81,25.1,66.0
468206,2026-05-17,14,38,24.1,81,25.1,66.0
468207,2026-05-17,14,39,24.1,81,25.1,66.0
468208,2026-05-17,14,40,24.1,81,25.2,66.0
468209,2026-05-17,14,41,24.1,81,25.2,65.0
468210,2026-05-17,14,42,24.1,81,25.2,65.0
468211,2026-05-17,14,43,24.1,81,25.2,65.0
468212,2026-05-17,14,44,24.1,81,25.2,65.0
468213,2026-05-17,14,45,24.1,81,25.2,65.0
468214,2026-05-17,14,46,24.1,81,25.2,65.0
468215,2026-05-17,14,47,24.1,81,25.2,63.0
468216,2026-05-17,14,48,24.1,81,25.1,63.0
468217,2026-05-17,14,49,24.1,81,25.1,63.0
468218,2026-05-17,14,50,24.1,81,25.1,62.0
468219,2026-05-17,14,51,24.1,81,25.0,62.0
468220,2026-05-17,14,52,24.1,81,25.0,61.0
468221,2026-05-17,14,53,24.1,81,24.9,62.0
468222,2026-05-17,14,54,24.1,81,24.9,63.0
468223,2026-05-17,14,55,24.1,81,24.9,61.0
468224,2026-05-17,14,56,24.1,81,24.8,61.0
468225,2026-05-17,14,57,24.1,81,24.8,63.0
468226,2026-05-17,14,58,24.1,81,24.8,63.0
468227,2026-05-17,14,59,24.1,81,24.8,62.0
468228,2026-05-17,15,00,24.1,81,24.8,63.0
468229,2026-05-17,15,01,24.1,81,24.8,63.0
468230,2026-05-17,15,02,24.1,80,24.8,62.0
468231,2026-05-17,15,03,24.1,80,24.7,63.0
468232,2026-05-17,15,04,23.9,80,24.7,63.0
468233,2026-05-17,15,05,23.8,80,24.7,63.0
468234,2026-05-17,15,06,23.8,80,24.7,63.0
468235,2026-05-17,15,07,23.8,80,24.7,63.0
468236,2026-05-17,15,08,23.8,80,24.7,63.0
468237,2026-05-17,15,09,23.8,79,24.7,63.0
468238,2026-05-17,15,10,23.8,79,24.7,63.0
468239,2026-05-17,15,11,23.8,79,24.6,62.0
468240,2026-05-17,15,12,23.8,79,24.6,62.0
468241,2026-05-17,15,13,23.8,79,24.6,62.0
468242,2026-05-17,15,14,23.8,79,24.6,62.0
468243,2026-05-17,15,15,23.8,78,24.6,62.0
468244,2026-05-17,15,16,23.8,78,24.6,63.0
468245,2026-05-17,15,17,23.8,78,24.6,61.0
468246,2026-05-17,15,18,23.8,78,24.6,62.0
468247,2026-05-17,15,19,23.8,78,24.6,62.0
468248,2026-05-17,15,20,23.8,77,24.6,62.0
468249,2026-05-17,15,21,23.8,77,24.7,62.0
468250,2026-05-17,15,22,23.8,77,24.7,62.0
468251,2026-05-17,15,23,23.8,77,24.7,61.0
468252,2026-05-17,15,24,23.8,77,24.7,62.0
468253,2026-05-17,15,25,23.8,77,24.8,61.0
468254,2026-05-17,15,26,23.8,77,24.8,61.0
468255,2026-05-17,15,27,23.8,77,24.8,61.0
468256,2026-05-17,15,28,23.8,77,24.9,61.0
468257,2026-05-17,15,29,23.8,77,24.9,61.0
468258,2026-05-17,15,30,23.8,77,25.0,61.0
468259,2026-05-17,15,31,23.8,77,25.0,60.0
468260,2026-05-17,15,32,23.8,77,25.1,60.0
468261,2026-05-17,15,33,23.8,77,25.2,60.0
468262,2026-05-17,15,34,23.8,77,25.2,59.0
468263,2026-05-17,15,35,23.8,77,25.2,60.0
468264,2026-05-17,15,36,23.8,77,25.2,59.0
468265,2026-05-17,15,37,23.8,76,25.2,59.0
468266,2026-05-17,15,38,23.8,76,25.2,59.0
468267,2026-05-17,15,39,23.8,76,25.2,59.0
468268,2026-05-17,15,40,23.8,76,25.2,59.0
468269,2026-05-17,15,41,23.8,76,25.2,59.0
468270,2026-05-17,15,42,23.8,76,25.2,59.0
468271,2026-05-17,15,43,23.8,76,25.2,59.0
468272,2026-05-17,15,44,23.8,76,25.2,59.0
468273,2026-05-17,15,45,23.8,75,25.2,58.0
468274,2026-05-17,15,46,23.8,75,25.2,58.0
468275,2026-05-17,15,47,23.8,75,25.1,59.0
468276,2026-05-17,15,48,23.8,75,25.1,59.0
468277,2026-05-17,15,49,23.8,75,25.1,59.0
468278,2026-05-17,15,50,23.8,75,25.0,59.0
468279,2026-05-17,15,51,23.8,75,25.0,59.0
468280,2026-05-17,15,52,23.8,74,24.9,59.0
468281,2026-05-17,15,53,23.8,74,24.9,59.0
468282,2026-05-17,15,54,23.8,74,24.8,59.0
468283,2026-05-17,15,55,23.8,74,24.8,59.0
468284,2026-05-17,15,56,23.8,74,24.7,59.0
468285,2026-05-17,15,57,23.8,74,24.7,59.0
468286,2026-05-17,15,58,23.8,74,24.7,59.0
468287,2026-05-17,15,59,23.8,74,24.6,59.0
468288,2026-05-17,16,00,23.8,74,24.6,59.0
468289,2026-05-17,16,01,23.8,73,24.6,59.0
468290,2026-05-17,16,02,23.8,74,24.6,60.0
468291,2026-05-17,16,03,23.8,73,24.5,59.0
468292,2026-05-17,16,04,23.8,73,24.5,59.0
468293,2026-05-17,16,05,23.8,73,24.5,60.0
468294,2026-05-17,16,06,23.8,73,24.6,60.0
468295,2026-05-17,16,07,23.8,73,24.6,60.0
468296,2026-05-17,16,08,23.8,73,24.6,60.0
468297,2026-05-17,16,09,23.8,73,24.6,60.0
468298,2026-05-17,16,10,23.8,73,24.6,60.0
468299,2026-05-17,16,11,23.8,73,24.6,60.0
468300,2026-05-17,16,12,23.8,73,24.6,60.0
468301,2026-05-17,16,13,23.8,73,24.6,59.0
468302,2026-05-17,16,14,23.8,73,24.6,59.0
468303,2026-05-17,16,15,23.8,73,24.6,59.0
468304,2026-05-17,16,16,23.8,73,24.5,59.0
468305,2026-05-17,16,17,23.8,73,24.5,59.0
468306,2026-05-17,16,18,23.8,73,24.5,59.0
468307,2026-05-17,16,19,23.8,73,24.4,59.0
468308,2026-05-17,16,20,23.8,73,24.4,58.0
468309,2026-05-17,16,21,23.8,73,24.4,59.0
468310,2026-05-17,16,22,23.8,73,24.4,59.0
468311,2026-05-17,16,23,23.8,73,24.4,60.0
468312,2026-05-17,16,24,23.8,73,24.4,60.0
468313,2026-05-17,16,25,23.8,73,24.4,60.0
468314,2026-05-17,16,26,23.8,73,24.4,59.0
468315,2026-05-17,16,27,23.8,73,24.3,59.0
468316,2026-05-17,16,28,23.8,73,24.3,58.0
468317,2026-05-17,16,29,23.8,73,24.3,59.0
468318,2026-05-17,16,30,23.8,73,24.2,59.0
468319,2026-05-17,16,31,23.8,73,24.2,59.0
468320,2026-05-17,16,32,23.8,73,24.1,60.0
468321,2026-05-17,16,33,23.8,73,24.1,58.0
468322,2026-05-17,16,34,23.8,73,24.0,58.0
468323,2026-05-17,16,35,23.8,73,24.0,59.0
468324,2026-05-17,16,36,23.8,73,23.9,59.0
468325,2026-05-17,16,37,23.8,73,23.9,60.0
468326,2026-05-17,16,38,23.8,73,23.9,60.0
468327,2026-05-17,16,39,23.8,73,23.8,60.0
468328,2026-05-17,16,40,23.8,73,23.8,59.0
468329,2026-05-17,16,41,23.8,73,23.8,60.0
468330,2026-05-17,16,42,23.8,73,23.7,59.0
468331,2026-05-17,16,43,23.8,73,23.7,59.0
468332,2026-05-17,16,44,23.8,73,23.6,59.0
468333,2026-05-17,16,45,23.8,73,23.6,60.0
468334,2026-05-17,16,46,23.8,73,23.5,59.0
468335,2026-05-17,16,47,23.8,73,23.5,60.0
468336,2026-05-17,16,48,23.8,73,23.4,60.0
468337,2026-05-17,16,49,23.8,73,23.4,60.0
468338,2026-05-17,16,50,23.8,73,23.4,60.0
468339,2026-05-17,16,51,23.8,73,23.3,60.0
468340,2026-05-17,16,52,23.8,73,23.3,60.0
468341,2026-05-17,16,53,23.8,73,23.2,60.0
468342,2026-05-17,16,54,23.8,73,23.2,60.0
468343,2026-05-17,16,55,23.8,73,23.2,61.0
468344,2026-05-17,16,56,23.8,73,23.2,61.0
468345,2026-05-17,16,57,23.8,73,23.2,61.0
468346,2026-05-17,16,58,23.8,73,23.1,61.0
468347,2026-05-17,16,59,23.8,73,23.1,61.0
468348,2026-05-17,17,00,23.8,73,23.1,61.0
468349,2026-05-17,17,01,23.8,73,23.1,61.0
468350,2026-05-17,17,02,23.8,73,23.1,61.0
468351,2026-05-17,17,03,23.8,73,23.0,60.0
468352,2026-05-17,17,04,23.8,73,23.0,61.0
468353,2026-05-17,17,05,23.8,73,23.0,61.0
468354,2026-05-17,17,06,23.8,73,23.0,61.0
468355,2026-05-17,17,07,23.8,73,23.0,61.0
468356,2026-05-17,17,08,23.8,72,23.0,61.0
468357,2026-05-17,17,09,23.8,72,22.9,61.0
468358,2026-05-17,17,10,23.8,72,22.9,61.0
468359,2026-05-17,17,11,23.8,72,22.9,61.0
468360,2026-05-17,17,12,23.8,73,22.9,61.0
468361,2026-05-17,17,13,23.8,73,22.9,61.0
468362,2026-05-17,17,14,23.8,73,22.9,60.0
468363,2026-05-17,17,15,23.8,73,22.9,60.0
468364,2026-05-17,17,16,23.8,73,22.8,60.0
468365,2026-05-17,17,17,23.8,73,22.8,61.0
468366,2026-05-17,17,18,23.8,73,22.8,61.0
468367,2026-05-17,17,19,23.8,73,22.8,61.0
468368,2026-05-17,17,20,23.8,73,22.8,61.0
468369,2026-05-17,17,21,23.8,73,22.8,61.0
468370,2026-05-17,17,22,23.8,73,22.8,61.0
468371,2026-05-17,17,23,23.8,73,22.8,62.0
468372,2026-05-17,17,24,23.8,73,22.7,62.0
468373,2026-05-17,17,25,23.8,73,22.7,62.0
468374,2026-05-17,17,26,23.8,73,22.7,61.0
468375,2026-05-17,17,27,23.8,73,22.7,62.0
468376,2026-05-17,17,28,23.8,73,22.7,62.0
468377,2026-05-17,17,29,23.8,73,22.7,61.0
468378,2026-05-17,17,30,23.8,73,22.6,62.0
468379,2026-05-17,17,31,23.8,73,22.6,62.0
468380,2026-05-17,17,32,23.8,73,22.6,62.0
468381,2026-05-17,17,33,23.8,73,22.6,62.0
468382,2026-05-17,17,34,23.8,73,22.6,62.0
468383,2026-05-17,17,35,23.8,73,22.6,62.0
468384,2026-05-17,17,36,23.8,73,22.6,62.0
468385,2026-05-17,17,37,23.8,73,22.6,62.0
468386,2026-05-17,17,38,23.8,73,22.6,62.0
468387,2026-05-17,17,39,23.8,73,22.6,62.0
468388,2026-05-17,17,40,23.8,73,22.6,62.0
468389,2026-05-17,17,41,23.8,73,22.5,62.0
468390,2026-05-17,17,42,23.8,73,22.5,62.0
468391,2026-05-17,17,43,23.8,73,22.5,62.0
468392,2026-05-17,17,44,23.8,73,22.5,62.0
468393,2026-05-17,17,45,23.8,73,22.5,63.0
468394,2026-05-17,17,46,23.8,73,22.4,63.0
468395,2026-05-17,17,47,23.8,73,22.4,63.0
468396,2026-05-17,17,48,23.8,73,22.4,63.0
468397,2026-05-17,17,49,23.8,73,22.4,63.0
468398,2026-05-17,17,50,23.8,73,22.3,62.0
468399,2026-05-17,17,51,23.8,73,22.3,63.0
468400,2026-05-17,17,52,23.8,73,22.3,63.0
468401,2026-05-17,17,53,23.8,73,22.3,63.0
468402,2026-05-17,17,54,23.8,73,22.3,63.0
468403,2026-05-17,17,55,23.8,73,22.3,63.0
468404,2026-05-17,17,56,23.8,73,22.3,63.0
468405,2026-05-17,17,57,23.8,73,22.2,63.0
468406,2026-05-17,17,58,23.8,73,22.2,63.0
468407,2026-05-17,17,59,23.8,73,22.2,63.0
468408,2026-05-17,18,00,23.8,73,22.2,63.0
468409,2026-05-17,18,01,23.8,73,22.2,63.0
468410,2026-05-17,18,02,23.8,73,22.2,63.0
468411,2026-05-17,18,03,23.8,73,22.1,63.0
468412,2026-05-17,18,04,23.7,73,22.1,63.0
468413,2026-05-17,18,05,23.6,73,22.1,63.0
468414,2026-05-17,18,06,23.5,73,22.1,64.0
468415,2026-05-17,18,07,23.4,73,22.1,64.0
468416,2026-05-17,18,08,23.4,73,22.1,64.0
468417,2026-05-17,18,09,23.4,73,22.0,64.0
468418,2026-05-17,18,10,23.4,73,22.0,64.0
468419,2026-05-17,18,11,23.4,73,22.0,63.0
468420,2026-05-17,18,12,23.4,73,22.0,63.0
468421,2026-05-17,18,13,23.4,73,22.0,63.0
468422,2026-05-17,18,14,23.4,73,21.9,64.0
468423,2026-05-17,18,15,23.4,73,21.9,64.0
468424,2026-05-17,18,16,23.4,73,21.9,64.0
468425,2026-05-17,18,17,23.4,73,21.9,64.0
468426,2026-05-17,18,18,23.4,73,21.9,64.0
468427,2026-05-17,18,19,23.4,73,21.9,64.0
468428,2026-05-17,18,20,23.4,73,21.9,64.0
468429,2026-05-17,18,21,23.4,73,21.9,64.0
468430,2026-05-17,18,22,23.4,73,21.8,64.0
468431,2026-05-17,18,23,23.4,73,21.8,64.0
468432,2026-05-17,18,24,23.4,73,21.8,64.0
468433,2026-05-17,18,25,23.4,73,21.8,64.0
468434,2026-05-17,18,26,23.4,73,21.8,64.0
468435,2026-05-17,18,27,23.4,73,21.7,64.0
468436,2026-05-17,18,28,23.4,73,21.7,64.0
468437,2026-05-17,18,29,23.4,73,21.7,65.0
468438,2026-05-17,18,30,23.4,73,21.7,65.0
468439,2026-05-17,18,31,23.4,73,21.7,65.0
468440,2026-05-17,18,32,23.4,73,21.7,65.0
468441,2026-05-17,18,33,23.4,73,21.7,65.0
468442,2026-05-17,18,34,23.4,73,21.6,65.0
468443,2026-05-17,18,35,23.4,73,21.6,65.0
468444,2026-05-17,18,36,23.4,73,21.6,65.0
468445,2026-05-17,18,37,23.4,73,21.6,65.0
468446,2026-05-17,18,38,23.4,73,21.6,65.0
468447,2026-05-17,18,39,23.4,73,21.6,65.0
468448,2026-05-17,18,40,23.4,73,21.6,65.0
468449,2026-05-17,18,41,23.4,73,21.5,65.0
468450,2026-05-17,18,42,23.4,73,21.5,65.0
468451,2026-05-17,18,43,23.4,73,21.5,65.0
468452,2026-05-17,18,44,23.4,72,21.5,65.0
468453,2026-05-17,18,45,23.4,72,21.5,65.0
468454,2026-05-17,18,46,23.4,72,21.5,65.0
468455,2026-05-17,18,47,23.4,72,21.5,65.0
468456,2026-05-17,18,48,23.4,72,21.4,65.0
468457,2026-05-17,18,49,23.4,72,21.4,65.0
468458,2026-05-17,18,50,23.4,72,21.4,65.0
468459,2026-05-17,18,51,23.4,72,21.4,65.0
468460,2026-05-17,18,52,23.4,72,21.4,65.0
468461,2026-05-17,18,53,23.4,72,21.4,65.0
468462,2026-05-17,18,54,23.4,72,21.4,66.0
468463,2026-05-17,18,55,23.4,72,21.4,66.0
468464,2026-05-17,18,56,23.4,72,21.4,66.0
468465,2026-05-17,18,58,23.4,72,21.4,66.0
468466,2026-05-17,18,58,23.4,72,21.4,66.0
468467,2026-05-17,19,00,23.4,72,21.3,67.0
468468,2026-05-17,19,00,23.4,72,21.3,67.0
468469,2026-05-17,19,02,23.4,72,21.3,67.0
468470,2026-05-17,19,02,23.4,72,21.3,67.0
468471,2026-05-17,19,04,23.4,72,21.3,68.0
468472,2026-05-17,19,04,23.4,72,21.3,68.0
468473,2026-05-17,19,06,23.4,72,21.3,68.0
468474,2026-05-17,19,06,23.4,72,21.3,68.0
468475,2026-05-17,19,08,23.4,72,21.3,68.0
468476,2026-05-17,19,08,23.4,72,21.3,68.0
468477,2026-05-17,19,10,23.4,72,21.3,68.0
468478,2026-05-17,19,10,23.4,72,21.3,68.0
468479,2026-05-17,19,12,23.4,72,21.2,68.0
468480,2026-05-17,19,12,23.4,72,21.2,68.0
468481,2026-05-17,19,14,23.4,73,21.2,68.0
468482,2026-05-17,19,14,23.4,73,21.2,68.0
468483,2026-05-17,19,16,23.4,73,21.2,68.0
468484,2026-05-17,19,17,23.4,73,21.2,68.0
468485,2026-05-17,19,18,23.4,73,21.2,68.0
468486,2026-05-17,19,19,23.4,73,21.2,68.0
468487,2026-05-17,19,20,23.4,73,21.2,68.0
468488,2026-05-17,19,21,23.4,73,21.2,68.0
468489,2026-05-17,19,21,23.4,73,21.2,69.0
468490,2026-05-17,19,23,23.4,73,21.2,69.0
468491,2026-05-17,19,23,23.4,73,21.1,69.0
468492,2026-05-17,19,25,23.4,73,21.1,68.0
468493,2026-05-17,19,25,23.4,73,21.1,69.0
468494,2026-05-17,19,27,23.4,73,21.1,68.0
468495,2026-05-17,19,28,23.4,73,21.1,68.0
468496,2026-05-17,19,28,23.4,73,21.1,69.0
468497,2026-05-17,19,30,23.4,73,21.1,69.0
468498,2026-05-17,19,30,23.4,73,21.1,69.0
468499,2026-05-17,19,32,23.4,73,21.1,69.0
468500,2026-05-17,19,32,23.4,73,21.0,69.0
468501,2026-05-17,19,34,23.4,73,21.0,69.0
468502,2026-05-17,19,35,23.4,73,21.0,69.0
468503,2026-05-17,19,35,23.4,73,21.0,69.0
468504,2026-05-17,19,37,23.4,73,21.0,69.0
468505,2026-05-17,19,38,23.4,72,21.0,69.0
468506,2026-05-17,19,39,23.4,72,21.0,69.0
468507,2026-05-17,19,40,23.4,73,21.0,69.0
468508,2026-05-17,19,41,23.4,73,20.9,69.0
468509,2026-05-17,19,42,23.4,73,20.9,69.0
468510,2026-05-17,19,43,23.4,72,20.9,69.0
468511,2026-05-17,19,44,23.4,73,20.9,69.0
468512,2026-05-17,19,45,23.4,73,20.9,69.0
468513,2026-05-17,19,46,23.3,72,20.9,69.0
468514,2026-05-17,19,47,23.1,72,20.8,69.0
468515,2026-05-17,19,48,23.1,72,20.8,69.0
468516,2026-05-17,19,49,23.0,72,20.8,69.0
468517,2026-05-17,19,50,23.0,72,20.8,69.0
468518,2026-05-17,19,51,23.0,72,20.8,69.0
468519,2026-05-17,19,52,23.0,72,20.8,69.0
468520,2026-05-17,19,53,23.0,72,20.8,69.0
468521,2026-05-17,19,54,23.0,72,20.8,69.0
468522,2026-05-17,19,55,23.0,72,20.8,69.0
468523,2026-05-17,19,56,23.0,72,20.7,69.0
468524,2026-05-17,19,57,23.0,72,20.7,70.0
468525,2026-05-17,19,58,23.0,72,20.7,70.0
468526,2026-05-17,19,59,23.0,72,20.7,70.0
468527,2026-05-17,20,00,23.0,72,20.7,70.0
468528,2026-05-17,20,01,23.0,72,20.7,70.0
468529,2026-05-17,20,02,23.0,72,20.7,70.0
468530,2026-05-17,20,03,23.0,72,20.7,70.0
468531,2026-05-17,20,04,23.0,72,20.7,70.0
468532,2026-05-17,20,05,23.0,72,20.7,70.0
468533,2026-05-17,20,06,23.0,72,20.7,70.0
468534,2026-05-17,20,07,23.0,72,20.8,69.0
468535,2026-05-17,20,08,23.0,72,20.8,69.0
468536,2026-05-17,20,09,23.0,72,20.8,69.0
468537,2026-05-17,20,10,23.0,72,20.8,69.0
468538,2026-05-17,20,11,23.0,72,20.8,69.0
468539,2026-05-17,20,12,23.0,72,20.8,69.0
468540,2026-05-17,20,13,23.0,72,20.8,69.0
468541,2026-05-17,20,14,23.0,72,20.8,69.0
468542,2026-05-17,20,15,23.0,72,20.8,69.0
468543,2026-05-17,20,16,23.0,72,20.8,69.0
468544,2026-05-17,20,17,23.0,72,20.8,69.0
468545,2026-05-17,20,18,23.0,72,20.8,69.0
468546,2026-05-17,20,19,23.0,72,20.8,69.0
468547,2026-05-17,20,20,23.0,72,20.8,69.0
468548,2026-05-17,20,21,23.0,72,20.8,69.0
468549,2026-05-17,20,22,23.0,72,20.8,69.0
468550,2026-05-17,20,23,23.0,72,20.8,69.0
468551,2026-05-17,20,24,23.0,72,20.8,69.0
468552,2026-05-17,20,25,23.0,72,20.8,69.0
468553,2026-05-17,20,26,23.0,72,20.8,69.0
468554,2026-05-17,20,27,23.0,72,20.8,69.0
468555,2026-05-17,20,28,23.0,72,20.8,69.0
468556,2026-05-17,20,29,23.0,72,20.7,69.0
468557,2026-05-17,20,30,23.0,72,20.8,69.0
468558,2026-05-17,20,31,23.0,72,20.8,69.0
468559,2026-05-17,20,32,23.0,72,20.7,69.0
468560,2026-05-17,20,33,23.0,72,20.7,69.0
468561,2026-05-17,20,34,23.0,72,20.7,69.0
468562,2026-05-17,20,35,23.0,72,20.7,69.0
468563,2026-05-17,20,36,23.0,72,20.7,69.0
468564,2026-05-17,20,37,23.0,72,20.7,69.0
468565,2026-05-17,20,38,23.0,73,20.7,69.0
468566,2026-05-17,20,39,23.0,73,20.7,69.0
468567,2026-05-17,20,40,23.0,73,20.7,69.0
468568,2026-05-17,20,41,23.0,73,20.6,69.0
468569,2026-05-17,20,42,23.0,73,20.6,69.0
468570,2026-05-17,20,43,23.0,73,20.6,69.0
468571,2026-05-17,20,44,23.0,73,20.6,69.0
468572,2026-05-17,20,45,23.0,73,20.6,69.0
468573,2026-05-17,20,46,23.0,73,20.6,69.0
468574,2026-05-17,20,47,23.0,73,20.6,69.0
468575,2026-05-17,20,48,23.0,72,20.6,69.0
468576,2026-05-17,20,49,23.0,72,20.5,69.0
468577,2026-05-17,20,50,23.0,72,20.5,69.0
468578,2026-05-17,20,51,23.0,73,20.5,69.0
468579,2026-05-17,20,52,23.0,73,20.5,69.0
468580,2026-05-17,20,53,23.0,73,20.5,69.0
468581,2026-05-17,20,54,23.0,73,20.5,69.0
468582,2026-05-17,20,55,23.0,73,20.5,69.0
468583,2026-05-17,20,56,23.0,73,20.5,69.0
468584,2026-05-17,20,57,23.0,73,20.5,69.0
468585,2026-05-17,20,58,23.0,72,20.5,69.0
468586,2026-05-17,20,59,23.0,72,20.4,70.0
468587,2026-05-17,21,00,23.0,72,20.4,69.0
468588,2026-05-17,21,01,23.0,72,20.4,69.0
468589,2026-05-17,21,02,23.0,72,20.4,70.0
468590,2026-05-17,21,03,23.0,72,20.4,70.0
468591,2026-05-17,21,04,23.0,72,20.4,70.0
468592,2026-05-17,21,05,23.0,72,20.4,70.0
468593,2026-05-17,21,06,23.0,72,20.4,70.0
468594,2026-05-17,21,07,23.0,72,20.4,69.0
468595,2026-05-17,21,08,22.9,72,20.4,69.0
468596,2026-05-17,21,09,22.7,72,20.4,69.0
468597,2026-05-17,21,10,22.7,72,20.4,69.0
468598,2026-05-17,21,11,22.7,72,20.4,69.0
468599,2026-05-17,21,12,22.6,72,20.3,70.0
468600,2026-05-17,21,13,22.6,72,20.3,70.0
468601,2026-05-17,21,14,22.6,72,20.3,70.0
468602,2026-05-17,21,15,22.6,72,20.3,70.0
468603,2026-05-17,21,16,22.6,72,20.3,70.0
468604,2026-05-17,21,17,22.6,72,20.3,70.0
468605,2026-05-17,21,18,22.6,72,20.3,70.0
468606,2026-05-17,21,19,22.6,72,20.3,70.0
468607,2026-05-17,21,20,22.6,72,20.3,70.0
468608,2026-05-17,21,21,22.6,72,20.3,70.0
468609,2026-05-17,21,22,22.6,72,20.3,70.0
468610,2026-05-17,21,23,22.6,72,20.3,70.0
468611,2026-05-17,21,24,22.6,72,20.2,70.0
468612,2026-05-17,21,25,22.6,72,20.2,70.0
468613,2026-05-17,21,26,22.6,72,20.2,70.0
468614,2026-05-17,21,27,22.6,72,20.2,70.0
468615,2026-05-17,21,28,22.6,72,20.2,70.0
468616,2026-05-17,21,29,22.6,72,20.2,70.0
468617,2026-05-17,21,30,22.6,72,20.2,70.0
468618,2026-05-17,21,31,22.6,72,20.2,70.0
468619,2026-05-17,21,32,22.6,72,20.2,70.0
468620,2026-05-17,21,33,22.6,72,20.2,70.0
468621,2026-05-17,21,34,22.6,72,20.2,70.0
468622,2026-05-17,21,35,22.6,72,20.2,70.0
468623,2026-05-17,21,36,22.6,72,20.2,70.0
468624,2026-05-17,21,37,22.6,72,20.2,70.0
468625,2026-05-17,21,38,22.6,72,20.2,70.0
468626,2026-05-17,21,39,22.6,73,20.2,71.0
468627,2026-05-17,21,40,22.6,73,20.2,70.0
468628,2026-05-17,21,41,22.6,73,20.2,71.0
468629,2026-05-17,21,42,22.6,73,20.2,71.0
468630,2026-05-17,21,43,22.6,73,20.2,71.0
468631,2026-05-17,21,44,22.6,73,20.2,71.0
468632,2026-05-17,21,45,22.6,73,20.1,71.0
468633,2026-05-17,21,46,22.6,73,20.1,71.0
468634,2026-05-17,21,47,22.6,73,20.1,71.0
468635,2026-05-17,21,48,22.6,73,20.1,71.0
468636,2026-05-17,21,49,22.6,73,20.1,71.0
468637,2026-05-17,21,50,22.6,73,20.1,71.0
468638,2026-05-17,21,51,22.6,73,20.1,71.0
468639,2026-05-17,21,52,22.6,73,20.1,71.0
468640,2026-05-17,21,53,22.6,73,20.1,71.0
468641,2026-05-17,21,54,22.6,73,20.1,71.0
468642,2026-05-17,21,55,22.6,73,20.1,71.0
468643,2026-05-17,21,56,22.6,73,20.1,71.0
468644,2026-05-17,21,57,22.6,73,20.0,71.0
468645,2026-05-17,21,58,22.6,73,20.0,71.0
468646,2026-05-17,21,59,22.6,73,20.0,71.0
468647,2026-05-17,22,00,22.6,73,20.0,71.0
468648,2026-05-17,22,01,22.6,73,20.0,71.0
468649,2026-05-17,22,02,22.6,73,20.0,71.0
468650,2026-05-17,22,03,22.6,73,20.0,71.0
468651,2026-05-17,22,04,22.6,73,20.0,71.0
468652,2026-05-17,22,05,22.6,73,20.0,71.0
468653,2026-05-17,22,06,22.6,73,20.0,71.0
468654,2026-05-17,22,07,22.6,73,20.0,71.0
468655,2026-05-17,22,08,22.6,73,20.0,71.0
468656,2026-05-17,22,09,22.6,73,19.9,71.0
468657,2026-05-17,22,10,22.6,73,19.9,71.0
468658,2026-05-17,22,11,22.6,73,19.9,71.0
468659,2026-05-17,22,12,22.6,73,19.9,71.0
468660,2026-05-17,22,13,22.6,73,19.9,71.0
468661,2026-05-17,22,14,22.6,73,19.9,71.0
468662,2026-05-17,22,15,22.6,73,19.9,71.0
468663,2026-05-17,22,16,22.6,72,19.9,71.0
468664,2026-05-17,22,17,22.6,72,19.9,71.0
468665,2026-05-17,22,18,22.6,72,19.9,71.0
468666,2026-05-17,22,19,22.6,72,19.9,71.0
468667,2026-05-17,22,20,22.6,72,19.9,71.0
468668,2026-05-17,22,21,22.5,72,19.9,71.0
468669,2026-05-17,22,22,22.3,72,19.9,71.0
468670,2026-05-17,22,23,22.3,72,19.9,71.0
468671,2026-05-17,22,24,22.3,72,19.9,71.0
468672,2026-05-17,22,25,22.2,72,19.9,71.0
468673,2026-05-17,22,26,22.2,72,19.8,71.0
468674,2026-05-17,22,28,22.2,72,19.8,71.0
468675,2026-05-17,22,29,22.2,72,19.9,71.0
468676,2026-05-17,22,30,22.2,72,19.8,71.0
468677,2026-05-17,22,31,22.2,72,19.9,71.0
468678,2026-05-17,22,32,22.2,72,19.9,70.0
468679,2026-05-17,22,33,22.2,72,19.9,70.0
468680,2026-05-17,22,34,22.2,72,19.9,70.0
468681,2026-05-17,22,35,22.2,72,19.9,70.0
468682,2026-05-17,22,36,22.2,72,19.9,70.0
468683,2026-05-17,22,37,22.2,72,19.9,70.0
468684,2026-05-17,22,38,22.2,72,19.9,70.0
468685,2026-05-17,22,39,22.2,72,19.9,70.0
468686,2026-05-17,22,40,22.2,72,19.9,70.0
468687,2026-05-17,22,41,22.2,72,19.9,70.0
468688,2026-05-17,22,42,22.2,72,19.9,70.0
468689,2026-05-17,22,43,22.2,72,19.9,70.0
468690,2026-05-17,22,44,22.2,72,19.9,70.0
468691,2026-05-17,22,45,22.2,72,19.9,70.0
468692,2026-05-17,22,46,22.2,72,19.9,70.0
468693,2026-05-17,22,47,22.2,72,19.9,70.0
468694,2026-05-17,22,48,22.2,72,19.9,70.0
468695,2026-05-17,22,49,22.2,72,19.9,70.0
468696,2026-05-17,22,50,22.2,72,19.9,70.0
468697,2026-05-17,22,51,22.2,72,19.9,70.0
468698,2026-05-17,22,52,22.2,72,19.9,70.0
468699,2026-05-17,22,53,22.2,72,19.9,70.0
468700,2026-05-17,22,54,22.2,72,19.9,70.0
468701,2026-05-17,22,55,22.2,72,19.9,70.0
468702,2026-05-17,22,56,22.2,72,19.9,70.0
468703,2026-05-17,22,57,22.2,72,19.9,70.0
468704,2026-05-17,22,58,22.2,72,19.9,70.0
468705,2026-05-17,22,59,22.2,72,19.9,70.0
468706,2026-05-17,23,00,22.2,72,19.9,70.0
468707,2026-05-17,23,01,22.2,72,19.9,70.0
468708,2026-05-17,23,02,22.2,72,19.9,70.0
468709,2026-05-17,23,03,22.2,72,19.9,70.0
468710,2026-05-17,23,04,22.2,72,19.9,70.0
468711,2026-05-17,23,05,22.2,72,19.9,70.0
468712,2026-05-17,23,06,22.2,72,19.9,70.0
468713,2026-05-17,23,07,22.2,72,19.8,70.0
468714,2026-05-17,23,08,22.2,72,19.9,70.0
468715,2026-05-17,23,09,22.2,72,19.9,70.0
468716,2026-05-17,23,10,22.2,72,19.8,70.0
468717,2026-05-17,23,11,22.2,72,19.8,70.0
468718,2026-05-17,23,12,22.2,72,19.8,70.0
468719,2026-05-17,23,13,22.2,72,19.8,70.0
468720,2026-05-17,23,14,22.2,72,19.8,70.0
468721,2026-05-17,23,15,22.2,72,19.8,70.0
468722,2026-05-17,23,16,22.2,72,19.8,70.0
468723,2026-05-17,23,17,22.2,72,19.8,70.0
468724,2026-05-17,23,18,22.2,72,19.8,70.0
468725,2026-05-17,23,19,22.2,72,19.8,70.0
468726,2026-05-17,23,20,22.2,72,19.8,70.0
468727,2026-05-17,23,21,22.2,72,19.8,70.0
468728,2026-05-17,23,22,22.2,72,19.8,70.0
468729,2026-05-17,23,23,22.2,72,19.8,70.0
468730,2026-05-17,23,24,22.2,72,19.8,70.0
468731,2026-05-17,23,25,22.2,72,19.7,70.0
468732,2026-05-17,23,26,22.2,72,19.7,70.0
468733,2026-05-17,23,27,22.2,72,19.7,70.0
468734,2026-05-17,23,28,22.2,72,19.7,70.0
468735,2026-05-17,23,29,22.2,72,19.7,70.0
468736,2026-05-17,23,30,22.2,72,19.7,70.0
468737,2026-05-17,23,31,22.2,72,19.7,70.0
468738,2026-05-17,23,32,22.2,72,19.7,70.0
468739,2026-05-17,23,33,22.2,72,19.7,70.0
468740,2026-05-17,23,34,22.2,72,19.7,70.0
468741,2026-05-17,23,35,22.2,72,19.7,70.0
468742,2026-05-17,23,36,22.2,72,19.7,70.0
468743,2026-05-17,23,37,22.2,72,19.7,70.0
468744,2026-05-17,23,38,22.2,72,19.6,70.0
468745,2026-05-17,23,39,22.2,72,19.6,70.0
468746,2026-05-17,23,40,22.2,72,19.6,70.0
468747,2026-05-17,23,41,22.2,72,19.6,70.0
468748,2026-05-17,23,42,22.2,72,19.6,70.0
468749,2026-05-17,23,43,22.2,72,19.6,70.0
468750,2026-05-17,23,44,22.2,72,19.6,70.0
468751,2026-05-17,23,45,22.2,72,19.6,70.0
468752,2026-05-17,23,46,22.2,72,19.6,70.0
468753,2026-05-17,23,47,22.2,72,19.6,70.0
468754,2026-05-17,23,48,22.2,72,19.6,70.0
468755,2026-05-17,23,49,22.2,72,19.6,70.0
468756,2026-05-17,23,50,22.1,72,19.6,70.0
468757,2026-05-17,23,51,21.9,72,19.6,70.0
468758,2026-05-17,23,52,21.9,72,19.6,70.0
468759,2026-05-17,23,53,21.9,72,19.6,70.0
468760,2026-05-17,23,54,21.8,72,19.6,70.0
468761,2026-05-17,23,55,21.8,72,19.6,70.0
468762,2026-05-17,23,56,21.8,72,19.6,70.0
468763,2026-05-17,23,57,21.8,73,19.6,70.0
468764,2026-05-17,23,58,21.8,73,19.6,70.0
468765,2026-05-17,23,59,21.8,73,19.6,70.0
468766,2026-05-18,00,00,21.8,73,19.6,70.0
468767,2026-05-18,00,01,21.8,73,19.6,70.0
468768,2026-05-18,00,02,21.8,73,19.6,70.0
468769,2026-05-18,00,03,21.8,73,19.6,70.0
468770,2026-05-18,00,04,21.8,73,19.6,70.0
468771,2026-05-18,00,05,21.8,73,19.6,70.0
468772,2026-05-18,00,06,21.8,73,19.6,70.0
468773,2026-05-18,00,07,21.8,73,19.6,70.0
468774,2026-05-18,00,08,21.8,73,19.6,70.0
468775,2026-05-18,00,09,21.8,73,19.6,70.0
468776,2026-05-18,00,10,21.8,73,19.6,70.0
468777,2026-05-18,00,11,21.8,73,19.6,70.0
468778,2026-05-18,00,12,21.8,73,19.6,70.0
468779,2026-05-18,00,13,21.8,73,19.6,70.0
468780,2026-05-18,00,14,21.8,73,19.6,70.0
468781,2026-05-18,00,15,21.8,73,19.6,70.0
468782,2026-05-18,00,16,21.8,73,19.6,70.0
468783,2026-05-18,00,17,21.8,73,19.6,70.0
468784,2026-05-18,00,18,21.8,73,19.6,70.0
468785,2026-05-18,00,19,21.8,73,19.6,70.0
468786,2026-05-18,00,20,21.8,73,19.6,70.0
468787,2026-05-18,00,21,21.8,73,19.6,70.0
468788,2026-05-18,00,22,21.8,73,19.6,70.0
468789,2026-05-18,00,23,21.8,73,19.6,70.0
468790,2026-05-18,00,24,21.8,73,19.6,70.0
468791,2026-05-18,00,25,21.8,73,19.6,70.0
468792,2026-05-18,00,26,21.8,73,19.5,70.0
468793,2026-05-18,00,27,21.8,73,19.5,70.0
468794,2026-05-18,00,28,21.8,73,19.6,70.0
468795,2026-05-18,00,29,21.8,73,19.5,70.0
468796,2026-05-18,00,30,21.8,73,19.5,70.0
468797,2026-05-18,00,31,21.8,73,19.5,70.0
468798,2026-05-18,00,32,21.8,73,19.5,70.0
468799,2026-05-18,00,33,21.8,73,19.5,70.0
468800,2026-05-18,00,34,21.8,73,19.5,70.0
468801,2026-05-18,00,35,21.8,73,19.5,70.0
468802,2026-05-18,00,36,21.8,73,19.5,70.0
468803,2026-05-18,00,37,21.8,73,19.5,70.0
468804,2026-05-18,00,38,21.8,73,19.5,70.0
468805,2026-05-18,00,39,21.8,73,19.5,70.0
468806,2026-05-18,00,40,21.8,73,19.5,70.0
468807,2026-05-18,00,41,21.8,73,19.5,70.0
468808,2026-05-18,00,42,21.8,73,19.5,70.0
468809,2026-05-18,00,43,21.8,73,19.5,70.0
468810,2026-05-18,00,44,21.8,73,19.5,70.0
468811,2026-05-18,00,45,21.8,73,19.5,70.0
468812,2026-05-18,00,46,21.8,73,19.5,71.0
468813,2026-05-18,00,47,21.8,73,19.5,71.0
468814,2026-05-18,00,48,21.8,73,19.5,71.0
468815,2026-05-18,00,49,21.8,73,19.5,70.0
468816,2026-05-18,00,50,21.8,73,19.5,71.0
468817,2026-05-18,00,51,21.8,73,19.5,71.0
468818,2026-05-18,00,52,21.8,73,19.5,71.0
468819,2026-05-18,00,53,21.8,73,19.5,71.0
468820,2026-05-18,00,54,21.8,73,19.4,71.0
468821,2026-05-18,00,55,21.8,73,19.4,71.0
468822,2026-05-18,00,56,21.8,73,19.5,71.0
468823,2026-05-18,00,57,21.8,73,19.4,71.0
468824,2026-05-18,00,58,21.8,73,19.4,71.0
468825,2026-05-18,00,59,21.8,73,19.4,71.0
468826,2026-05-18,01,00,21.8,73,19.4,71.0
468827,2026-05-18,01,01,21.8,73,19.4,71.0
468828,2026-05-18,01,02,21.8,73,19.4,71.0
468829,2026-05-18,01,03,21.8,73,19.4,71.0
468830,2026-05-18,01,04,21.8,73,19.4,71.0
468831,2026-05-18,01,05,21.8,73,19.4,71.0
468832,2026-05-18,01,06,21.8,73,19.4,71.0
468833,2026-05-18,01,07,21.8,73,19.4,71.0
468834,2026-05-18,01,08,21.8,73,19.4,71.0
468835,2026-05-18,01,09,21.8,73,19.4,71.0
468836,2026-05-18,01,10,21.8,73,19.4,71.0
468837,2026-05-18,01,11,21.8,73,19.4,71.0
468838,2026-05-18,01,12,21.8,73,19.4,71.0
468839,2026-05-18,01,13,21.8,73,19.4,71.0
468840,2026-05-18,01,14,21.8,73,19.4,71.0
468841,2026-05-18,01,15,21.8,73,19.4,71.0
468842,2026-05-18,01,16,21.8,73,19.4,71.0
468843,2026-05-18,01,17,21.8,73,19.4,71.0
468844,2026-05-18,01,18,21.8,73,19.4,71.0
468845,2026-05-18,01,19,21.8,73,19.4,71.0
468846,2026-05-18,01,20,21.8,73,19.4,71.0
468847,2026-05-18,01,21,21.8,73,19.4,70.0
468848,2026-05-18,01,22,21.8,73,19.4,70.0
468849,2026-05-18,01,23,21.8,73,19.4,70.0
468850,2026-05-18,01,24,21.8,73,19.4,70.0
468851,2026-05-18,01,25,21.8,73,19.4,70.0
468852,2026-05-18,01,26,21.8,73,19.4,70.0
468853,2026-05-18,01,27,21.7,73,19.4,70.0
468854,2026-05-18,01,28,21.6,73,19.4,70.0
468855,2026-05-18,01,29,21.5,73,19.4,70.0
468856,2026-05-18,01,30,21.5,73,19.4,70.0
468857,2026-05-18,01,31,21.5,73,19.4,70.0
468858,2026-05-18,01,32,21.5,73,19.4,70.0
468859,2026-05-18,01,33,21.5,73,19.4,70.0
468860,2026-05-18,01,34,21.5,73,19.4,70.0
468861,2026-05-18,01,35,21.4,73,19.4,70.0
468862,2026-05-18,01,36,21.4,73,19.4,70.0
468863,2026-05-18,01,37,21.4,73,19.4,70.0
468864,2026-05-18,01,38,21.4,73,19.4,70.0
468865,2026-05-18,01,39,21.4,73,19.4,70.0
468866,2026-05-18,01,40,21.4,73,19.4,70.0
468867,2026-05-18,01,41,21.4,73,19.4,70.0
468868,2026-05-18,01,42,21.4,73,19.4,70.0
468869,2026-05-18,01,43,21.4,73,19.4,70.0
468870,2026-05-18,01,44,21.4,73,19.4,70.0
468871,2026-05-18,01,45,21.4,73,19.4,70.0
468872,2026-05-18,01,46,21.4,73,19.4,70.0
468873,2026-05-18,01,47,21.4,73,19.4,70.0
468874,2026-05-18,01,48,21.4,73,19.4,70.0
468875,2026-05-18,01,49,21.4,73,19.4,70.0
468876,2026-05-18,01,50,21.4,73,19.4,70.0
468877,2026-05-18,01,51,21.4,73,19.4,70.0
468878,2026-05-18,01,52,21.4,73,19.4,70.0
468879,2026-05-18,01,53,21.4,73,19.4,70.0
468880,2026-05-18,01,54,21.4,73,19.4,70.0
468881,2026-05-18,01,55,21.4,73,19.4,70.0
468882,2026-05-18,01,56,21.4,73,19.4,70.0
468883,2026-05-18,01,57,21.4,73,19.4,70.0
468884,2026-05-18,01,58,21.4,73,19.4,70.0
468885,2026-05-18,01,59,21.4,73,19.3,70.0
468886,2026-05-18,02,00,21.4,73,19.4,70.0
468887,2026-05-18,02,01,21.4,73,19.3,70.0
468888,2026-05-18,02,02,21.4,73,19.3,70.0
468889,2026-05-18,02,03,21.4,73,19.3,70.0
468890,2026-05-18,02,04,21.4,73,19.3,70.0
468891,2026-05-18,02,05,21.4,73,19.3,70.0
468892,2026-05-18,02,06,21.4,73,19.3,70.0
468893,2026-05-18,02,07,21.4,73,19.3,70.0
468894,2026-05-18,02,08,21.4,73,19.3,70.0
468895,2026-05-18,02,09,21.4,73,19.3,70.0
468896,2026-05-18,02,10,21.4,73,19.3,70.0
468897,2026-05-18,02,11,21.4,73,19.3,70.0
468898,2026-05-18,02,12,21.4,73,19.3,70.0
468899,2026-05-18,02,13,21.4,73,19.3,70.0
468900,2026-05-18,02,14,21.4,73,19.3,70.0
468901,2026-05-18,02,15,21.4,73,19.3,70.0
468902,2026-05-18,02,16,21.4,73,19.3,70.0
468903,2026-05-18,02,17,21.4,73,19.3,70.0
468904,2026-05-18,02,18,21.4,73,19.3,70.0
468905,2026-05-18,02,19,21.4,73,19.3,70.0
468906,2026-05-18,02,20,21.4,73,19.3,70.0
468907,2026-05-18,02,21,21.4,73,19.3,70.0
468908,2026-05-18,02,22,21.4,73,19.3,70.0
468909,2026-05-18,02,23,21.4,73,19.3,70.0
468910,2026-05-18,02,24,21.4,73,19.3,70.0
468911,2026-05-18,02,25,21.4,73,19.3,70.0
468912,2026-05-18,02,26,21.4,73,19.3,70.0
468913,2026-05-18,02,27,21.4,73,19.3,70.0
468914,2026-05-18,02,28,21.4,73,19.3,70.0
468915,2026-05-18,02,29,21.4,73,19.3,70.0
468916,2026-05-18,02,30,21.4,73,19.4,70.0
468917,2026-05-18,02,31,21.4,73,19.3,70.0
468918,2026-05-18,02,32,21.4,73,19.4,70.0
468919,2026-05-18,02,33,21.4,73,19.3,70.0
468920,2026-05-18,02,34,21.4,73,19.4,70.0
468921,2026-05-18,02,35,21.4,73,19.4,70.0
468922,2026-05-18,02,36,21.4,73,19.4,70.0
468923,2026-05-18,02,37,21.4,73,19.4,70.0
468924,2026-05-18,02,38,21.4,73,19.4,70.0
468925,2026-05-18,02,39,21.4,73,19.4,70.0
468926,2026-05-18,02,40,21.4,73,19.4,70.0
468927,2026-05-18,02,41,21.4,73,19.4,70.0
468928,2026-05-18,02,42,21.4,73,19.4,70.0
468929,2026-05-18,02,43,21.4,73,19.4,70.0
468930,2026-05-18,02,44,21.4,73,19.4,70.0
468931,2026-05-18,02,45,21.4,73,19.4,70.0
468932,2026-05-18,02,46,21.4,73,19.4,70.0
468933,2026-05-18,02,47,21.4,73,19.4,70.0
468934,2026-05-18,02,48,21.4,73,19.4,70.0
468935,2026-05-18,02,49,21.4,73,19.4,70.0
468936,2026-05-18,02,50,21.4,73,19.4,70.0
468937,2026-05-18,02,51,21.4,73,19.4,70.0
468938,2026-05-18,02,52,21.4,73,19.4,70.0
468939,2026-05-18,02,53,21.4,73,19.4,70.0
468940,2026-05-18,02,54,21.4,73,19.4,70.0
468941,2026-05-18,02,55,21.4,73,19.4,70.0
468942,2026-05-18,02,56,21.4,73,19.4,70.0
468943,2026-05-18,02,57,21.4,73,19.4,70.0
468944,2026-05-18,02,58,21.4,73,19.4,70.0
468945,2026-05-18,02,59,21.4,73,19.4,70.0
468946,2026-05-18,03,00,21.4,73,19.4,70.0
468947,2026-05-18,03,01,21.4,73,19.3,70.0
468948,2026-05-18,03,02,21.4,73,19.3,70.0
468949,2026-05-18,03,03,21.4,73,19.3,70.0
468950,2026-05-18,03,04,21.4,73,19.3,70.0
468951,2026-05-18,03,05,21.4,73,19.3,70.0
468952,2026-05-18,03,06,21.4,73,19.3,70.0
468953,2026-05-18,03,07,21.4,73,19.3,70.0
468954,2026-05-18,03,08,21.4,73,19.3,70.0
468955,2026-05-18,03,09,21.4,73,19.3,70.0
468956,2026-05-18,03,10,21.4,73,19.3,70.0
468957,2026-05-18,03,11,21.4,73,19.3,70.0
468958,2026-05-18,03,12,21.4,73,19.3,70.0
468959,2026-05-18,03,13,21.4,73,19.3,70.0
468960,2026-05-18,03,14,21.4,73,19.3,70.0
468961,2026-05-18,03,15,21.4,73,19.3,70.0
468962,2026-05-18,03,16,21.4,73,19.3,70.0
468963,2026-05-18,03,17,21.4,73,19.3,70.0
468964,2026-05-18,03,18,21.4,73,19.3,70.0
468965,2026-05-18,03,19,21.4,73,19.3,70.0
468966,2026-05-18,03,20,21.4,73,19.3,70.0
468967,2026-05-18,03,21,21.4,73,19.3,70.0
468968,2026-05-18,03,22,21.4,73,19.3,70.0
468969,2026-05-18,03,23,21.4,73,19.3,70.0
468970,2026-05-18,03,24,21.4,73,19.3,70.0
468971,2026-05-18,03,25,21.4,73,19.3,70.0
468972,2026-05-18,03,26,21.4,73,19.3,70.0
468973,2026-05-18,03,30,21.4,72,19.3,70.0
468974,2026-05-18,03,31,21.4,73,19.2,70.0
468975,2026-05-18,03,32,21.4,73,19.2,70.0
468976,2026-05-18,03,33,21.4,73,19.2,70.0
468977,2026-05-18,03,34,21.4,73,19.2,70.0
468978,2026-05-18,03,35,21.4,73,19.2,70.0
468979,2026-05-18,03,36,21.4,73,19.2,70.0
468980,2026-05-18,03,37,21.4,73,19.2,70.0
468981,2026-05-18,03,38,21.4,73,19.2,70.0
468982,2026-05-18,03,39,21.4,73,19.2,70.0
468983,2026-05-18,03,40,21.4,73,19.2,70.0
468984,2026-05-18,03,41,21.4,73,19.2,70.0
468985,2026-05-18,03,42,21.4,73,19.2,70.0
468986,2026-05-18,03,43,21.4,73,19.2,70.0
468987,2026-05-18,13,53,24.2,73,27.0,52.0
468988,2026-05-18,13,54,24.1,71,27.0,52.0
468989,2026-05-18,13,55,23.8,71,27.0,52.0
468990,2026-05-18,13,56,23.8,71,27.0,52.0
468991,2026-05-18,13,57,23.8,71,27.0,52.0
468992,2026-05-18,13,58,23.8,72,26.9,52.0
468993,2026-05-18,13,59,23.8,72,27.0,51.0
468994,2026-05-18,14,00,23.8,72,27.0,51.0
468995,2026-05-18,14,01,23.8,72,27.0,51.0
468996,2026-05-18,14,02,23.8,72,27.0,51.0
468997,2026-05-18,14,03,23.8,72,27.0,51.0
468998,2026-05-18,14,04,23.8,72,27.0,51.0
468999,2026-05-18,14,05,23.8,72,27.0,51.0
469000,2026-05-18,14,06,23.8,72,27.0,51.0
469001,2026-05-18,14,07,23.8,72,27.0,51.0
469002,2026-05-18,14,08,23.8,71,27.0,51.0
469003,2026-05-18,14,09,23.8,71,27.0,51.0
469004,2026-05-18,14,10,23.8,71,26.9,51.0
469005,2026-05-18,14,11,23.8,71,26.9,51.0
469006,2026-05-18,14,12,23.8,71,26.9,51.0
469007,2026-05-18,14,13,23.8,71,26.8,51.0
469008,2026-05-18,14,14,23.8,71,26.8,51.0
469009,2026-05-18,14,15,23.8,71,26.7,52.0
469010,2026-05-18,14,16,23.8,71,26.7,52.0
469011,2026-05-18,14,17,23.8,71,26.7,52.0
469012,2026-05-18,14,18,23.8,71,26.7,52.0
469013,2026-05-18,14,19,23.8,71,26.7,52.0
469014,2026-05-18,14,20,23.8,70,26.7,52.0
469015,2026-05-18,14,21,23.8,70,26.7,52.0
469016,2026-05-18,14,22,23.8,70,26.6,52.0
469017,2026-05-18,14,23,23.8,70,26.6,52.0
469018,2026-05-18,14,24,23.8,70,26.6,52.0
469019,2026-05-18,14,25,23.8,70,26.5,52.0
469020,2026-05-18,14,26,23.8,69,26.5,53.0
469021,2026-05-18,14,27,23.8,69,26.4,53.0
469022,2026-05-18,14,28,23.8,69,26.3,53.0
469023,2026-05-18,14,29,23.8,70,26.3,53.0
469024,2026-05-18,14,30,23.8,70,26.3,53.0
469025,2026-05-18,14,31,23.8,70,26.2,53.0
469026,2026-05-18,14,32,23.8,70,26.2,53.0
469027,2026-05-18,14,33,23.8,70,26.2,53.0
469028,2026-05-18,14,34,23.8,70,26.2,53.0
469029,2026-05-18,14,35,23.8,70,26.2,53.0
469030,2026-05-18,14,36,23.8,70,26.2,54.0
469031,2026-05-18,14,37,23.8,70,26.2,54.0
469032,2026-05-18,14,38,23.8,70,26.2,54.0
469033,2026-05-18,14,39,23.8,70,26.1,54.0
469034,2026-05-18,14,40,23.8,70,26.1,54.0
469035,2026-05-18,14,41,23.8,70,26.1,54.0
469036,2026-05-18,14,42,23.8,70,26.1,54.0
469037,2026-05-18,14,43,23.8,70,26.0,54.0
469038,2026-05-18,14,44,23.8,70,26.0,54.0
469039,2026-05-18,14,45,23.8,70,25.9,54.0
469040,2026-05-18,14,46,23.8,70,25.9,54.0
469041,2026-05-18,14,47,23.9,70,25.9,54.0
469042,2026-05-18,14,48,24.0,70,25.9,54.0
469043,2026-05-18,14,49,24.1,70,25.8,54.0
469044,2026-05-18,14,50,24.1,70,25.8,54.0
469045,2026-05-18,14,51,24.1,70,25.8,53.0
469046,2026-05-18,14,52,24.1,70,25.7,52.0
469047,2026-05-18,14,53,24.1,70,25.7,52.0
469048,2026-05-18,14,55,24.1,70,25.7,52.0
469049,2026-05-18,14,56,24.1,70,25.7,52.0
469050,2026-05-18,14,57,24.1,70,25.7,52.0
469051,2026-05-18,14,58,24.1,70,25.7,52.0
469052,2026-05-18,14,59,24.1,70,25.7,53.0
469053,2026-05-18,15,00,24.1,70,25.7,53.0
469054,2026-05-18,15,01,24.1,70,25.7,53.0
469055,2026-05-18,15,02,24.1,70,25.7,53.0
469056,2026-05-18,15,03,24.1,70,25.7,53.0
469057,2026-05-18,15,04,24.1,70,25.7,53.0
469058,2026-05-18,15,05,24.1,70,25.7,53.0
469059,2026-05-18,15,06,24.1,70,25.7,53.0
469060,2026-05-18,15,07,24.1,70,25.7,53.0
469061,2026-05-18,15,08,24.1,70,25.7,53.0
469062,2026-05-18,15,09,24.1,70,25.7,53.0
469063,2026-05-18,15,10,24.1,70,25.7,53.0
469064,2026-05-18,15,11,24.1,69,25.7,53.0
469065,2026-05-18,15,12,24.1,69,25.8,52.0
469066,2026-05-18,15,13,24.1,69,25.8,52.0
469067,2026-05-18,15,14,24.1,69,25.8,52.0
469068,2026-05-18,15,15,24.1,69,25.9,52.0
469069,2026-05-18,15,16,24.1,69,25.9,51.0
469070,2026-05-18,15,17,24.1,69,25.9,51.0
469071,2026-05-18,15,18,24.1,69,25.9,51.0
469072,2026-05-18,15,19,24.1,69,25.9,51.0
469073,2026-05-18,15,20,24.1,69,25.9,51.0
469074,2026-05-18,15,21,24.1,69,26.0,51.0
469075,2026-05-18,15,22,24.1,69,26.0,50.0
469076,2026-05-18,15,23,24.1,69,25.9,50.0
469077,2026-05-18,15,24,24.1,69,25.9,51.0
469078,2026-05-18,15,25,24.1,69,26.0,51.0
469079,2026-05-18,15,26,24.1,69,26.0,51.0
469080,2026-05-18,15,27,24.1,69,26.0,52.0
469081,2026-05-18,15,48,24.8,66,26.1,52.0
469082,2026-05-18,15,49,24.5,66,26.2,52.0
469083,2026-05-18,15,50,24.5,66,26.2,52.0
469084,2026-05-18,15,51,24.5,67,26.2,51.0
469085,2026-05-18,15,52,24.5,67,26.3,51.0
469086,2026-05-18,15,53,24.3,67,26.3,52.0
469087,2026-05-18,15,54,24.2,67,26.3,51.0
469088,2026-05-18,15,55,24.2,67,26.3,51.0
469089,2026-05-18,15,56,24.2,67,26.3,51.0
469090,2026-05-18,15,57,24.1,68,26.3,51.0
469091,2026-05-18,15,58,24.1,68,26.3,51.0
469092,2026-05-18,15,59,24.1,68,26.3,51.0
469093,2026-05-18,16,00,24.1,68,26.3,52.0
469094,2026-05-18,16,01,24.1,67,26.2,51.0
469095,2026-05-18,16,02,24.2,68,26.2,51.0
469096,2026-05-18,16,03,24.2,68,26.2,51.0
469097,2026-05-18,16,05,24.1,68,26.2,51.0
469098,2026-05-18,16,06,24.2,68,26.1,51.0
469099,2026-05-18,16,07,24.2,68,26.1,51.0
469100,2026-05-18,16,08,24.2,68,26.1,51.0
469101,2026-05-18,16,09,24.2,68,26.1,51.0
469102,2026-05-18,16,10,24.2,68,26.0,51.0
469103,2026-05-18,16,11,24.2,68,26.0,51.0
469104,2026-05-18,16,12,24.2,68,25.9,51.0
469105,2026-05-18,16,13,24.2,68,25.9,51.0
469106,2026-05-18,16,14,24.2,68,25.9,52.0
469107,2026-05-18,16,15,24.2,68,25.9,52.0
469108,2026-05-18,16,16,24.2,68,25.9,52.0
469109,2026-05-18,16,17,24.2,68,25.9,52.0
469110,2026-05-18,16,18,24.2,68,25.9,52.0
469111,2026-05-18,16,19,24.2,68,25.8,52.0
469112,2026-05-18,16,20,24.2,68,25.8,52.0
469113,2026-05-18,16,21,24.2,68,25.8,52.0
469114,2026-05-18,16,22,24.2,68,25.8,52.0
469115,2026-05-18,16,23,24.2,68,25.8,53.0
469116,2026-05-18,16,24,24.2,68,25.7,52.0
469117,2026-05-18,16,25,24.2,68,25.7,53.0
469118,2026-05-18,16,26,24.2,68,25.7,53.0
469119,2026-05-18,16,27,24.2,68,25.7,53.0
469120,2026-05-18,16,28,24.2,68,25.6,53.0
469121,2026-05-18,16,29,24.2,68,25.6,53.0
469122,2026-05-18,16,30,24.2,68,25.6,53.0
469123,2026-05-18,16,31,24.2,68,25.6,53.0
469124,2026-05-18,16,32,24.2,68,25.6,53.0
469125,2026-05-18,16,33,24.3,68,25.6,53.0
469126,2026-05-18,16,34,24.2,68,25.6,53.0
469127,2026-05-18,16,35,24.2,68,25.6,53.0
469128,2026-05-18,16,36,24.2,68,25.5,53.0
469129,2026-05-18,16,37,24.2,68,25.5,53.0
469130,2026-05-18,16,38,24.2,68,25.5,54.0
469131,2026-05-18,16,39,24.2,67,25.5,54.0
469132,2026-05-18,16,40,24.2,67,25.5,54.0
469133,2026-05-18,16,41,24.2,67,25.4,54.0
469134,2026-05-18,16,42,24.2,67,25.4,54.0
469135,2026-05-18,16,43,24.1,67,25.4,54.0
469136,2026-05-18,16,44,24.1,67,25.4,54.0
469137,2026-05-18,16,45,24.1,67,25.3,54.0
469138,2026-05-18,16,46,24.2,67,25.3,54.0
469139,2026-05-18,16,47,24.1,67,25.3,54.0
469140,2026-05-18,16,48,24.1,67,25.3,54.0
469141,2026-05-18,16,49,24.1,67,25.2,54.0
469142,2026-05-18,16,50,24.1,67,25.2,54.0
469143,2026-05-18,16,51,24.1,67,25.2,54.0
469144,2026-05-18,16,52,24.2,67,25.1,54.0
469145,2026-05-18,16,53,24.2,67,25.1,55.0
469146,2026-05-18,16,54,24.1,67,25.1,54.0
469147,2026-05-18,16,55,24.2,67,25.0,54.0
469148,2026-05-18,16,56,24.2,67,25.0,54.0
469149,2026-05-18,16,57,24.1,67,25.0,55.0
469150,2026-05-18,16,58,24.1,67,25.0,54.0
469151,2026-05-18,16,59,24.1,67,24.9,55.0
469152,2026-05-18,17,00,24.1,67,24.9,55.0
469153,2026-05-18,17,01,24.1,67,24.9,55.0
469154,2026-05-18,17,02,24.1,67,24.9,55.0
469155,2026-05-18,17,03,24.1,67,24.8,55.0
469156,2026-05-18,17,04,24.1,67,24.8,55.0
469157,2026-05-18,17,05,24.1,67,24.8,55.0
469158,2026-05-18,17,06,24.1,67,24.7,56.0
469159,2026-05-18,17,07,24.1,67,24.7,56.0
469160,2026-05-18,17,08,24.1,67,24.7,56.0
469161,2026-05-18,17,09,24.1,67,24.7,56.0
469162,2026-05-18,17,10,24.1,67,24.6,56.0
469163,2026-05-18,17,11,24.1,67,24.6,56.0
469164,2026-05-18,17,12,24.1,67,24.6,56.0
469165,2026-05-18,17,13,24.1,67,24.5,56.0
469166,2026-05-18,17,15,24.1,67,24.4,56.0
469167,2026-05-18,17,16,24.1,67,24.4,56.0
469168,2026-05-18,17,17,24.1,67,24.4,56.0
469169,2026-05-18,17,18,24.1,67,24.4,56.0
469170,2026-05-18,17,19,24.1,67,24.4,56.0
469171,2026-05-18,17,20,24.1,67,24.3,56.0
469172,2026-05-18,17,21,24.1,67,24.3,56.0
469173,2026-05-18,17,22,24.1,67,24.3,56.0
469174,2026-05-18,17,23,24.1,67,24.3,56.0
469175,2026-05-18,17,24,24.1,67,24.2,56.0
469176,2026-05-18,17,25,24.1,67,24.2,56.0
469177,2026-05-18,17,26,24.1,67,24.2,57.0
469178,2026-05-18,17,27,24.1,67,24.1,57.0
469179,2026-05-18,17,28,24.1,67,24.1,57.0
469180,2026-05-18,17,29,24.1,67,24.1,57.0
469181,2026-05-18,17,30,24.1,67,24.0,57.0
469182,2026-05-18,17,31,24.1,67,24.0,57.0
469183,2026-05-18,17,32,24.1,67,24.0,57.0
469184,2026-05-18,17,33,24.1,67,24.0,57.0
469185,2026-05-18,17,34,24.1,67,24.0,57.0
469186,2026-05-18,17,35,24.1,67,23.9,58.0
469187,2026-05-18,17,36,24.1,67,23.9,58.0
469188,2026-05-18,17,37,24.1,67,23.9,58.0
469189,2026-05-18,17,38,24.1,67,23.9,58.0
469190,2026-05-18,17,39,24.1,67,23.8,58.0
469191,2026-05-18,17,40,24.1,67,23.8,58.0
469192,2026-05-18,17,41,24.1,67,23.8,58.0
469193,2026-05-18,17,42,24.1,68,23.7,58.0
469194,2026-05-18,17,43,24.1,68,23.7,58.0
469195,2026-05-18,17,44,24.1,68,23.7,58.0
469196,2026-05-18,17,45,24.1,68,23.7,58.0
469197,2026-05-18,17,46,24.1,68,23.6,58.0
469198,2026-05-18,17,47,24.1,69,23.6,58.0
469199,2026-05-18,17,48,24.1,69,23.6,58.0
469200,2026-05-18,17,49,24.1,69,23.6,59.0
469201,2026-05-18,17,50,24.1,69,23.5,59.0
469202,2026-05-18,17,51,24.1,69,23.5,59.0
469203,2026-05-18,17,52,24.1,69,23.5,59.0
469204,2026-05-18,17,53,24.1,69,23.5,59.0
469205,2026-05-18,17,54,24.1,68,23.5,59.0
469206,2026-05-18,17,55,24.1,68,23.4,59.0
469207,2026-05-18,17,56,24.1,68,23.4,59.0
469208,2026-05-18,17,57,24.1,68,23.4,59.0
469209,2026-05-18,17,58,24.1,68,23.4,59.0
469210,2026-05-18,17,59,24.1,68,23.4,59.0
469211,2026-05-18,18,00,24.1,68,23.4,59.0
469212,2026-05-18,18,01,24.1,68,23.3,59.0
469213,2026-05-18,18,02,24.1,68,23.3,59.0
469214,2026-05-18,18,03,24.1,68,23.3,59.0
469215,2026-05-18,18,04,24.1,69,23.3,59.0
469216,2026-05-18,18,05,24.1,69,23.3,59.0
469217,2026-05-18,18,06,24.1,69,23.2,59.0
469218,2026-05-18,18,07,24.1,69,23.2,59.0
469219,2026-05-18,18,08,24.1,69,23.2,59.0
469220,2026-05-18,18,09,24.1,69,23.2,59.0
469221,2026-05-18,18,10,24.1,69,23.2,59.0
469222,2026-05-18,18,11,24.1,69,23.1,59.0
469223,2026-05-18,18,12,24.1,69,23.1,59.0
469224,2026-05-18,18,13,24.1,69,23.1,60.0
469225,2026-05-18,18,14,24.1,69,23.1,60.0
469226,2026-05-18,18,15,24.1,69,23.1,60.0
469227,2026-05-18,18,16,24.1,69,23.0,60.0
469228,2026-05-18,18,17,24.1,69,23.0,60.0
469229,2026-05-18,18,18,24.1,69,23.0,60.0
469230,2026-05-18,18,19,24.1,69,23.0,60.0
469231,2026-05-18,18,20,24.1,69,23.0,60.0
469232,2026-05-18,18,21,24.1,69,23.0,60.0
469233,2026-05-18,18,22,24.1,69,23.0,60.0
469234,2026-05-18,18,23,24.1,69,22.9,60.0
469235,2026-05-18,18,25,24.1,69,22.9,60.0
469236,2026-05-18,18,26,24.1,69,22.9,60.0
469237,2026-05-18,18,27,24.1,69,22.8,60.0
469238,2026-05-18,18,28,24.1,69,22.8,60.0
469239,2026-05-18,18,29,24.1,69,22.8,60.0
469240,2026-05-18,18,30,24.1,69,22.8,60.0
469241,2026-05-18,18,31,24.1,70,22.8,61.0
469242,2026-05-18,18,32,24.1,70,22.8,61.0
469243,2026-05-18,18,33,24.1,70,22.8,61.0
469244,2026-05-18,18,34,24.1,70,22.8,61.0
469245,2026-05-18,18,35,24.1,70,22.8,61.0
469246,2026-05-18,18,37,24.1,70,22.7,61.0
469247,2026-05-18,18,39,24.1,70,22.7,61.0
469248,2026-05-18,18,39,24.1,70,22.7,61.0
469249,2026-05-18,18,41,24.1,70,22.7,61.0
469250,2026-05-18,18,42,24.1,70,22.7,61.0
469251,2026-05-18,18,43,24.1,70,22.7,61.0
469252,2026-05-18,18,43,24.1,70,22.7,61.0
469253,2026-05-18,18,45,24.1,70,22.7,61.0
469254,2026-05-18,18,46,24.1,70,22.6,61.0
469255,2026-05-18,18,47,24.1,70,22.6,61.0
469256,2026-05-18,18,48,24.1,70,22.6,61.0
469257,2026-05-18,18,49,24.1,69,22.6,61.0
469258,2026-05-18,18,50,24.1,69,22.6,61.0
469259,2026-05-18,18,51,24.1,69,22.6,61.0
469260,2026-05-18,18,52,24.1,69,22.6,61.0
469261,2026-05-18,18,52,24.1,69,22.6,61.0
469262,2026-05-18,18,54,24.1,69,22.6,61.0
469263,2026-05-18,18,55,24.1,69,22.6,61.0
469264,2026-05-18,18,56,24.1,70,22.6,61.0
469265,2026-05-18,18,57,24.1,70,22.6,61.0
469266,2026-05-18,18,58,24.1,69,22.6,61.0
469267,2026-05-18,18,59,24.1,69,22.6,61.0
469268,2026-05-18,19,00,24.1,69,22.6,62.0
469269,2026-05-18,19,02,24.1,69,22.6,62.0
469270,2026-05-18,19,03,24.1,69,22.6,62.0
469271,2026-05-18,19,04,24.1,69,22.6,61.0
469272,2026-05-18,19,05,24.1,69,22.6,61.0
469273,2026-05-18,19,06,24.1,69,22.6,61.0
469274,2026-05-18,19,07,24.1,69,22.6,61.0
469275,2026-05-18,19,08,24.1,69,22.6,61.0
469276,2026-05-18,19,10,24.1,70,22.5,61.0
469277,2026-05-18,19,15,24.1,70,22.5,62.0
469278,2026-05-18,19,16,24.1,70,22.5,62.0
469279,2026-05-18,19,17,24.1,70,22.5,62.0
469280,2026-05-18,19,18,24.1,70,22.5,62.0
469281,2026-05-18,19,19,24.0,70,22.5,62.0
469282,2026-05-18,19,21,23.8,69,22.5,62.0
469283,2026-05-18,19,25,23.8,69,22.4,63.0
469284,2026-05-18,19,26,23.8,69,22.4,63.0
469285,2026-05-18,19,27,23.8,69,22.4,63.0
469286,2026-05-18,19,28,23.8,69,22.4,63.0
469287,2026-05-18,19,29,23.8,69,22.4,63.0
469288,2026-05-18,19,30,23.8,69,22.4,63.0
469289,2026-05-18,19,31,23.8,69,22.4,63.0
469290,2026-05-18,19,32,23.8,69,22.4,63.0
469291,2026-05-18,19,33,23.8,69,22.4,63.0
469292,2026-05-18,19,36,23.8,69,22.3,63.0
469293,2026-05-18,19,37,23.8,69,22.3,63.0
469294,2026-05-18,19,38,23.8,69,22.3,63.0
469295,2026-05-18,19,39,23.8,69,22.3,63.0
469296,2026-05-18,19,40,23.8,69,22.3,63.0
469297,2026-05-18,19,41,23.8,69,22.3,63.0
469298,2026-05-18,19,42,23.8,69,22.3,63.0
469299,2026-05-18,19,47,23.8,69,22.3,64.0
469300,2026-05-18,19,48,23.8,69,22.3,64.0
469301,2026-05-18,19,51,23.8,69,22.3,64.0
469302,2026-05-18,19,54,23.8,69,22.2,64.0
469303,2026-05-18,19,55,23.8,69,22.2,64.0
469304,2026-05-18,19,58,23.8,69,22.2,64.0
469305,2026-05-18,19,59,23.8,69,22.2,64.0
469306,2026-05-18,20,00,23.8,69,22.2,64.0
469307,2026-05-18,20,01,23.8,69,22.2,64.0
469308,2026-05-18,20,02,23.8,69,22.2,64.0
469309,2026-05-18,20,05,23.8,69,22.1,64.0
469310,2026-05-18,20,06,23.8,69,22.1,64.0
469311,2026-05-18,20,07,23.8,69,22.1,64.0
469312,2026-05-18,20,08,23.8,69,22.1,64.0
469313,2026-05-18,20,09,23.8,69,22.1,65.0
469314,2026-05-18,20,10,23.8,69,22.1,65.0
469315,2026-05-18,20,11,23.8,70,22.1,65.0
469316,2026-05-18,20,12,23.8,70,22.1,65.0
469317,2026-05-18,20,13,23.8,70,22.0,65.0
469318,2026-05-18,20,14,23.8,70,22.0,65.0
469319,2026-05-18,20,15,23.8,70,22.0,65.0
469320,2026-05-18,20,16,23.8,70,22.0,65.0
469321,2026-05-18,20,17,23.8,70,22.0,65.0
469322,2026-05-18,20,18,23.8,70,22.0,65.0
469323,2026-05-18,20,19,23.8,70,22.0,65.0
469324,2026-05-18,20,20,23.8,70,22.0,65.0
469325,2026-05-18,20,21,23.8,70,22.0,65.0
469326,2026-05-18,20,22,23.8,70,22.0,65.0
469327,2026-05-18,20,23,23.8,70,22.0,65.0
469328,2026-05-18,20,24,23.8,70,22.0,65.0
469329,2026-05-18,20,25,23.8,70,22.0,65.0
469330,2026-05-18,20,26,23.8,70,22.0,65.0
469331,2026-05-18,20,31,23.8,70,21.9,65.0
469332,2026-05-18,20,32,23.8,70,21.9,65.0
469333,2026-05-18,20,33,23.8,70,21.9,65.0
469334,2026-05-18,20,34,23.8,70,21.9,65.0
469335,2026-05-18,20,35,23.8,70,21.9,65.0
469336,2026-05-18,20,36,23.8,70,21.9,65.0
469337,2026-05-18,20,37,23.8,70,21.9,65.0
469338,2026-05-18,20,38,23.8,70,21.9,65.0
469339,2026-05-18,20,39,23.8,70,21.9,65.0
469340,2026-05-18,20,40,23.8,70,21.8,65.0
469341,2026-05-18,20,41,23.8,70,21.8,65.0
469342,2026-05-18,20,42,23.8,70,21.8,65.0
469343,2026-05-18,20,43,23.8,70,21.8,65.0
469344,2026-05-18,20,45,23.8,70,21.8,65.0
469345,2026-05-18,20,46,23.8,70,21.8,65.0
469346,2026-05-18,20,47,23.8,70,21.8,65.0
469347,2026-05-18,20,48,23.8,70,21.8,65.0
469348,2026-05-18,20,49,23.8,70,21.8,65.0
469349,2026-05-18,20,50,23.8,70,21.8,65.0
469350,2026-05-18,20,51,23.8,70,21.8,65.0
469351,2026-05-18,20,52,23.8,70,21.7,65.0
469352,2026-05-18,20,53,23.8,70,21.8,65.0
469353,2026-05-18,20,54,23.8,70,21.7,65.0
469354,2026-05-18,20,55,23.8,70,21.7,65.0
469355,2026-05-18,20,56,23.8,70,21.7,65.0
469356,2026-05-18,20,57,23.8,70,21.7,65.0
469357,2026-05-18,20,58,23.8,70,21.7,65.0
469358,2026-05-18,20,59,23.8,70,21.7,65.0
469359,2026-05-18,21,00,23.8,70,21.7,65.0
469360,2026-05-18,21,01,23.8,70,21.7,65.0
469361,2026-05-18,21,02,23.8,70,21.6,65.0
469362,2026-05-18,21,03,23.8,70,21.6,65.0
469363,2026-05-18,21,04,23.8,70,21.6,65.0
469364,2026-05-18,21,05,23.8,70,21.6,65.0
469365,2026-05-18,21,06,23.8,70,21.6,65.0
469366,2026-05-18,21,07,23.8,70,21.6,65.0
469367,2026-05-18,21,08,23.7,70,21.6,65.0
469368,2026-05-18,21,09,23.5,70,21.6,65.0
469369,2026-05-18,21,10,23.4,70,21.6,65.0
469370,2026-05-18,21,11,23.4,70,21.5,65.0
469371,2026-05-18,21,12,23.4,70,21.5,65.0
469372,2026-05-18,21,13,23.4,70,21.5,65.0
469373,2026-05-18,21,15,23.4,70,21.5,65.0
469374,2026-05-18,21,16,23.4,70,21.5,65.0
469375,2026-05-18,21,18,23.4,70,21.5,65.0
469376,2026-05-18,21,19,23.4,70,21.5,65.0
469377,2026-05-18,21,20,23.4,70,21.5,65.0
469378,2026-05-18,21,21,23.4,70,21.5,65.0
469379,2026-05-18,21,22,23.4,70,21.5,65.0
469380,2026-05-18,21,25,23.4,70,21.5,65.0
469381,2026-05-18,21,26,23.4,70,21.5,65.0
469382,2026-05-18,21,27,23.4,70,21.5,65.0
469383,2026-05-18,21,28,23.4,70,21.4,65.0
469384,2026-05-18,21,29,23.4,70,21.4,65.0
469385,2026-05-18,21,30,23.4,70,21.4,66.0
469386,2026-05-18,21,31,23.4,70,21.4,65.0
469387,2026-05-18,21,32,23.4,70,21.4,65.0
469388,2026-05-18,21,34,23.4,70,21.4,65.0
469389,2026-05-18,21,36,23.4,70,21.4,66.0
469390,2026-05-18,21,37,23.4,70,21.4,65.0
469391,2026-05-18,21,38,23.4,70,21.4,65.0
469392,2026-05-18,21,39,23.4,70,21.4,66.0
469393,2026-05-18,21,40,23.4,70,21.4,66.0
469394,2026-05-18,21,41,23.4,70,21.4,66.0
469395,2026-05-18,21,42,23.4,70,21.4,66.0
469396,2026-05-18,21,43,23.4,70,21.4,66.0
469397,2026-05-18,21,44,23.4,70,21.4,66.0
469398,2026-05-18,21,45,23.4,70,21.4,66.0
469399,2026-05-18,21,46,23.4,70,21.3,66.0
469400,2026-05-18,21,47,23.4,70,21.3,66.0
469401,2026-05-18,21,48,23.4,70,21.3,66.0
469402,2026-05-18,21,49,23.4,70,21.3,66.0
469403,2026-05-18,21,50,23.4,70,21.3,66.0
469404,2026-05-18,21,51,23.4,70,21.3,66.0
469405,2026-05-18,21,52,23.4,70,21.3,66.0
469406,2026-05-18,21,53,23.4,70,21.3,66.0
469407,2026-05-18,21,54,23.4,70,21.3,66.0
469408,2026-05-18,21,55,23.4,70,21.3,66.0
469409,2026-05-18,21,56,23.4,70,21.3,66.0
469410,2026-05-18,21,57,23.4,70,21.3,66.0
469411,2026-05-18,21,58,23.4,70,21.3,66.0
469412,2026-05-18,21,59,23.4,70,21.3,66.0
469413,2026-05-18,22,00,23.4,70,21.3,66.0
469414,2026-05-18,22,01,23.4,70,21.3,66.0
469415,2026-05-18,22,02,23.4,70,21.3,66.0
469416,2026-05-18,22,03,23.4,70,21.3,66.0
469417,2026-05-18,22,04,23.4,70,21.3,66.0
469418,2026-05-18,22,05,23.4,70,21.3,66.0
469419,2026-05-18,22,06,23.4,70,21.3,66.0
469420,2026-05-18,22,07,23.4,70,21.2,66.0
469421,2026-05-18,22,08,23.4,70,21.2,66.0
469422,2026-05-18,22,09,23.4,70,21.2,66.0
469423,2026-05-18,22,10,23.4,70,21.2,66.0
469424,2026-05-18,22,11,23.4,70,21.2,66.0
469425,2026-05-18,22,12,23.4,70,21.2,66.0
469426,2026-05-18,22,13,23.4,70,21.2,66.0
469427,2026-05-18,22,14,23.4,70,21.2,66.0
469428,2026-05-18,22,15,23.4,70,21.2,66.0
469429,2026-05-18,22,16,23.4,70,21.2,66.0
469430,2026-05-18,22,17,23.4,70,21.2,66.0
469431,2026-05-18,22,18,23.4,70,21.2,66.0
469432,2026-05-18,22,19,23.4,70,21.2,66.0
469433,2026-05-18,22,20,23.4,70,21.2,66.0
469434,2026-05-18,22,21,23.4,70,21.2,66.0
469435,2026-05-18,22,22,23.4,70,21.2,66.0
469436,2026-05-18,22,23,23.4,70,21.2,66.0
469437,2026-05-18,22,24,23.4,70,21.2,66.0
469438,2026-05-18,22,25,23.4,70,21.2,66.0
469439,2026-05-18,22,26,23.4,70,21.1,66.0
469440,2026-05-18,22,27,23.4,70,21.1,66.0
469441,2026-05-18,22,28,23.4,70,21.1,66.0
469442,2026-05-18,22,29,23.2,70,21.1,66.0
469443,2026-05-18,22,30,23.1,70,21.1,66.0
469444,2026-05-18,22,31,23.0,70,21.1,66.0
469445,2026-05-18,22,32,23.0,70,21.1,66.0
469446,2026-05-18,22,33,23.0,70,21.1,66.0
469447,2026-05-18,22,34,23.0,70,21.1,66.0
469448,2026-05-18,22,35,23.0,70,21.1,66.0
469449,2026-05-18,22,36,23.0,70,21.1,66.0
469450,2026-05-18,22,37,23.0,70,21.1,66.0
469451,2026-05-18,22,38,23.0,70,21.1,66.0
469452,2026-05-18,22,39,23.0,70,21.1,66.0
469453,2026-05-18,22,40,23.0,70,21.1,66.0
469454,2026-05-18,22,41,23.0,70,21.1,66.0
469455,2026-05-18,22,42,23.0,70,21.1,66.0
469456,2026-05-18,22,43,23.0,70,21.1,66.0
469457,2026-05-18,22,44,23.0,70,21.1,66.0
469458,2026-05-18,22,45,23.0,70,21.1,66.0
469459,2026-05-18,22,46,23.0,70,21.1,66.0
469460,2026-05-18,22,47,23.0,70,21.0,66.0
469461,2026-05-18,22,48,23.0,70,21.0,66.0
469462,2026-05-18,22,49,23.0,70,21.0,66.0
469463,2026-05-18,22,50,23.0,70,21.0,66.0
469464,2026-05-18,22,51,23.0,70,21.0,66.0
469465,2026-05-18,22,52,23.0,70,21.0,66.0
469466,2026-05-18,22,53,23.0,70,21.0,66.0
469467,2026-05-18,22,54,23.0,70,21.0,66.0
469468,2026-05-18,22,55,23.0,70,21.0,66.0
469469,2026-05-18,22,56,23.0,70,21.0,66.0
469470,2026-05-18,22,57,23.0,70,21.0,66.0
469471,2026-05-18,22,58,23.0,70,21.0,66.0
469472,2026-05-18,22,59,23.0,70,21.0,66.0
469473,2026-05-18,23,00,23.0,70,21.0,66.0
469474,2026-05-18,23,01,23.0,70,21.0,66.0
469475,2026-05-18,23,02,23.0,70,21.0,66.0
469476,2026-05-18,23,03,23.0,70,21.0,66.0
469477,2026-05-18,23,04,23.0,70,21.0,66.0
469478,2026-05-18,23,05,23.0,70,21.0,66.0
469479,2026-05-18,23,06,23.0,70,21.0,66.0
469480,2026-05-18,23,07,23.0,69,21.0,66.0
469481,2026-05-18,23,08,23.0,69,21.0,66.0
469482,2026-05-18,23,09,23.0,69,21.0,66.0
469483,2026-05-18,23,10,23.0,69,21.0,66.0
469484,2026-05-18,23,11,23.0,69,21.0,66.0
469485,2026-05-18,23,12,23.0,69,21.0,66.0
469486,2026-05-18,23,13,23.0,69,21.0,66.0
469487,2026-05-18,23,14,23.0,69,21.0,66.0
469488,2026-05-18,23,15,23.0,69,21.0,66.0
469489,2026-05-18,23,16,23.0,69,20.9,66.0
469490,2026-05-18,23,20,23.0,69,20.9,66.0
469491,2026-05-18,23,21,23.0,69,20.9,66.0
469492,2026-05-18,23,22,23.0,69,20.9,66.0
469493,2026-05-18,23,23,23.0,69,20.9,66.0
469494,2026-05-18,23,24,23.0,69,20.9,66.0
469495,2026-05-18,23,25,23.0,70,20.9,66.0
469496,2026-05-18,23,26,23.0,70,20.9,66.0
469497,2026-05-18,23,27,23.0,70,20.8,66.0
469498,2026-05-18,23,28,23.0,70,20.8,67.0
469499,2026-05-18,23,29,23.0,70,20.8,67.0
469500,2026-05-18,23,30,23.0,70,20.8,67.0
469501,2026-05-18,23,31,23.0,70,20.8,67.0
469502,2026-05-18,23,32,23.0,70,20.8,67.0
469503,2026-05-18,23,33,23.0,70,20.8,67.0
469504,2026-05-18,23,34,23.0,70,20.8,67.0
469505,2026-05-18,23,35,23.0,70,20.8,67.0
469506,2026-05-18,23,36,23.0,70,20.8,67.0
469507,2026-05-18,23,37,23.0,70,20.8,67.0
469508,2026-05-18,23,38,23.0,70,20.7,67.0
469509,2026-05-18,23,39,23.0,70,20.7,67.0
469510,2026-05-18,23,40,23.0,70,20.7,67.0
469511,2026-05-18,23,41,23.0,70,20.7,67.0
469512,2026-05-18,23,42,23.0,70,20.7,67.0
469513,2026-05-18,23,43,23.0,70,20.7,67.0
469514,2026-05-18,23,44,23.0,70,20.7,67.0
469515,2026-05-18,23,45,23.0,70,20.7,67.0
469516,2026-05-18,23,46,23.0,70,20.7,67.0
469517,2026-05-18,23,47,23.0,70,20.7,67.0
469518,2026-05-18,23,48,23.0,70,20.7,67.0
469519,2026-05-18,23,49,23.0,70,20.7,67.0
469520,2026-05-18,23,50,23.0,70,20.6,67.0
469521,2026-05-18,23,51,23.0,70,20.6,67.0
469522,2026-05-18,23,52,23.0,70,20.6,67.0
469523,2026-05-18,23,53,23.0,70,20.6,67.0
469524,2026-05-18,23,54,23.0,70,20.6,67.0
469525,2026-05-18,23,55,23.0,70,20.6,67.0
469526,2026-05-18,23,56,23.0,70,20.6,67.0
469527,2026-05-18,23,57,23.0,70,20.6,67.0
469528,2026-05-18,23,58,22.9,70,20.5,67.0
469529,2026-05-18,23,59,22.7,70,20.5,67.0
469530,2026-05-19,00,00,22.7,70,20.5,67.0
469531,2026-05-19,00,01,22.7,71,20.5,67.0
469532,2026-05-19,00,02,22.7,71,20.5,68.0
469533,2026-05-19,00,04,22.6,71,20.5,68.0
469534,2026-05-19,00,05,22.6,71,20.5,68.0
469535,2026-05-19,00,06,22.6,71,20.5,68.0
469536,2026-05-19,00,07,22.6,71,20.4,68.0
469537,2026-05-19,00,08,22.6,71,20.4,68.0
469538,2026-05-19,00,09,22.6,71,20.4,68.0
469539,2026-05-19,00,10,22.6,71,20.4,68.0
469540,2026-05-19,00,11,22.6,71,20.4,68.0
469541,2026-05-19,00,12,22.6,71,20.4,68.0
469542,2026-05-19,00,13,22.6,71,20.4,68.0
469543,2026-05-19,00,15,22.6,71,20.4,68.0
469544,2026-05-19,00,16,22.6,71,20.4,68.0
469545,2026-05-19,00,17,22.6,71,20.4,68.0
469546,2026-05-19,00,18,22.6,71,20.4,68.0
469547,2026-05-19,00,19,22.6,71,20.4,68.0
469548,2026-05-19,00,20,22.6,71,20.4,68.0
469549,2026-05-19,00,21,22.6,71,20.4,68.0
469550,2026-05-19,00,22,22.6,71,20.4,68.0
469551,2026-05-19,00,23,22.6,71,20.3,68.0
469552,2026-05-19,00,24,22.6,71,20.4,68.0
469553,2026-05-19,00,25,22.6,71,20.3,68.0
469554,2026-05-19,00,26,22.6,71,20.3,68.0
469555,2026-05-19,00,27,22.6,71,20.3,68.0
469556,2026-05-19,00,28,22.6,71,20.3,68.0
469557,2026-05-19,00,29,22.6,71,20.3,68.0
469558,2026-05-19,00,30,22.6,71,20.3,68.0
469559,2026-05-19,00,31,22.6,71,20.3,68.0
469560,2026-05-19,00,32,22.6,71,20.3,68.0
469561,2026-05-19,00,33,22.6,71,20.3,68.0
469562,2026-05-19,00,34,22.6,71,20.3,68.0
